Teams,FT Score,HT Score,Bookmaker,Home Odds,Handicap,Away Odds,Timestamp
国际米兰 vs 恩波利,3-1,0-0,澳*,0.9,1.5,0.96,20250120032429
国际米兰 vs 恩波利,3-1,0-0,澳*,1.02,1.5,0.84,20250120024021
国际米兰 vs 恩波利,3-1,0-0,澳*,1.04,1.5,0.82,20250119225442
国际米兰 vs 恩波利,3-1,0-0,澳*,0.92,1.5,0.94,20250119215840
国际米兰 vs 恩波利,3-1,0-0,澳*,1.06,1.75,0.8,20250119162254
国际米兰 vs 恩波利,3-1,0-0,澳*,0.96,1.75,0.9,20250119132354
国际米兰 vs 恩波利,3-1,0-0,澳*,0.89,1.75,0.97,20250118071528
国际米兰 vs 恩波利,3-1,0-0,澳*,0.88,1.75,0.98,20250113232454
国际米兰 vs 恩波利,3-1,0-0,Crow*,0.99,1.5,0.9,20250120034006
国际米兰 vs 恩波利,3-1,0-0,Crow*,0.98,1.5,0.91,20250120033933
国际米兰 vs 恩波利,3-1,0-0,Crow*,0.95,1.5,0.94,20250120033900
国际米兰 vs 恩波利,3-1,0-0,Crow*,0.94,1.5,0.95,20250120033828
国际米兰 vs 恩波利,3-1,0-0,Crow*,0.93,1.5,0.96,20250120033755
国际米兰 vs 恩波利,3-1,0-0,Crow*,0.92,1.5,0.97,20250120033648
国际米兰 vs 恩波利,3-1,0-0,Crow*,0.91,1.5,0.98,20250120032234
国际米兰 vs 恩波利,3-1,0-0,Crow*,0.92,1.5,0.97,20250120032201
国际米兰 vs 恩波利,3-1,0-0,Crow*,0.94,1.5,0.95,20250120032055
国际米兰 vs 恩波利,3-1,0-0,Crow*,0.96,1.5,0.93,20250120031558
国际米兰 vs 恩波利,3-1,0-0,Crow*,0.97,1.5,0.92,20250120031313
国际米兰 vs 恩波利,3-1,0-0,Crow*,0.98,1.5,0.91,20250120030456
国际米兰 vs 恩波利,3-1,0-0,Crow*,0.99,1.5,0.9,20250120030351
国际米兰 vs 恩波利,3-1,0-0,Crow*,1.0,1.5,0.89,20250120025744
国际米兰 vs 恩波利,3-1,0-0,Crow*,0.99,1.5,0.9,20250120025710
国际米兰 vs 恩波利,3-1,0-0,Crow*,1.01,1.5,0.88,20250120025635
国际米兰 vs 恩波利,3-1,0-0,Crow*,0.99,1.5,0.9,20250120025452
国际米兰 vs 恩波利,3-1,0-0,Crow*,0.98,1.5,0.91,20250120025204
国际米兰 vs 恩波利,3-1,0-0,Crow*,0.97,1.5,0.92,20250120025055
国际米兰 vs 恩波利,3-1,0-0,Crow*,1.02,1.5,0.87,20250120024912
国际米兰 vs 恩波利,3-1,0-0,Crow*,1.04,1.5,0.85,20250120024230
国际米兰 vs 恩波利,3-1,0-0,Crow*,1.05,1.5,0.84,20250120024154
国际米兰 vs 恩波利,3-1,0-0,Crow*,1.06,1.5,0.83,20250120024120
国际米兰 vs 恩波利,3-1,0-0,Crow*,1.04,1.5,0.85,20250120021605
国际米兰 vs 恩波利,3-1,0-0,Crow*,1.05,1.5,0.84,20250120014519
国际米兰 vs 恩波利,3-1,0-0,Crow*,1.06,1.5,0.83,20250120012904
国际米兰 vs 恩波利,3-1,0-0,Crow*,1.07,1.5,0.82,20250120011917
国际米兰 vs 恩波利,3-1,0-0,Crow*,1.08,1.5,0.81,20250120011839
国际米兰 vs 恩波利,3-1,0-0,Crow*,1.07,1.5,0.82,20250120011655
国际米兰 vs 恩波利,3-1,0-0,Crow*,1.06,1.5,0.83,20250120004654
国际米兰 vs 恩波利,3-1,0-0,Crow*,1.05,1.5,0.84,20250120003923
国际米兰 vs 恩波利,3-1,0-0,Crow*,1.04,1.5,0.85,20250120003846
国际米兰 vs 恩波利,3-1,0-0,Crow*,1.03,1.5,0.86,20250120001809
国际米兰 vs 恩波利,3-1,0-0,Crow*,1.04,1.5,0.85,20250120001234
国际米兰 vs 恩波利,3-1,0-0,Crow*,1.03,1.5,0.86,20250120000525
国际米兰 vs 恩波利,3-1,0-0,Crow*,1.04,1.5,0.85,20250120000448
国际米兰 vs 恩波利,3-1,0-0,Crow*,1.05,1.5,0.84,20250119225226
国际米兰 vs 恩波利,3-1,0-0,Crow*,1.02,1.5,0.87,20250119222347
国际米兰 vs 恩波利,3-1,0-0,Crow*,1.01,1.5,0.88,20250119222307
国际米兰 vs 恩波利,3-1,0-0,Crow*,0.99,1.5,0.9,20250119222146
国际米兰 vs 恩波利,3-1,0-0,Crow*,0.97,1.5,0.92,20250119221520
国际米兰 vs 恩波利,3-1,0-0,Crow*,0.96,1.5,0.93,20250119221359
国际米兰 vs 恩波利,3-1,0-0,Crow*,0.97,1.5,0.92,20250119221036
国际米兰 vs 恩波利,3-1,0-0,Crow*,0.98,1.5,0.91,20250119220954
国际米兰 vs 恩波利,3-1,0-0,Crow*,0.96,1.5,0.93,20250119220913
国际米兰 vs 恩波利,3-1,0-0,Crow*,0.97,1.5,0.92,20250119220835
国际米兰 vs 恩波利,3-1,0-0,Crow*,0.96,1.5,0.93,20250119220716
国际米兰 vs 恩波利,3-1,0-0,Crow*,0.94,1.5,0.95,20250119215227
国际米兰 vs 恩波利,3-1,0-0,Crow*,0.91,1.5,0.98,20250119214817
国际米兰 vs 恩波利,3-1,0-0,Crow*,0.9,1.5,0.99,20250119214448
国际米兰 vs 恩波利,3-1,0-0,Crow*,0.85,1.5,1.04,20250119212314
国际米兰 vs 恩波利,3-1,0-0,Crow*,0.86,1.5,1.03,20250119211007
国际米兰 vs 恩波利,3-1,0-0,Crow*,0.85,1.5,1.04,20250119210925
国际米兰 vs 恩波利,3-1,0-0,Crow*,0.88,1.5,1.01,20250119202535
国际米兰 vs 恩波利,3-1,0-0,Crow*,0.87,1.5,1.02,20250119202111
国际米兰 vs 恩波利,3-1,0-0,Crow*,0.9,1.5,0.99,20250119194346
国际米兰 vs 恩波利,3-1,0-0,Crow*,0.89,1.5,1.0,20250119194258
国际米兰 vs 恩波利,3-1,0-0,Crow*,0.9,1.5,0.99,20250119192833
国际米兰 vs 恩波利,3-1,0-0,Crow*,0.88,1.5,1.01,20250119192745
国际米兰 vs 恩波利,3-1,0-0,Crow*,1.12,1.75,0.78,20250119192659
国际米兰 vs 恩波利,3-1,0-0,Crow*,1.07,1.75,0.82,20250119184821
国际米兰 vs 恩波利,3-1,0-0,Crow*,1.06,1.75,0.83,20250119182423
国际米兰 vs 恩波利,3-1,0-0,Crow*,1.05,1.75,0.84,20250119181847
国际米兰 vs 恩波利,3-1,0-0,Crow*,1.04,1.75,0.85,20250119175100
国际米兰 vs 恩波利,3-1,0-0,Crow*,0.85,1.5,1.04,20250119175011
国际米兰 vs 恩波利,3-1,0-0,Crow*,1.06,1.75,0.83,20250119174924
国际米兰 vs 恩波利,3-1,0-0,Crow*,1.08,1.75,0.81,20250119165409
国际米兰 vs 恩波利,3-1,0-0,Crow*,1.07,1.75,0.82,20250119154022
国际米兰 vs 恩波利,3-1,0-0,Crow*,1.06,1.75,0.83,20250119151807
国际米兰 vs 恩波利,3-1,0-0,Crow*,1.04,1.75,0.85,20250119143657
国际米兰 vs 恩波利,3-1,0-0,Crow*,1.03,1.75,0.86,20250119141525
国际米兰 vs 恩波利,3-1,0-0,Crow*,1.02,1.75,0.87,20250119134821
国际米兰 vs 恩波利,3-1,0-0,Crow*,1.01,1.75,0.88,20250119133908
国际米兰 vs 恩波利,3-1,0-0,Crow*,1.0,1.75,0.89,20250119132646
国际米兰 vs 恩波利,3-1,0-0,Crow*,0.98,1.75,0.91,20250119132212
国际米兰 vs 恩波利,3-1,0-0,Crow*,0.97,1.75,0.92,20250119130259
国际米兰 vs 恩波利,3-1,0-0,Crow*,0.96,1.75,0.93,20250119130215
国际米兰 vs 恩波利,3-1,0-0,Crow*,0.95,1.75,0.94,20250119124235
国际米兰 vs 恩波利,3-1,0-0,Crow*,0.94,1.75,0.95,20250119122947
国际米兰 vs 恩波利,3-1,0-0,Crow*,0.93,1.75,0.96,20250119122308
国际米兰 vs 恩波利,3-1,0-0,Crow*,0.91,1.75,0.98,20250119104705
国际米兰 vs 恩波利,3-1,0-0,Crow*,0.9,1.75,0.99,20250119030245
国际米兰 vs 恩波利,3-1,0-0,Crow*,0.9,1.75,0.98,20250116065319
国际米兰 vs 恩波利,3-1,0-0,Crow*,0.89,1.75,0.99,20250113074548
国际米兰 vs 恩波利,3-1,0-0,Crow*,0.88,1.75,1.0,20250113032414
国际米兰 vs 恩波利,3-1,0-0,Crow*,0.89,1.75,0.99,20250113032315
国际米兰 vs 恩波利,3-1,0-0,Crow*,0.86,1.75,1.02,20250112001229
国际米兰 vs 恩波利,3-1,0-0,Crow*,0.83,1.75,1.05,20250107093224
国际米兰 vs 恩波利,3-1,0-0,36*,0.92,1.5,0.98,20250120032921
国际米兰 vs 恩波利,3-1,0-0,36*,0.93,1.5,1.0,20250120032609
国际米兰 vs 恩波利,3-1,0-0,36*,0.98,1.5,0.95,20250120031806
国际米兰 vs 恩波利,3-1,0-0,36*,1.01,1.5,0.92,20250120030834
国际米兰 vs 恩波利,3-1,0-0,36*,1.02,1.5,0.91,20250120030248
国际米兰 vs 恩波利,3-1,0-0,36*,1.01,1.5,0.92,20250120025845
国际米兰 vs 恩波利,3-1,0-0,36*,1.0,1.5,0.93,20250120025649
国际米兰 vs 恩波利,3-1,0-0,36*,1.05,1.5,0.88,20250120025246
国际米兰 vs 恩波利,3-1,0-0,36*,1.06,1.5,0.87,20250120025049
国际米兰 vs 恩波利,3-1,0-0,36*,1.07,1.5,0.86,20250120021828
国际米兰 vs 恩波利,3-1,0-0,36*,1.08,1.5,0.85,20250120014856
国际米兰 vs 恩波利,3-1,0-0,36*,0.85,1.25,1.08,20250120014207
国际米兰 vs 恩波利,3-1,0-0,36*,0.84,1.25,1.09,20250120014017
国际米兰 vs 恩波利,3-1,0-0,36*,0.85,1.25,1.08,20250120013741
国际米兰 vs 恩波利,3-1,0-0,36*,0.84,1.25,1.09,20250120013224
国际米兰 vs 恩波利,3-1,0-0,36*,0.85,1.25,1.08,20250120012720
国际米兰 vs 恩波利,3-1,0-0,36*,1.08,1.5,0.85,20250120012023
国际米兰 vs 恩波利,3-1,0-0,36*,0.85,1.25,1.08,20250120011810
国际米兰 vs 恩波利,3-1,0-0,36*,1.08,1.5,0.85,20250120005038
国际米兰 vs 恩波利,3-1,0-0,36*,1.07,1.5,0.86,20250120004135
国际米兰 vs 恩波利,3-1,0-0,36*,1.05,1.5,0.88,20250120000902
国际米兰 vs 恩波利,3-1,0-0,36*,1.06,1.5,0.87,20250119230736
国际米兰 vs 恩波利,3-1,0-0,36*,1.05,1.5,0.88,20250119223703
国际米兰 vs 恩波利,3-1,0-0,36*,1.06,1.5,0.87,20250119223127
国际米兰 vs 恩波利,3-1,0-0,36*,1.04,1.5,0.89,20250119222619
国际米兰 vs 恩波利,3-1,0-0,36*,1.03,1.5,0.9,20250119222406
国际米兰 vs 恩波利,3-1,0-0,36*,0.99,1.5,0.94,20250119221422
国际米兰 vs 恩波利,3-1,0-0,36*,0.97,1.5,0.96,20250119220951
国际米兰 vs 恩波利,3-1,0-0,36*,0.95,1.5,0.98,20250119215841
国际米兰 vs 恩波利,3-1,0-0,36*,0.94,1.5,0.99,20250119215619
国际米兰 vs 恩波利,3-1,0-0,36*,0.93,1.5,1.0,20250119215138
国际米兰 vs 恩波利,3-1,0-0,36*,0.92,1.5,1.01,20250119214758
国际米兰 vs 恩波利,3-1,0-0,36*,0.88,1.5,1.05,20250119211353
国际米兰 vs 恩波利,3-1,0-0,36*,0.89,1.5,1.04,20250119202238
国际米兰 vs 恩波利,3-1,0-0,36*,0.9,1.5,1.03,20250119194256
国际米兰 vs 恩波利,3-1,0-0,36*,0.91,1.5,1.02,20250119193326
国际米兰 vs 恩波利,3-1,0-0,36*,0.89,1.5,1.04,20250119193101
国际米兰 vs 恩波利,3-1,0-0,36*,0.88,1.5,1.05,20250119192841
国际米兰 vs 恩波利,3-1,0-0,36*,1.07,1.75,0.86,20250119184547
国际米兰 vs 恩波利,3-1,0-0,36*,1.06,1.75,0.87,20250119175445
国际米兰 vs 恩波利,3-1,0-0,36*,1.07,1.75,0.86,20250119175054
国际米兰 vs 恩波利,3-1,0-0,36*,0.85,1.5,1.08,20250119170306
国际米兰 vs 恩波利,3-1,0-0,36*,1.08,1.75,0.85,20250119151913
国际米兰 vs 恩波利,3-1,0-0,36*,1.05,1.75,0.88,20250119143708
国际米兰 vs 恩波利,3-1,0-0,36*,1.03,1.75,0.87,20250119135906
国际米兰 vs 恩波利,3-1,0-0,36*,1.02,1.75,0.88,20250119135243
国际米兰 vs 恩波利,3-1,0-0,36*,1.0,1.75,0.9,20250119133021
国际米兰 vs 恩波利,3-1,0-0,36*,0.97,1.75,0.93,20250119132458
国际米兰 vs 恩波利,3-1,0-0,36*,0.95,1.75,0.95,20250119123009
国际米兰 vs 恩波利,3-1,0-0,36*,0.93,1.75,0.97,20250119122357
国际米兰 vs 恩波利,3-1,0-0,36*,0.92,1.75,0.98,20250116221116
国际米兰 vs 恩波利,3-1,0-0,36*,0.88,1.75,1.02,20250116211913
国际米兰 vs 恩波利,3-1,0-0,36*,0.89,1.75,1.01,20250116202231
国际米兰 vs 恩波利,3-1,0-0,36*,0.9,1.75,1.0,20250116183331
国际米兰 vs 恩波利,3-1,0-0,36*,0.88,1.75,1.02,20250115131511
国际米兰 vs 恩波利,3-1,0-0,36*,0.89,1.75,1.01,20250113053856
国际米兰 vs 恩波利,3-1,0-0,36*,0.88,1.75,1.02,20250113032336
国际米兰 vs 恩波利,3-1,0-0,36*,0.87,1.75,1.03,20250112002157
国际米兰 vs 恩波利,3-1,0-0,36*,0.86,1.75,1.04,20250110204811
国际米兰 vs 恩波利,3-1,0-0,36*,0.85,1.75,1.05,20250110175542
国际米兰 vs 恩波利,3-1,0-0,36*,0.83,1.75,1.07,20250106173648
国际米兰 vs 恩波利,3-1,0-0,36*,0.85,1.75,1.05,20250105224342
国际米兰 vs 恩波利,3-1,0-0,易*,1.02,1.5,0.92,20250120034434
国际米兰 vs 恩波利,3-1,0-0,易*,1.01,1.5,0.93,20250120034134
国际米兰 vs 恩波利,3-1,0-0,易*,1.01,1.5,0.92,20250120034023
国际米兰 vs 恩波利,3-1,0-0,易*,0.97,1.5,0.96,20250120033923
国际米兰 vs 恩波利,3-1,0-0,易*,0.97,1.5,0.97,20250120033903
国际米兰 vs 恩波利,3-1,0-0,易*,0.96,1.5,0.97,20250120033823
国际米兰 vs 恩波利,3-1,0-0,易*,0.95,1.5,0.99,20250120033803
国际米兰 vs 恩波利,3-1,0-0,易*,0.94,1.5,0.99,20250120033723
国际米兰 vs 恩波利,3-1,0-0,易*,0.96,1.5,0.98,20250120033633
国际米兰 vs 恩波利,3-1,0-0,易*,0.94,1.5,0.99,20250120033623
国际米兰 vs 恩波利,3-1,0-0,易*,0.95,1.5,0.99,20250120033004
国际米兰 vs 恩波利,3-1,0-0,易*,0.94,1.5,1.0,20250120032506
国际米兰 vs 恩波利,3-1,0-0,易*,0.93,1.5,1.0,20250120032426
国际米兰 vs 恩波利,3-1,0-0,易*,0.94,1.5,0.99,20250120032306
国际米兰 vs 恩波利,3-1,0-0,易*,0.96,1.5,0.97,20250120032146
国际米兰 vs 恩波利,3-1,0-0,易*,0.99,1.5,0.95,20250120031905
国际米兰 vs 恩波利,3-1,0-0,易*,0.98,1.5,0.95,20250120031705
国际米兰 vs 恩波利,3-1,0-0,易*,0.99,1.5,0.94,20250120031425
国际米兰 vs 恩波利,3-1,0-0,易*,1.0,1.5,0.93,20250120030545
国际米兰 vs 恩波利,3-1,0-0,易*,1.01,1.5,0.92,20250120030425
国际米兰 vs 恩波利,3-1,0-0,易*,1.02,1.5,0.91,20250120025904
国际米兰 vs 恩波利,3-1,0-0,易*,1.02,1.5,0.92,20250120025544
国际米兰 vs 恩波利,3-1,0-0,易*,1.01,1.5,0.93,20250120025504
国际米兰 vs 恩波利,3-1,0-0,易*,1.0,1.5,0.93,20250120025313
国际米兰 vs 恩波利,3-1,0-0,易*,1.0,1.5,0.94,20250120025233
国际米兰 vs 恩波利,3-1,0-0,易*,0.99,1.5,0.94,20250120025153
国际米兰 vs 恩波利,3-1,0-0,易*,1.04,1.5,0.89,20250120024953
国际米兰 vs 恩波利,3-1,0-0,易*,1.07,1.5,0.87,20250120024713
国际米兰 vs 恩波利,3-1,0-0,易*,1.06,1.5,0.87,20250120024352
国际米兰 vs 恩波利,3-1,0-0,易*,1.07,1.5,0.86,20250120024232
国际米兰 vs 恩波利,3-1,0-0,易*,1.08,1.5,0.85,20250120024152
国际米兰 vs 恩波利,3-1,0-0,易*,1.06,1.5,0.87,20250120022106
国际米兰 vs 恩波利,3-1,0-0,易*,1.08,1.5,0.86,20250120021945
国际米兰 vs 恩波利,3-1,0-0,易*,1.06,1.5,0.87,20250120021705
国际米兰 vs 恩波利,3-1,0-0,易*,1.07,1.5,0.86,20250120021505
国际米兰 vs 恩波利,3-1,0-0,易*,1.08,1.5,0.85,20250120021425
国际米兰 vs 恩波利,3-1,0-0,易*,1.07,1.5,0.86,20250120014729
国际米兰 vs 恩波利,3-1,0-0,易*,1.09,1.5,0.85,20250120014648
国际米兰 vs 恩波利,3-1,0-0,易*,1.07,1.5,0.86,20250120014608
国际米兰 vs 恩波利,3-1,0-0,易*,1.08,1.5,0.85,20250120012950
国际米兰 vs 恩波利,3-1,0-0,易*,1.04,1.5,0.78,20250120011908
国际米兰 vs 恩波利,3-1,0-0,易*,1.09,1.5,0.84,20250120011749
国际米兰 vs 恩波利,3-1,0-0,易*,1.08,1.5,0.85,20250120005126
国际米兰 vs 恩波利,3-1,0-0,易*,1.09,1.5,0.85,20250120005006
国际米兰 vs 恩波利,3-1,0-0,易*,1.08,1.5,0.85,20250120004806
国际米兰 vs 恩波利,3-1,0-0,易*,1.07,1.5,0.86,20250120004406
国际米兰 vs 恩波利,3-1,0-0,易*,1.08,1.5,0.86,20250120004045
国际米兰 vs 恩波利,3-1,0-0,易*,1.07,1.5,0.86,20250120004006
国际米兰 vs 恩波利,3-1,0-0,易*,1.05,1.5,0.88,20250120001714
国际米兰 vs 恩波利,3-1,0-0,易*,1.06,1.5,0.87,20250120000957
国际米兰 vs 恩波利,3-1,0-0,易*,1.06,1.5,0.88,20250120000712
国际米兰 vs 恩波利,3-1,0-0,易*,1.05,1.5,0.88,20250120000552
国际米兰 vs 恩波利,3-1,0-0,易*,1.07,1.5,0.87,20250119235053
国际米兰 vs 恩波利,3-1,0-0,易*,1.06,1.5,0.88,20250119234853
国际米兰 vs 恩波利,3-1,0-0,易*,1.07,1.5,0.86,20250119225426
国际米兰 vs 恩波利,3-1,0-0,易*,1.06,1.5,0.88,20250119223457
国际米兰 vs 恩波利,3-1,0-0,易*,1.07,1.5,0.87,20250119223338
国际米兰 vs 恩波利,3-1,0-0,易*,1.05,1.5,0.89,20250119222642
国际米兰 vs 恩波利,3-1,0-0,易*,1.04,1.5,0.89,20250119222346
国际米兰 vs 恩波利,3-1,0-0,易*,1.01,1.5,0.92,20250119222146
国际米兰 vs 恩波利,3-1,0-0,易*,1.0,1.5,0.94,20250119221225
国际米兰 vs 恩波利,3-1,0-0,易*,0.99,1.5,0.94,20250119221105
国际米兰 vs 恩波利,3-1,0-0,易*,1.0,1.5,0.93,20250119220945
国际米兰 vs 恩波利,3-1,0-0,易*,0.98,1.5,0.95,20250119220905
国际米兰 vs 恩波利,3-1,0-0,易*,0.99,1.5,0.95,20250119220825
国际米兰 vs 恩波利,3-1,0-0,易*,0.96,1.5,0.97,20250119215743
国际米兰 vs 恩波利,3-1,0-0,易*,0.96,1.5,0.98,20250119215627
国际米兰 vs 恩波利,3-1,0-0,易*,0.96,1.5,0.97,20250119215238
国际米兰 vs 恩波利,3-1,0-0,易*,0.93,1.5,1.0,20250119215157
国际米兰 vs 恩波利,3-1,0-0,易*,0.94,1.5,1.0,20250119215118
国际米兰 vs 恩波利,3-1,0-0,易*,0.93,1.5,1.0,20250119214918
国际米兰 vs 恩波利,3-1,0-0,易*,0.93,1.5,1.01,20250119214837
国际米兰 vs 恩波利,3-1,0-0,易*,0.92,1.5,1.01,20250119214557
国际米兰 vs 恩波利,3-1,0-0,易*,0.92,1.5,1.02,20250119214518
国际米兰 vs 恩波利,3-1,0-0,易*,0.87,1.5,1.06,20250119212143
国际米兰 vs 恩波利,3-1,0-0,易*,0.89,1.5,1.05,20250119211542
国际米兰 vs 恩波利,3-1,0-0,易*,0.88,1.5,1.05,20250119211105
国际米兰 vs 恩波利,3-1,0-0,易*,0.87,1.5,1.06,20250119211025
国际米兰 vs 恩波利,3-1,0-0,易*,0.9,1.5,1.03,20250119205703
国际米兰 vs 恩波利,3-1,0-0,易*,0.9,1.5,1.04,20250119204026
国际米兰 vs 恩波利,3-1,0-0,易*,0.9,1.5,1.03,20250119202639
国际米兰 vs 恩波利,3-1,0-0,易*,0.89,1.5,1.04,20250119202147
国际米兰 vs 恩波利,3-1,0-0,易*,0.91,1.5,1.02,20250119202107
国际米兰 vs 恩波利,3-1,0-0,易*,0.87,1.5,1.06,20250119201947
国际米兰 vs 恩波利,3-1,0-0,易*,0.91,1.5,1.03,20250119194047
国际米兰 vs 恩波利,3-1,0-0,易*,0.92,1.5,1.02,20250119193046
国际米兰 vs 恩波利,3-1,0-0,易*,0.93,1.5,1.01,20250119192926
国际米兰 vs 恩波利,3-1,0-0,易*,0.92,1.5,1.01,20250119192846
国际米兰 vs 恩波利,3-1,0-0,易*,0.9,1.5,1.03,20250119192646
国际米兰 vs 恩波利,3-1,0-0,易*,1.09,1.75,0.84,20250119184904
国际米兰 vs 恩波利,3-1,0-0,易*,1.08,1.75,0.86,20250119182752
国际米兰 vs 恩波利,3-1,0-0,易*,1.08,1.75,0.85,20250119182512
国际米兰 vs 恩波利,3-1,0-0,易*,1.07,1.75,0.86,20250119181911
国际米兰 vs 恩波利,3-1,0-0,易*,1.07,1.75,0.87,20250119180406
国际米兰 vs 恩波利,3-1,0-0,易*,1.06,1.75,0.87,20250119175159
国际米兰 vs 恩波利,3-1,0-0,易*,1.08,1.75,0.85,20250119175039
国际米兰 vs 恩波利,3-1,0-0,易*,1.09,1.75,0.84,20250119174959
国际米兰 vs 恩波利,3-1,0-0,易*,1.08,1.75,0.86,20250119174639
国际米兰 vs 恩波利,3-1,0-0,易*,1.09,1.75,0.85,20250119173718
国际米兰 vs 恩波利,3-1,0-0,易*,1.04,1.75,0.78,20250119170703
国际米兰 vs 恩波利,3-1,0-0,易*,1.1,1.75,0.83,20250119165501
国际米兰 vs 恩波利,3-1,0-0,易*,1.09,1.75,0.84,20250119154010
国际米兰 vs 恩波利,3-1,0-0,易*,1.09,1.75,0.85,20250119151857
国际米兰 vs 恩波利,3-1,0-0,易*,1.08,1.75,0.85,20250119151817
国际米兰 vs 恩波利,3-1,0-0,易*,1.06,1.75,0.87,20250119143741
国际米兰 vs 恩波利,3-1,0-0,易*,1.05,1.75,0.88,20250119141549
国际米兰 vs 恩波利,3-1,0-0,易*,1.04,1.75,0.87,20250119135709
国际米兰 vs 恩波利,3-1,0-0,易*,1.04,1.75,0.89,20250119134948
国际米兰 vs 恩波利,3-1,0-0,易*,1.03,1.75,0.9,20250119133947
国际米兰 vs 恩波利,3-1,0-0,易*,1.01,1.75,0.9,20250119133626
国际米兰 vs 恩波利,3-1,0-0,易*,1.02,1.75,0.91,20250119132724
国际米兰 vs 恩波利,3-1,0-0,易*,0.98,1.75,0.93,20250119132644
国际米兰 vs 恩波利,3-1,0-0,易*,1.0,1.75,0.93,20250119132403
国际米兰 vs 恩波利,3-1,0-0,易*,0.99,1.75,0.94,20250119130250
国际米兰 vs 恩波利,3-1,0-0,易*,0.97,1.75,0.96,20250119124243
国际米兰 vs 恩波利,3-1,0-0,易*,0.96,1.75,0.95,20250119123107
国际米兰 vs 恩波利,3-1,0-0,易*,0.94,1.75,0.97,20250119122506
国际米兰 vs 恩波利,3-1,0-0,易*,0.95,1.75,0.98,20250119122306
国际米兰 vs 恩波利,3-1,0-0,易*,0.93,1.75,1.0,20250119121506
国际米兰 vs 恩波利,3-1,0-0,易*,0.93,1.75,0.98,20250119121245
国际米兰 vs 恩波利,3-1,0-0,易*,0.93,1.75,1.0,20250119120844
国际米兰 vs 恩波利,3-1,0-0,易*,0.92,1.75,0.99,20250119120323
国际米兰 vs 恩波利,3-1,0-0,易*,0.93,1.75,0.98,20250119054915
国际米兰 vs 恩波利,3-1,0-0,易*,0.93,1.75,1.0,20250119030244
国际米兰 vs 恩波利,3-1,0-0,易*,0.92,1.75,0.99,20250118155844
国际米兰 vs 恩波利,3-1,0-0,易*,0.93,1.75,0.98,20250118061205
国际米兰 vs 恩波利,3-1,0-0,易*,0.92,1.75,0.99,20250117150153
国际米兰 vs 恩波利,3-1,0-0,易*,0.93,1.75,0.98,20250117135755
国际米兰 vs 恩波利,3-1,0-0,易*,0.91,1.75,0.97,20250117052521
国际米兰 vs 恩波利,3-1,0-0,易*,0.9,1.75,0.98,20250116212956
国际米兰 vs 恩波利,3-1,0-0,易*,0.91,1.75,0.97,20250116212756
国际米兰 vs 恩波利,3-1,0-0,易*,0.87,1.75,1.01,20250116203831
国际米兰 vs 恩波利,3-1,0-0,易*,0.88,1.75,1.0,20250116202316
国际米兰 vs 恩波利,3-1,0-0,易*,0.89,1.75,0.99,20250116181042
国际米兰 vs 恩波利,3-1,0-0,易*,0.9,1.75,0.98,20250116135158
国际米兰 vs 恩波利,3-1,0-0,易*,0.87,1.75,1.01,20250116121821
国际米兰 vs 恩波利,3-1,0-0,易*,0.9,1.75,0.98,20250116065234
国际米兰 vs 恩波利,3-1,0-0,易*,0.89,1.75,0.99,20250116062017
国际米兰 vs 恩波利,3-1,0-0,易*,0.87,1.75,1.01,20250116051740
国际米兰 vs 恩波利,3-1,0-0,易*,0.89,1.75,0.99,20250115204729
国际米兰 vs 恩波利,3-1,0-0,易*,0.87,1.75,1.01,20250115164406
国际米兰 vs 恩波利,3-1,0-0,易*,0.89,1.75,1.01,20250115133541
国际米兰 vs 恩波利,3-1,0-0,易*,0.88,1.75,1.0,20250114123345
国际米兰 vs 恩波利,3-1,0-0,易*,0.89,1.75,0.99,20250114054115
国际米兰 vs 恩波利,3-1,0-0,易*,0.88,1.75,1.0,20250113120201
国际米兰 vs 恩波利,3-1,0-0,易*,0.89,1.75,0.99,20250113062433
国际米兰 vs 恩波利,3-1,0-0,伟*,0.94,1.5,0.94,20250120034208
国际米兰 vs 恩波利,3-1,0-0,伟*,0.93,1.5,0.95,20250120034110
国际米兰 vs 恩波利,3-1,0-0,伟*,0.92,1.5,0.96,20250120033903
国际米兰 vs 恩波利,3-1,0-0,伟*,0.91,1.5,0.97,20250120033657
国际米兰 vs 恩波利,3-1,0-0,伟*,0.9,1.5,0.98,20250120033433
国际米兰 vs 恩波利,3-1,0-0,伟*,0.9,1.5,0.99,20250120033002
国际米兰 vs 恩波利,3-1,0-0,伟*,0.9,1.5,0.98,20250120032714
国际米兰 vs 恩波利,3-1,0-0,伟*,0.91,1.5,0.97,20250120032452
国际米兰 vs 恩波利,3-1,0-0,伟*,0.93,1.5,0.95,20250120032339
国际米兰 vs 恩波利,3-1,0-0,伟*,0.94,1.5,0.94,20250120032231
国际米兰 vs 恩波利,3-1,0-0,伟*,0.95,1.5,0.94,20250120032126
国际米兰 vs 恩波利,3-1,0-0,伟*,0.95,1.5,0.93,20250120031913
国际米兰 vs 恩波利,3-1,0-0,伟*,0.96,1.5,0.92,20250120031648
国际米兰 vs 恩波利,3-1,0-0,伟*,0.97,1.5,0.92,20250120031548
国际米兰 vs 恩波利,3-1,0-0,伟*,0.97,1.5,0.91,20250120031450
国际米兰 vs 恩波利,3-1,0-0,伟*,0.98,1.5,0.9,20250120031340
国际米兰 vs 恩波利,3-1,0-0,伟*,0.99,1.5,0.9,20250120025906
国际米兰 vs 恩波利,3-1,0-0,伟*,0.98,1.5,0.9,20250120025756
国际米兰 vs 恩波利,3-1,0-0,伟*,0.99,1.5,0.9,20250120025638
国际米兰 vs 恩波利,3-1,0-0,伟*,0.98,1.5,0.9,20250120025518
国际米兰 vs 恩波利,3-1,0-0,伟*,0.97,1.5,0.91,20250120025415
国际米兰 vs 恩波利,3-1,0-0,伟*,1.01,1.5,0.88,20250120025257
国际米兰 vs 恩波利,3-1,0-0,伟*,1.03,1.5,0.86,20250120025139
国际米兰 vs 恩波利,3-1,0-0,伟*,1.04,1.5,0.85,20250120024302
国际米兰 vs 恩波利,3-1,0-0,伟*,1.05,1.5,0.85,20250120024139
国际米兰 vs 恩波利,3-1,0-0,伟*,1.04,1.5,0.85,20250120022822
国际米兰 vs 恩波利,3-1,0-0,伟*,1.05,1.5,0.84,20250120021937
国际米兰 vs 恩波利,3-1,0-0,伟*,1.06,1.5,0.84,20250120021428
国际米兰 vs 恩波利,3-1,0-0,伟*,1.07,1.5,0.83,20250120021318
国际米兰 vs 恩波利,3-1,0-0,伟*,1.06,1.5,0.84,20250120015907
国际米兰 vs 恩波利,3-1,0-0,伟*,1.07,1.5,0.83,20250120014001
国际米兰 vs 恩波利,3-1,0-0,伟*,1.08,1.5,0.82,20250120013839
国际米兰 vs 恩波利,3-1,0-0,伟*,1.07,1.5,0.82,20250120013459
国际米兰 vs 恩波利,3-1,0-0,伟*,1.08,1.5,0.82,20250120012927
国际米兰 vs 恩波利,3-1,0-0,伟*,0.77,1.25,1.02,20250120012055
国际米兰 vs 恩波利,3-1,0-0,伟*,1.07,1.5,0.83,20250120011822
国际米兰 vs 恩波利,3-1,0-0,伟*,1.05,1.5,0.84,20250120004922
国际米兰 vs 恩波利,3-1,0-0,伟*,1.05,1.5,0.85,20250120004815
国际米兰 vs 恩波利,3-1,0-0,伟*,1.04,1.5,0.85,20250120004420
国际米兰 vs 恩波利,3-1,0-0,伟*,1.03,1.5,0.86,20250120004314
国际米兰 vs 恩波利,3-1,0-0,伟*,1.02,1.5,0.87,20250120003930
国际米兰 vs 恩波利,3-1,0-0,伟*,1.01,1.5,0.88,20250120003601
国际米兰 vs 恩波利,3-1,0-0,伟*,1.02,1.5,0.87,20250120003256
国际米兰 vs 恩波利,3-1,0-0,伟*,1.03,1.5,0.86,20250119225411
国际米兰 vs 恩波利,3-1,0-0,伟*,1.02,1.5,0.87,20250119223406
国际米兰 vs 恩波利,3-1,0-0,伟*,1.01,1.5,0.88,20250119222649
国际米兰 vs 恩波利,3-1,0-0,伟*,1.0,1.5,0.89,20250119222543
国际米兰 vs 恩波利,3-1,0-0,伟*,0.99,1.5,0.9,20250119222437
国际米兰 vs 恩波利,3-1,0-0,伟*,0.96,1.5,0.92,20250119222205
国际米兰 vs 恩波利,3-1,0-0,伟*,0.95,1.5,0.93,20250119221150
国际米兰 vs 恩波利,3-1,0-0,伟*,0.94,1.5,0.94,20250119221034
国际米兰 vs 恩波利,3-1,0-0,伟*,0.93,1.5,0.95,20250119220804
国际米兰 vs 恩波利,3-1,0-0,伟*,0.92,1.5,0.96,20250119215528
国际米兰 vs 恩波利,3-1,0-0,伟*,0.91,1.5,0.97,20250119215415
国际米兰 vs 恩波利,3-1,0-0,伟*,0.9,1.5,0.99,20250119215152
国际米兰 vs 恩波利,3-1,0-0,伟*,0.89,1.5,0.99,20250119214916
国际米兰 vs 恩波利,3-1,0-0,伟*,0.89,1.5,1.0,20250119214533
国际米兰 vs 恩波利,3-1,0-0,伟*,0.87,1.5,1.02,20250119211603
国际米兰 vs 恩波利,3-1,0-0,伟*,0.87,1.5,1.01,20250119211110
国际米兰 vs 恩波利,3-1,0-0,伟*,0.87,1.5,1.02,20250119210956
国际米兰 vs 恩波利,3-1,0-0,伟*,0.88,1.5,1.01,20250119204803
国际米兰 vs 恩波利,3-1,0-0,伟*,0.87,1.5,1.01,20250119204006
国际米兰 vs 恩波利,3-1,0-0,伟*,0.88,1.5,1.01,20250119202658
国际米兰 vs 恩波利,3-1,0-0,伟*,0.87,1.5,1.01,20250119202226
国际米兰 vs 恩波利,3-1,0-0,伟*,0.88,1.5,1.01,20250119202113
国际米兰 vs 恩波利,3-1,0-0,伟*,0.87,1.5,1.02,20250119201940
国际米兰 vs 恩波利,3-1,0-0,伟*,0.88,1.5,1.01,20250119193548
国际米兰 vs 恩波利,3-1,0-0,伟*,0.89,1.5,1.0,20250119193413
国际米兰 vs 恩波利,3-1,0-0,伟*,0.88,1.5,1.01,20250119192959
国际米兰 vs 恩波利,3-1,0-0,伟*,0.85,1.5,1.05,20250119192656
国际米兰 vs 恩波利,3-1,0-0,伟*,1.06,1.75,0.84,20250119184841
国际米兰 vs 恩波利,3-1,0-0,伟*,1.05,1.75,0.84,20250119184553
国际米兰 vs 恩波利,3-1,0-0,伟*,1.04,1.75,0.85,20250119181914
国际米兰 vs 恩波利,3-1,0-0,伟*,1.03,1.75,0.86,20250119180349
国际米兰 vs 恩波利,3-1,0-0,伟*,1.04,1.75,0.85,20250119175053
国际米兰 vs 恩波利,3-1,0-0,伟*,1.05,1.75,0.84,20250119174927
国际米兰 vs 恩波利,3-1,0-0,伟*,1.06,1.75,0.84,20250119173741
国际米兰 vs 恩波利,3-1,0-0,伟*,1.07,1.75,0.83,20250119170804
国际米兰 vs 恩波利,3-1,0-0,伟*,1.06,1.75,0.84,20250119151904
国际米兰 vs 恩波利,3-1,0-0,伟*,1.03,1.75,0.86,20250119143858
国际米兰 vs 恩波利,3-1,0-0,伟*,1.02,1.75,0.87,20250119141238
国际米兰 vs 恩波利,3-1,0-0,伟*,1.01,1.75,0.88,20250119135740
国际米兰 vs 恩波利,3-1,0-0,伟*,1.0,1.75,0.89,20250119135029
国际米兰 vs 恩波利,3-1,0-0,伟*,0.99,1.75,0.89,20250119133951
国际米兰 vs 恩波利,3-1,0-0,伟*,0.99,1.75,0.9,20250119133317
国际米兰 vs 恩波利,3-1,0-0,伟*,0.96,1.75,0.92,20250119132917
国际米兰 vs 恩波利,3-1,0-0,伟*,0.95,1.75,0.93,20250119132753
国际米兰 vs 恩波利,3-1,0-0,伟*,0.94,1.75,0.94,20250119132359
国际米兰 vs 恩波利,3-1,0-0,伟*,0.93,1.75,0.95,20250119132107
国际米兰 vs 恩波利,3-1,0-0,伟*,0.94,1.75,0.94,20250119130318
国际米兰 vs 恩波利,3-1,0-0,伟*,0.93,1.75,0.95,20250119123056
国际米兰 vs 恩波利,3-1,0-0,伟*,0.92,1.75,0.96,20250118175646
国际米兰 vs 恩波利,3-1,0-0,伟*,0.91,1.75,0.97,20250118174233
国际米兰 vs 恩波利,3-1,0-0,伟*,0.92,1.75,0.96,20250117183957
国际米兰 vs 恩波利,3-1,0-0,伟*,0.93,1.75,0.95,20250117175326
国际米兰 vs 恩波利,3-1,0-0,伟*,0.92,1.75,0.96,20250117151247
国际米兰 vs 恩波利,3-1,0-0,伟*,0.93,1.75,0.95,20250117150253
国际米兰 vs 恩波利,3-1,0-0,伟*,0.92,1.75,0.96,20250117074220
国际米兰 vs 恩波利,3-1,0-0,伟*,0.93,1.75,0.95,20250117073547
国际米兰 vs 恩波利,3-1,0-0,伟*,0.92,1.75,0.96,20250117045721
国际米兰 vs 恩波利,3-1,0-0,伟*,0.93,1.75,0.95,20250117033431
国际米兰 vs 恩波利,3-1,0-0,伟*,0.92,1.75,0.96,20250117020500
国际米兰 vs 恩波利,3-1,0-0,伟*,0.93,1.75,0.95,20250116215447
国际米兰 vs 恩波利,3-1,0-0,伟*,0.93,1.75,0.96,20250116215116
国际米兰 vs 恩波利,3-1,0-0,伟*,0.92,1.75,0.96,20250116213426
国际米兰 vs 恩波利,3-1,0-0,伟*,0.91,1.75,0.97,20250116213058
国际米兰 vs 恩波利,3-1,0-0,伟*,0.88,1.75,1.01,20250116204152
国际米兰 vs 恩波利,3-1,0-0,伟*,0.89,1.75,1.0,20250116202812
国际米兰 vs 恩波利,3-1,0-0,伟*,0.9,1.75,0.99,20250116200541
国际米兰 vs 恩波利,3-1,0-0,伟*,0.9,1.75,0.98,20250116194511
国际米兰 vs 恩波利,3-1,0-0,伟*,0.9,1.75,0.99,20250116181446
国际米兰 vs 恩波利,3-1,0-0,伟*,0.88,1.75,1.01,20250116161026
国际米兰 vs 恩波利,3-1,0-0,伟*,0.89,1.75,1.0,20250116151933
国际米兰 vs 恩波利,3-1,0-0,伟*,0.88,1.75,1.01,20250116144949
国际米兰 vs 恩波利,3-1,0-0,伟*,0.89,1.75,1.0,20250116142035
国际米兰 vs 恩波利,3-1,0-0,伟*,0.88,1.75,1.01,20250116071055
国际米兰 vs 恩波利,3-1,0-0,伟*,0.87,1.75,1.01,20250116063338
国际米兰 vs 恩波利,3-1,0-0,伟*,0.88,1.75,1.01,20250115205338
国际米兰 vs 恩波利,3-1,0-0,伟*,0.87,1.75,1.02,20250115205022
国际米兰 vs 恩波利,3-1,0-0,伟*,0.88,1.75,1.01,20250115122611
国际米兰 vs 恩波利,3-1,0-0,伟*,0.89,1.75,1.0,20250115121031
国际米兰 vs 恩波利,3-1,0-0,伟*,0.88,1.75,1.01,20250114142804
国际米兰 vs 恩波利,3-1,0-0,伟*,0.89,1.75,1.0,20250114140826
国际米兰 vs 恩波利,3-1,0-0,伟*,0.88,1.75,1.01,20250113121917
国际米兰 vs 恩波利,3-1,0-0,伟*,0.87,1.75,1.02,20250113121002
国际米兰 vs 恩波利,3-1,0-0,伟*,0.87,1.75,1.01,20250113120709
国际米兰 vs 恩波利,3-1,0-0,伟*,0.87,1.75,1.02,20250113115759
国际米兰 vs 恩波利,3-1,0-0,伟*,0.88,1.75,1.01,20250113084931
国际米兰 vs 恩波利,3-1,0-0,伟*,0.87,1.75,1.02,20250112002239
国际米兰 vs 恩波利,3-1,0-0,伟*,0.86,1.75,1.03,20250111140320
国际米兰 vs 恩波利,3-1,0-0,伟*,0.85,1.75,1.04,20250111130852
国际米兰 vs 恩波利,3-1,0-0,伟*,0.86,1.75,1.03,20250111125828
国际米兰 vs 恩波利,3-1,0-0,伟*,0.85,1.75,1.04,20250111125541
国际米兰 vs 恩波利,3-1,0-0,伟*,0.86,1.75,1.04,20250111125304
国际米兰 vs 恩波利,3-1,0-0,伟*,0.85,1.75,1.04,20250111121418
国际米兰 vs 恩波利,3-1,0-0,伟*,0.86,1.75,1.04,20250111121138
国际米兰 vs 恩波利,3-1,0-0,伟*,0.86,1.75,1.03,20250111120908
国际米兰 vs 恩波利,3-1,0-0,伟*,0.86,1.75,1.04,20250111120346
国际米兰 vs 恩波利,3-1,0-0,伟*,0.86,1.75,1.03,20250111115613
国际米兰 vs 恩波利,3-1,0-0,伟*,0.85,1.75,1.04,20250111115344
国际米兰 vs 恩波利,3-1,0-0,伟*,0.86,1.75,1.03,20250111114824
国际米兰 vs 恩波利,3-1,0-0,伟*,0.85,1.75,1.04,20250111114058
国际米兰 vs 恩波利,3-1,0-0,伟*,0.86,1.75,1.04,20250111113816
国际米兰 vs 恩波利,3-1,0-0,伟*,0.85,1.75,1.04,20250111112348
国际米兰 vs 恩波利,3-1,0-0,伟*,0.86,1.75,1.03,20250111111818
国际米兰 vs 恩波利,3-1,0-0,伟*,0.85,1.75,1.04,20250111111314
国际米兰 vs 恩波利,3-1,0-0,伟*,0.86,1.75,1.03,20250111104536
国际米兰 vs 恩波利,3-1,0-0,伟*,0.86,1.75,1.04,20250111103735
国际米兰 vs 恩波利,3-1,0-0,伟*,0.86,1.75,1.03,20250111103449
国际米兰 vs 恩波利,3-1,0-0,伟*,0.85,1.75,1.04,20250111101654
国际米兰 vs 恩波利,3-1,0-0,伟*,0.86,1.75,1.04,20250111101133
国际米兰 vs 恩波利,3-1,0-0,伟*,0.86,1.75,1.03,20250111093728
国际米兰 vs 恩波利,3-1,0-0,伟*,0.85,1.75,1.04,20250111093451
国际米兰 vs 恩波利,3-1,0-0,伟*,0.86,1.75,1.03,20250111092427
国际米兰 vs 恩波利,3-1,0-0,伟*,0.86,1.75,1.04,20250111091407
国际米兰 vs 恩波利,3-1,0-0,伟*,0.86,1.75,1.03,20250111091126
国际米兰 vs 恩波利,3-1,0-0,伟*,0.86,1.75,1.04,20250111090858
国际米兰 vs 恩波利,3-1,0-0,伟*,0.85,1.75,1.04,20250111084923
国际米兰 vs 恩波利,3-1,0-0,伟*,0.86,1.75,1.03,20250111083913
国际米兰 vs 恩波利,3-1,0-0,伟*,0.85,1.75,1.04,20250111083425
国际米兰 vs 恩波利,3-1,0-0,伟*,0.86,1.75,1.04,20250111082638
国际米兰 vs 恩波利,3-1,0-0,伟*,0.86,1.75,1.03,20250111082414
国际米兰 vs 恩波利,3-1,0-0,伟*,0.86,1.75,1.04,20250111082140
国际米兰 vs 恩波利,3-1,0-0,伟*,0.85,1.75,1.04,20250111081620
国际米兰 vs 恩波利,3-1,0-0,伟*,0.86,1.75,1.03,20250111081136
国际米兰 vs 恩波利,3-1,0-0,伟*,0.86,1.75,1.04,20250111080628
国际米兰 vs 恩波利,3-1,0-0,伟*,0.85,1.75,1.04,20250111080055
国际米兰 vs 恩波利,3-1,0-0,伟*,0.86,1.75,1.03,20250111075826
国际米兰 vs 恩波利,3-1,0-0,伟*,0.86,1.75,1.04,20250111075546
国际米兰 vs 恩波利,3-1,0-0,伟*,0.86,1.75,1.03,20250111074528
国际米兰 vs 恩波利,3-1,0-0,伟*,0.85,1.75,1.04,20250111074247
国际米兰 vs 恩波利,3-1,0-0,伟*,0.86,1.75,1.03,20250111072953
国际米兰 vs 恩波利,3-1,0-0,伟*,0.85,1.75,1.04,20250111071958
国际米兰 vs 恩波利,3-1,0-0,伟*,0.86,1.75,1.04,20250111071739
国际米兰 vs 恩波利,3-1,0-0,伟*,0.86,1.75,1.03,20250111070710
国际米兰 vs 恩波利,3-1,0-0,伟*,0.85,1.75,1.04,20250111070444
国际米兰 vs 恩波利,3-1,0-0,伟*,0.86,1.75,1.03,20250111065152
国际米兰 vs 恩波利,3-1,0-0,伟*,0.86,1.75,1.04,20250111064913
国际米兰 vs 恩波利,3-1,0-0,伟*,0.86,1.75,1.03,20250111063643
国际米兰 vs 恩波利,3-1,0-0,伟*,0.85,1.75,1.04,20250111062856
国际米兰 vs 恩波利,3-1,0-0,伟*,0.86,1.75,1.03,20250111062624
国际米兰 vs 恩波利,3-1,0-0,伟*,0.86,1.75,1.04,20250111062341
国际米兰 vs 恩波利,3-1,0-0,伟*,0.85,1.75,1.04,20250111060849
国际米兰 vs 恩波利,3-1,0-0,伟*,0.86,1.75,1.03,20250111054743
国际米兰 vs 恩波利,3-1,0-0,伟*,0.86,1.75,1.04,20250111054508
国际米兰 vs 恩波利,3-1,0-0,伟*,0.85,1.75,1.04,20250111053139
国际米兰 vs 恩波利,3-1,0-0,伟*,0.86,1.75,1.04,20250111052859
国际米兰 vs 恩波利,3-1,0-0,伟*,0.86,1.75,1.03,20250111052615
国际米兰 vs 恩波利,3-1,0-0,伟*,0.85,1.75,1.04,20250111052040
国际米兰 vs 恩波利,3-1,0-0,伟*,0.86,1.75,1.04,20250111051806
国际米兰 vs 恩波利,3-1,0-0,伟*,0.86,1.75,1.03,20250111050625
国际米兰 vs 恩波利,3-1,0-0,伟*,0.85,1.75,1.04,20250111050330
国际米兰 vs 恩波利,3-1,0-0,伟*,0.86,1.75,1.03,20250111045451
国际米兰 vs 恩波利,3-1,0-0,伟*,0.86,1.75,1.04,20250111045206
国际米兰 vs 恩波利,3-1,0-0,伟*,0.85,1.75,1.04,20250111044338
国际米兰 vs 恩波利,3-1,0-0,伟*,0.86,1.75,1.03,20250111044040
国际米兰 vs 恩波利,3-1,0-0,伟*,0.85,1.75,1.04,20250111043018
国际米兰 vs 恩波利,3-1,0-0,伟*,0.86,1.75,1.04,20250111042729
国际米兰 vs 恩波利,3-1,0-0,伟*,0.85,1.75,1.04,20250111041646
国际米兰 vs 恩波利,3-1,0-0,伟*,0.86,1.75,1.03,20250111041123
国际米兰 vs 恩波利,3-1,0-0,伟*,0.86,1.75,1.04,20250111040847
国际米兰 vs 恩波利,3-1,0-0,伟*,0.85,1.75,1.04,20250111033501
国际米兰 vs 恩波利,3-1,0-0,伟*,0.86,1.75,1.03,20250111033202
国际米兰 vs 恩波利,3-1,0-0,伟*,0.86,1.75,1.04,20250111032927
国际米兰 vs 恩波利,3-1,0-0,伟*,0.85,1.75,1.04,20250111022311
国际米兰 vs 恩波利,3-1,0-0,伟*,0.86,1.75,1.03,20250111020627
国际米兰 vs 恩波利,3-1,0-0,伟*,0.85,1.75,1.04,20250111020059
国际米兰 vs 恩波利,3-1,0-0,伟*,0.86,1.75,1.04,20250111015838
国际米兰 vs 恩波利,3-1,0-0,伟*,0.86,1.75,1.03,20250111015605
国际米兰 vs 恩波利,3-1,0-0,伟*,0.85,1.75,1.04,20250111015341
国际米兰 vs 恩波利,3-1,0-0,伟*,0.86,1.75,1.03,20250110235024
国际米兰 vs 恩波利,3-1,0-0,伟*,0.85,1.75,1.04,20250110234746
国际米兰 vs 恩波利,3-1,0-0,伟*,0.86,1.75,1.03,20250110233409
国际米兰 vs 恩波利,3-1,0-0,伟*,0.86,1.75,1.04,20250110233120
国际米兰 vs 恩波利,3-1,0-0,伟*,0.85,1.75,1.04,20250110231648
国际米兰 vs 恩波利,3-1,0-0,伟*,0.86,1.75,1.03,20250110231352
国际米兰 vs 恩波利,3-1,0-0,伟*,0.85,1.75,1.04,20250110231039
国际米兰 vs 恩波利,3-1,0-0,伟*,0.86,1.75,1.03,20250110224218
国际米兰 vs 恩波利,3-1,0-0,伟*,0.86,1.75,1.04,20250110223857
国际米兰 vs 恩波利,3-1,0-0,伟*,0.85,1.75,1.04,20250110214529
国际米兰 vs 恩波利,3-1,0-0,伟*,0.86,1.75,1.03,20250110213902
国际米兰 vs 恩波利,3-1,0-0,伟*,0.85,1.75,1.04,20250110212941
国际米兰 vs 恩波利,3-1,0-0,伟*,0.86,1.75,1.03,20250110212605
国际米兰 vs 恩波利,3-1,0-0,伟*,0.85,1.75,1.04,20250110205613
国际米兰 vs 恩波利,3-1,0-0,伟*,0.86,1.75,1.03,20250110204934
国际米兰 vs 恩波利,3-1,0-0,伟*,0.86,1.75,1.04,20250110204616
国际米兰 vs 恩波利,3-1,0-0,伟*,0.85,1.75,1.04,20250110202357
国际米兰 vs 恩波利,3-1,0-0,伟*,0.86,1.75,1.03,20250110202046
国际米兰 vs 恩波利,3-1,0-0,伟*,0.85,1.75,1.04,20250110180305
国际米兰 vs 恩波利,3-1,0-0,伟*,0.85,1.75,1.05,20250110174728
国际米兰 vs 恩波利,3-1,0-0,伟*,0.83,1.75,1.06,20250110174534
国际米兰 vs 恩波利,3-1,0-0,伟*,0.84,1.75,1.06,20250110174111
国际米兰 vs 恩波利,3-1,0-0,伟*,0.83,1.75,1.06,20250110172717
国际米兰 vs 恩波利,3-1,0-0,伟*,0.83,1.75,1.07,20250110172015
国际米兰 vs 恩波利,3-1,0-0,伟*,0.83,1.75,1.06,20250110171757
国际米兰 vs 恩波利,3-1,0-0,伟*,0.84,1.75,1.06,20250110165635
国际米兰 vs 恩波利,3-1,0-0,伟*,0.83,1.75,1.06,20250110165419
国际米兰 vs 恩波利,3-1,0-0,伟*,0.83,1.75,1.07,20250110165216
国际米兰 vs 恩波利,3-1,0-0,伟*,0.84,1.75,1.06,20250110161532
国际米兰 vs 恩波利,3-1,0-0,伟*,0.83,1.75,1.06,20250110161335
国际米兰 vs 恩波利,3-1,0-0,伟*,0.83,1.75,1.07,20250110161117
国际米兰 vs 恩波利,3-1,0-0,伟*,0.84,1.75,1.06,20250110160446
国际米兰 vs 恩波利,3-1,0-0,伟*,0.83,1.75,1.06,20250110155420
国际米兰 vs 恩波利,3-1,0-0,伟*,0.83,1.75,1.07,20250110155009
国际米兰 vs 恩波利,3-1,0-0,伟*,0.83,1.75,1.06,20250110154819
国际米兰 vs 恩波利,3-1,0-0,伟*,0.83,1.75,1.07,20250110154614
国际米兰 vs 恩波利,3-1,0-0,伟*,0.84,1.75,1.06,20250110154211
国际米兰 vs 恩波利,3-1,0-0,伟*,0.83,1.75,1.06,20250110154011
国际米兰 vs 恩波利,3-1,0-0,伟*,0.83,1.75,1.07,20250110153615
国际米兰 vs 恩波利,3-1,0-0,伟*,0.84,1.75,1.06,20250110153119
国际米兰 vs 恩波利,3-1,0-0,伟*,0.83,1.75,1.06,20250110152657
国际米兰 vs 恩波利,3-1,0-0,伟*,0.83,1.75,1.07,20250110152501
国际米兰 vs 恩波利,3-1,0-0,伟*,0.84,1.75,1.06,20250110151833
国际米兰 vs 恩波利,3-1,0-0,伟*,0.83,1.75,1.06,20250110151630
国际米兰 vs 恩波利,3-1,0-0,伟*,0.83,1.75,1.07,20250110151435
国际米兰 vs 恩波利,3-1,0-0,伟*,0.84,1.75,1.06,20250110150827
国际米兰 vs 恩波利,3-1,0-0,伟*,0.83,1.75,1.06,20250110145211
国际米兰 vs 恩波利,3-1,0-0,伟*,0.83,1.75,1.07,20250110144254
国际米兰 vs 恩波利,3-1,0-0,伟*,0.83,1.75,1.06,20250110143246
国际米兰 vs 恩波利,3-1,0-0,伟*,0.84,1.75,1.06,20250110141438
国际米兰 vs 恩波利,3-1,0-0,伟*,0.83,1.75,1.07,20250110141237
国际米兰 vs 恩波利,3-1,0-0,伟*,0.84,1.75,1.06,20250110140359
国际米兰 vs 恩波利,3-1,0-0,伟*,0.83,1.75,1.06,20250110135318
国际米兰 vs 恩波利,3-1,0-0,伟*,0.83,1.75,1.07,20250110135126
国际米兰 vs 恩波利,3-1,0-0,伟*,0.84,1.75,1.06,20250110134655
国际米兰 vs 恩波利,3-1,0-0,伟*,0.83,1.75,1.06,20250110134014
国际米兰 vs 恩波利,3-1,0-0,伟*,0.84,1.75,1.06,20250110133114
国际米兰 vs 恩波利,3-1,0-0,伟*,0.83,1.75,1.07,20250110132910
国际米兰 vs 恩波利,3-1,0-0,伟*,0.84,1.75,1.06,20250110130958
国际米兰 vs 恩波利,3-1,0-0,伟*,0.83,1.75,1.07,20250110130801
国际米兰 vs 恩波利,3-1,0-0,伟*,0.83,1.75,1.06,20250110130135
国际米兰 vs 恩波利,3-1,0-0,伟*,0.84,1.75,1.06,20250110124840
国际米兰 vs 恩波利,3-1,0-0,伟*,0.83,1.75,1.07,20250110124628
国际米兰 vs 恩波利,3-1,0-0,伟*,0.84,1.75,1.06,20250110123955
国际米兰 vs 恩波利,3-1,0-0,伟*,0.83,1.75,1.06,20250110123333
国际米兰 vs 恩波利,3-1,0-0,伟*,0.83,1.75,1.07,20250110123128
国际米兰 vs 恩波利,3-1,0-0,伟*,0.84,1.75,1.06,20250110121636
国际米兰 vs 恩波利,3-1,0-0,伟*,0.83,1.75,1.07,20250110121444
国际米兰 vs 恩波利,3-1,0-0,伟*,0.83,1.75,1.06,20250110121240
国际米兰 vs 恩波利,3-1,0-0,伟*,0.83,1.75,1.07,20250110120807
国际米兰 vs 恩波利,3-1,0-0,伟*,0.83,1.75,1.06,20250110114939
国际米兰 vs 恩波利,3-1,0-0,伟*,0.84,1.75,1.06,20250110114501
国际米兰 vs 恩波利,3-1,0-0,伟*,0.83,1.75,1.06,20250110113606
国际米兰 vs 恩波利,3-1,0-0,伟*,0.83,1.75,1.07,20250110113425
国际米兰 vs 恩波利,3-1,0-0,伟*,0.84,1.75,1.06,20250110111729
国际米兰 vs 恩波利,3-1,0-0,伟*,0.83,1.75,1.06,20250110110453
国际米兰 vs 恩波利,3-1,0-0,伟*,0.84,1.75,1.06,20250110110037
国际米兰 vs 恩波利,3-1,0-0,伟*,0.83,1.75,1.06,20250110105610
国际米兰 vs 恩波利,3-1,0-0,伟*,0.84,1.75,1.06,20250110103929
国际米兰 vs 恩波利,3-1,0-0,伟*,0.83,1.75,1.07,20250110103325
国际米兰 vs 恩波利,3-1,0-0,伟*,0.84,1.75,1.06,20250110102748
国际米兰 vs 恩波利,3-1,0-0,伟*,0.83,1.75,1.06,20250110092601
国际米兰 vs 恩波利,3-1,0-0,伟*,0.84,1.75,1.06,20250110091912
国际米兰 vs 恩波利,3-1,0-0,伟*,0.83,1.75,1.07,20250110091657
国际米兰 vs 恩波利,3-1,0-0,伟*,0.83,1.75,1.06,20250110091242
国际米兰 vs 恩波利,3-1,0-0,伟*,0.84,1.75,1.06,20250110090432
国际米兰 vs 恩波利,3-1,0-0,伟*,0.83,1.75,1.06,20250110090219
国际米兰 vs 恩波利,3-1,0-0,伟*,0.83,1.75,1.07,20250110090018
国际米兰 vs 恩波利,3-1,0-0,伟*,0.84,1.75,1.06,20250110082237
国际米兰 vs 恩波利,3-1,0-0,伟*,0.83,1.75,1.06,20250110081829
国际米兰 vs 恩波利,3-1,0-0,伟*,0.84,1.75,1.06,20250110080958
国际米兰 vs 恩波利,3-1,0-0,伟*,0.83,1.75,1.06,20250110080204
国际米兰 vs 恩波利,3-1,0-0,伟*,0.84,1.75,1.06,20250110072330
国际米兰 vs 恩波利,3-1,0-0,伟*,0.83,1.75,1.06,20250110065414
国际米兰 vs 恩波利,3-1,0-0,伟*,0.83,1.75,1.07,20250110065158
国际米兰 vs 恩波利,3-1,0-0,伟*,0.84,1.75,1.06,20250110064809
国际米兰 vs 恩波利,3-1,0-0,伟*,0.83,1.75,1.06,20250110064606
国际米兰 vs 恩波利,3-1,0-0,伟*,0.84,1.75,1.06,20250110063558
国际米兰 vs 恩波利,3-1,0-0,伟*,0.83,1.75,1.06,20250110063347
国际米兰 vs 恩波利,3-1,0-0,伟*,0.83,1.75,1.07,20250110063143
国际米兰 vs 恩波利,3-1,0-0,伟*,0.84,1.75,1.06,20250110060316
国际米兰 vs 恩波利,3-1,0-0,伟*,0.83,1.75,1.06,20250110060115
国际米兰 vs 恩波利,3-1,0-0,伟*,0.84,1.75,1.06,20250110055258
国际米兰 vs 恩波利,3-1,0-0,伟*,0.83,1.75,1.07,20250110055046
国际米兰 vs 恩波利,3-1,0-0,伟*,0.84,1.75,1.06,20250110054437
国际米兰 vs 恩波利,3-1,0-0,伟*,0.83,1.75,1.06,20250110054223
国际米兰 vs 恩波利,3-1,0-0,伟*,0.84,1.75,1.06,20250110053814
国际米兰 vs 恩波利,3-1,0-0,伟*,0.83,1.75,1.06,20250110052420
国际米兰 vs 恩波利,3-1,0-0,伟*,0.83,1.75,1.07,20250110052219
国际米兰 vs 恩波利,3-1,0-0,伟*,0.83,1.75,1.06,20250110051942
国际米兰 vs 恩波利,3-1,0-0,伟*,0.84,1.75,1.06,20250110051316
国际米兰 vs 恩波利,3-1,0-0,伟*,0.83,1.75,1.06,20250110044706
国际米兰 vs 恩波利,3-1,0-0,伟*,0.83,1.75,1.07,20250110044451
国际米兰 vs 恩波利,3-1,0-0,伟*,0.84,1.75,1.06,20250110044241
国际米兰 vs 恩波利,3-1,0-0,伟*,0.83,1.75,1.06,20250110042952
国际米兰 vs 恩波利,3-1,0-0,伟*,0.84,1.75,1.06,20250110042113
国际米兰 vs 恩波利,3-1,0-0,伟*,0.83,1.75,1.06,20250110040941
国际米兰 vs 恩波利,3-1,0-0,伟*,0.83,1.75,1.07,20250110040736
国际米兰 vs 恩波利,3-1,0-0,伟*,0.84,1.75,1.06,20250110040302
国际米兰 vs 恩波利,3-1,0-0,伟*,0.83,1.75,1.06,20250110034622
国际米兰 vs 恩波利,3-1,0-0,伟*,0.84,1.75,1.06,20250110034201
国际米兰 vs 恩波利,3-1,0-0,伟*,0.83,1.75,1.07,20250110033950
国际米兰 vs 恩波利,3-1,0-0,伟*,0.84,1.75,1.06,20250110032101
国际米兰 vs 恩波利,3-1,0-0,伟*,0.83,1.75,1.06,20250110031845
国际米兰 vs 恩波利,3-1,0-0,伟*,0.84,1.75,1.06,20250110031419
国际米兰 vs 恩波利,3-1,0-0,伟*,0.83,1.75,1.06,20250110030204
国际米兰 vs 恩波利,3-1,0-0,伟*,0.83,1.75,1.07,20250110030013
国际米兰 vs 恩波利,3-1,0-0,伟*,0.84,1.75,1.06,20250110025109
国际米兰 vs 恩波利,3-1,0-0,伟*,0.83,1.75,1.06,20250110024915
国际米兰 vs 恩波利,3-1,0-0,伟*,0.84,1.75,1.06,20250110024241
国际米兰 vs 恩波利,3-1,0-0,伟*,0.83,1.75,1.06,20250110022756
国际米兰 vs 恩波利,3-1,0-0,伟*,0.83,1.75,1.07,20250110022539
国际米兰 vs 恩波利,3-1,0-0,伟*,0.83,1.75,1.06,20250110022321
国际米兰 vs 恩波利,3-1,0-0,伟*,0.84,1.75,1.06,20250110020437
国际米兰 vs 恩波利,3-1,0-0,伟*,0.83,1.75,1.07,20250110015157
国际米兰 vs 恩波利,3-1,0-0,伟*,0.84,1.75,1.06,20250110013706
国际米兰 vs 恩波利,3-1,0-0,伟*,0.83,1.75,1.06,20250110013516
国际米兰 vs 恩波利,3-1,0-0,伟*,0.84,1.75,1.06,20250110013043
国际米兰 vs 恩波利,3-1,0-0,伟*,0.83,1.75,1.07,20250110012835
国际米兰 vs 恩波利,3-1,0-0,伟*,0.83,1.75,1.06,20250110012207
国际米兰 vs 恩波利,3-1,0-0,伟*,0.84,1.75,1.06,20250110010417
国际米兰 vs 恩波利,3-1,0-0,伟*,0.83,1.75,1.07,20250110010159
国际米兰 vs 恩波利,3-1,0-0,伟*,0.83,1.75,1.06,20250110005942
国际米兰 vs 恩波利,3-1,0-0,伟*,0.84,1.75,1.06,20250110005528
国际米兰 vs 恩波利,3-1,0-0,伟*,0.83,1.75,1.07,20250110005317
国际米兰 vs 恩波利,3-1,0-0,伟*,0.83,1.75,1.06,20250110004617
国际米兰 vs 恩波利,3-1,0-0,伟*,0.84,1.75,1.06,20250110001114
国际米兰 vs 恩波利,3-1,0-0,伟*,0.83,1.75,1.06,20250110000747
国际米兰 vs 恩波利,3-1,0-0,伟*,0.84,1.75,1.06,20250110000250
国际米兰 vs 恩波利,3-1,0-0,伟*,0.83,1.75,1.07,20250110000031
国际米兰 vs 恩波利,3-1,0-0,伟*,0.84,1.75,1.06,20250109215554
国际米兰 vs 恩波利,3-1,0-0,伟*,0.83,1.75,1.06,20250109215209
国际米兰 vs 恩波利,3-1,0-0,伟*,0.84,1.75,1.06,20250109214639
国际米兰 vs 恩波利,3-1,0-0,伟*,0.83,1.75,1.06,20250109214152
国际米兰 vs 恩波利,3-1,0-0,伟*,0.83,1.75,1.07,20250109213919
国际米兰 vs 恩波利,3-1,0-0,伟*,0.84,1.75,1.06,20250109213433
国际米兰 vs 恩波利,3-1,0-0,伟*,0.83,1.75,1.06,20250109213159
国际米兰 vs 恩波利,3-1,0-0,伟*,0.84,1.75,1.06,20250109211801
国际米兰 vs 恩波利,3-1,0-0,伟*,0.83,1.75,1.06,20250109210532
国际米兰 vs 恩波利,3-1,0-0,伟*,0.83,1.75,1.07,20250109210049
国际米兰 vs 恩波利,3-1,0-0,伟*,0.83,1.75,1.06,20250109204603
国际米兰 vs 恩波利,3-1,0-0,伟*,0.84,1.75,1.06,20250109203842
国际米兰 vs 恩波利,3-1,0-0,伟*,0.83,1.75,1.07,20250109203415
国际米兰 vs 恩波利,3-1,0-0,伟*,0.83,1.75,1.06,20250109202459
国际米兰 vs 恩波利,3-1,0-0,伟*,0.84,1.75,1.06,20250109201924
国际米兰 vs 恩波利,3-1,0-0,伟*,0.83,1.75,1.06,20250109201706
国际米兰 vs 恩波利,3-1,0-0,伟*,0.83,1.75,1.07,20250109201455
国际米兰 vs 恩波利,3-1,0-0,伟*,0.83,1.75,1.06,20250109200325
国际米兰 vs 恩波利,3-1,0-0,伟*,0.84,1.75,1.06,20250109193859
国际米兰 vs 恩波利,3-1,0-0,伟*,0.83,1.75,1.06,20250109192646
国际米兰 vs 恩波利,3-1,0-0,伟*,0.83,1.75,1.07,20250109192424
国际米兰 vs 恩波利,3-1,0-0,伟*,0.83,1.75,1.06,20250109192153
国际米兰 vs 恩波利,3-1,0-0,伟*,0.84,1.75,1.06,20250109180117
国际米兰 vs 恩波利,3-1,0-0,伟*,0.83,1.75,1.06,20250109175754
国际米兰 vs 恩波利,3-1,0-0,伟*,0.83,1.75,1.07,20250109175053
国际米兰 vs 恩波利,3-1,0-0,伟*,0.83,1.75,1.06,20250109174702
国际米兰 vs 恩波利,3-1,0-0,伟*,0.84,1.75,1.06,20250109174342
国际米兰 vs 恩波利,3-1,0-0,伟*,0.83,1.75,1.06,20250109173058
国际米兰 vs 恩波利,3-1,0-0,伟*,0.84,1.75,1.06,20250109172310
国际米兰 vs 恩波利,3-1,0-0,伟*,0.83,1.75,1.07,20250109171952
国际米兰 vs 恩波利,3-1,0-0,伟*,0.83,1.75,1.06,20250109171452
国际米兰 vs 恩波利,3-1,0-0,伟*,0.84,1.75,1.06,20250109163827
国际米兰 vs 恩波利,3-1,0-0,伟*,0.83,1.75,1.07,20250109163352
国际米兰 vs 恩波利,3-1,0-0,伟*,0.84,1.75,1.06,20250109154500
国际米兰 vs 恩波利,3-1,0-0,伟*,0.83,1.75,1.06,20250109154236
国际米兰 vs 恩波利,3-1,0-0,伟*,0.84,1.75,1.06,20250109153734
国际米兰 vs 恩波利,3-1,0-0,伟*,0.83,1.75,1.06,20250109150850
国际米兰 vs 恩波利,3-1,0-0,伟*,0.83,1.75,1.07,20250109150622
国际米兰 vs 恩波利,3-1,0-0,伟*,0.84,1.75,1.06,20250109144311
国际米兰 vs 恩波利,3-1,0-0,伟*,0.83,1.75,1.06,20250109144035
国际米兰 vs 恩波利,3-1,0-0,伟*,0.84,1.75,1.06,20250109142841
国际米兰 vs 恩波利,3-1,0-0,伟*,0.83,1.75,1.06,20250109142605
国际米兰 vs 恩波利,3-1,0-0,伟*,0.83,1.75,1.07,20250109142339
国际米兰 vs 恩波利,3-1,0-0,伟*,0.84,1.75,1.06,20250109141240
国际米兰 vs 恩波利,3-1,0-0,伟*,0.83,1.75,1.06,20250109141031
国际米兰 vs 恩波利,3-1,0-0,伟*,0.84,1.75,1.06,20250109140331
国际米兰 vs 恩波利,3-1,0-0,伟*,0.83,1.75,1.07,20250109140121
国际米兰 vs 恩波利,3-1,0-0,伟*,0.84,1.75,1.06,20250109135437
国际米兰 vs 恩波利,3-1,0-0,伟*,0.83,1.75,1.06,20250109135213
国际米兰 vs 恩波利,3-1,0-0,伟*,0.84,1.75,1.06,20250109134310
国际米兰 vs 恩波利,3-1,0-0,伟*,0.83,1.75,1.07,20250109133852
国际米兰 vs 恩波利,3-1,0-0,伟*,0.84,1.75,1.06,20250109133121
国际米兰 vs 恩波利,3-1,0-0,伟*,0.83,1.75,1.07,20250109132913
国际米兰 vs 恩波利,3-1,0-0,伟*,0.84,1.75,1.06,20250109132423
国际米兰 vs 恩波利,3-1,0-0,伟*,0.83,1.75,1.06,20250109131148
国际米兰 vs 恩波利,3-1,0-0,伟*,0.84,1.75,1.06,20250109130726
国际米兰 vs 恩波利,3-1,0-0,伟*,0.83,1.75,1.06,20250109125035
国际米兰 vs 恩波利,3-1,0-0,伟*,0.83,1.75,1.07,20250109124739
国际米兰 vs 恩波利,3-1,0-0,伟*,0.84,1.75,1.06,20250109124305
国际米兰 vs 恩波利,3-1,0-0,伟*,0.83,1.75,1.06,20250109124036
国际米兰 vs 恩波利,3-1,0-0,伟*,0.84,1.75,1.06,20250109123156
国际米兰 vs 恩波利,3-1,0-0,伟*,0.83,1.75,1.07,20250109122953
国际米兰 vs 恩波利,3-1,0-0,伟*,0.84,1.75,1.06,20250109121612
国际米兰 vs 恩波利,3-1,0-0,伟*,0.83,1.75,1.06,20250109120945
国际米兰 vs 恩波利,3-1,0-0,伟*,0.83,1.75,1.07,20250109105744
国际米兰 vs 恩波利,3-1,0-0,伟*,0.83,1.75,1.06,20250109105155
国际米兰 vs 恩波利,3-1,0-0,伟*,0.83,1.75,1.07,20250109104837
国际米兰 vs 恩波利,3-1,0-0,伟*,0.84,1.75,1.06,20250109104145
国际米兰 vs 恩波利,3-1,0-0,伟*,0.83,1.75,1.07,20250109103828
国际米兰 vs 恩波利,3-1,0-0,伟*,0.84,1.75,1.06,20250109102951
国际米兰 vs 恩波利,3-1,0-0,伟*,0.83,1.75,1.06,20250109102040
国际米兰 vs 恩波利,3-1,0-0,伟*,0.84,1.75,1.06,20250109100534
国际米兰 vs 恩波利,3-1,0-0,伟*,0.83,1.75,1.07,20250109100313
国际米兰 vs 恩波利,3-1,0-0,伟*,0.84,1.75,1.06,20250109095025
国际米兰 vs 恩波利,3-1,0-0,伟*,0.83,1.75,1.06,20250109094514
国际米兰 vs 恩波利,3-1,0-0,伟*,0.84,1.75,1.06,20250109093936
国际米兰 vs 恩波利,3-1,0-0,伟*,0.83,1.75,1.06,20250109092642
国际米兰 vs 恩波利,3-1,0-0,伟*,0.83,1.75,1.07,20250109092428
国际米兰 vs 恩波利,3-1,0-0,伟*,0.83,1.75,1.06,20250109092221
国际米兰 vs 恩波利,3-1,0-0,伟*,0.84,1.75,1.06,20250109085400
国际米兰 vs 恩波利,3-1,0-0,伟*,0.83,1.75,1.06,20250109084942
国际米兰 vs 恩波利,3-1,0-0,伟*,0.84,1.75,1.06,20250109081312
国际米兰 vs 恩波利,3-1,0-0,伟*,0.83,1.75,1.06,20250109075509
国际米兰 vs 恩波利,3-1,0-0,伟*,0.84,1.75,1.06,20250109074950
国际米兰 vs 恩波利,3-1,0-0,伟*,0.83,1.75,1.06,20250109073429
国际米兰 vs 恩波利,3-1,0-0,伟*,0.83,1.75,1.07,20250109073203
国际米兰 vs 恩波利,3-1,0-0,伟*,0.84,1.75,1.06,20250109070525
国际米兰 vs 恩波利,3-1,0-0,伟*,0.83,1.75,1.06,20250109070311
国际米兰 vs 恩波利,3-1,0-0,伟*,0.84,1.75,1.06,20250109065627
国际米兰 vs 恩波利,3-1,0-0,伟*,0.83,1.75,1.06,20250109063812
国际米兰 vs 恩波利,3-1,0-0,伟*,0.83,1.75,1.07,20250109063610
国际米兰 vs 恩波利,3-1,0-0,伟*,0.83,1.75,1.06,20250109063400
国际米兰 vs 恩波利,3-1,0-0,伟*,0.84,1.75,1.06,20250109060510
国际米兰 vs 恩波利,3-1,0-0,伟*,0.83,1.75,1.06,20250109060306
国际米兰 vs 恩波利,3-1,0-0,伟*,0.83,1.75,1.07,20250109060054
国际米兰 vs 恩波利,3-1,0-0,伟*,0.83,1.75,1.06,20250109055844
国际米兰 vs 恩波利,3-1,0-0,伟*,0.84,1.75,1.06,20250109054552
国际米兰 vs 恩波利,3-1,0-0,伟*,0.83,1.75,1.06,20250109054340
国际米兰 vs 恩波利,3-1,0-0,伟*,0.84,1.75,1.06,20250109053918
国际米兰 vs 恩波利,3-1,0-0,伟*,0.83,1.75,1.07,20250109053018
国际米兰 vs 恩波利,3-1,0-0,伟*,0.83,1.75,1.06,20250109052810
国际米兰 vs 恩波利,3-1,0-0,伟*,0.84,1.75,1.06,20250109050624
国际米兰 vs 恩波利,3-1,0-0,伟*,0.83,1.75,1.07,20250109050410
国际米兰 vs 恩波利,3-1,0-0,伟*,0.83,1.75,1.06,20250109050211
国际米兰 vs 恩波利,3-1,0-0,伟*,0.84,1.75,1.06,20250109045657
国际米兰 vs 恩波利,3-1,0-0,伟*,0.83,1.75,1.06,20250109045339
国际米兰 vs 恩波利,3-1,0-0,伟*,0.83,1.75,1.07,20250109045123
国际米兰 vs 恩波利,3-1,0-0,伟*,0.84,1.75,1.06,20250109044712
国际米兰 vs 恩波利,3-1,0-0,伟*,0.83,1.75,1.06,20250109044039
国际米兰 vs 恩波利,3-1,0-0,伟*,0.84,1.75,1.06,20250109042157
国际米兰 vs 恩波利,3-1,0-0,伟*,0.83,1.75,1.06,20250109041658
国际米兰 vs 恩波利,3-1,0-0,伟*,0.83,1.75,1.07,20250109040121
国际米兰 vs 恩波利,3-1,0-0,伟*,0.84,1.75,1.06,20250109035430
国际米兰 vs 恩波利,3-1,0-0,伟*,0.83,1.75,1.06,20250109034731
国际米兰 vs 恩波利,3-1,0-0,伟*,0.84,1.75,1.06,20250109034245
国际米兰 vs 恩波利,3-1,0-0,伟*,0.83,1.75,1.07,20250109033817
国际米兰 vs 恩波利,3-1,0-0,伟*,0.83,1.75,1.06,20250109033606
国际米兰 vs 恩波利,3-1,0-0,伟*,0.83,1.75,1.07,20250109033140
国际米兰 vs 恩波利,3-1,0-0,伟*,0.84,1.75,1.06,20250109032708
国际米兰 vs 恩波利,3-1,0-0,伟*,0.83,1.75,1.06,20250109031621
国际米兰 vs 恩波利,3-1,0-0,伟*,0.84,1.75,1.06,20250109030522
国际米兰 vs 恩波利,3-1,0-0,伟*,0.83,1.75,1.07,20250109030303
国际米兰 vs 恩波利,3-1,0-0,伟*,0.84,1.75,1.06,20250109025006
国际米兰 vs 恩波利,3-1,0-0,伟*,0.83,1.75,1.07,20250109024735
国际米兰 vs 恩波利,3-1,0-0,伟*,0.83,1.75,1.06,20250109024519
国际米兰 vs 恩波利,3-1,0-0,伟*,0.83,1.75,1.07,20250109024301
国际米兰 vs 恩波利,3-1,0-0,伟*,0.84,1.75,1.06,20250109022925
国际米兰 vs 恩波利,3-1,0-0,伟*,0.83,1.75,1.06,20250109022007
国际米兰 vs 恩波利,3-1,0-0,伟*,0.84,1.75,1.06,20250109021138
国际米兰 vs 恩波利,3-1,0-0,伟*,0.83,1.75,1.07,20250109020715
国际米兰 vs 恩波利,3-1,0-0,伟*,0.83,1.75,1.06,20250109020505
国际米兰 vs 恩波利,3-1,0-0,伟*,0.83,1.75,1.07,20250109020307
国际米兰 vs 恩波利,3-1,0-0,伟*,0.84,1.75,1.06,20250109015000
国际米兰 vs 恩波利,3-1,0-0,伟*,0.83,1.75,1.06,20250109014300
国际米兰 vs 恩波利,3-1,0-0,伟*,0.84,1.75,1.06,20250109013616
国际米兰 vs 恩波利,3-1,0-0,伟*,0.83,1.75,1.07,20250109013415
国际米兰 vs 恩波利,3-1,0-0,伟*,0.84,1.75,1.06,20250109004607
国际米兰 vs 恩波利,3-1,0-0,伟*,0.83,1.75,1.06,20250109003659
国际米兰 vs 恩波利,3-1,0-0,伟*,0.83,1.75,1.07,20250109002728
国际米兰 vs 恩波利,3-1,0-0,伟*,0.83,1.75,1.06,20250109002510
国际米兰 vs 恩波利,3-1,0-0,伟*,0.83,1.75,1.07,20250109002053
国际米兰 vs 恩波利,3-1,0-0,伟*,0.84,1.75,1.06,20250108234958
国际米兰 vs 恩波利,3-1,0-0,伟*,0.83,1.75,1.06,20250108234108
国际米兰 vs 恩波利,3-1,0-0,伟*,0.84,1.75,1.06,20250108232539
国际米兰 vs 恩波利,3-1,0-0,伟*,0.83,1.75,1.07,20250108232316
国际米兰 vs 恩波利,3-1,0-0,伟*,0.84,1.75,1.06,20250108230817
国际米兰 vs 恩波利,3-1,0-0,伟*,0.83,1.75,1.06,20250108230559
国际米兰 vs 恩波利,3-1,0-0,伟*,0.83,1.75,1.07,20250108230338
国际米兰 vs 恩波利,3-1,0-0,伟*,0.84,1.75,1.06,20250108224022
国际米兰 vs 恩波利,3-1,0-0,伟*,0.83,1.75,1.06,20250108223252
国际米兰 vs 恩波利,3-1,0-0,伟*,0.83,1.75,1.07,20250108222843
国际米兰 vs 恩波利,3-1,0-0,伟*,0.84,1.75,1.06,20250108221522
国际米兰 vs 恩波利,3-1,0-0,伟*,0.83,1.75,1.06,20250108221040
国际米兰 vs 恩波利,3-1,0-0,伟*,0.84,1.75,1.06,20250108220611
国际米兰 vs 恩波利,3-1,0-0,伟*,0.83,1.75,1.06,20250108220104
国际米兰 vs 恩波利,3-1,0-0,伟*,0.83,1.75,1.07,20250108215845
国际米兰 vs 恩波利,3-1,0-0,伟*,0.84,1.75,1.06,20250108215426
国际米兰 vs 恩波利,3-1,0-0,伟*,0.83,1.75,1.06,20250108214959
国际米兰 vs 恩波利,3-1,0-0,伟*,0.83,1.75,1.07,20250108214747
国际米兰 vs 恩波利,3-1,0-0,伟*,0.84,1.75,1.06,20250108204439
国际米兰 vs 恩波利,3-1,0-0,伟*,0.83,1.75,1.06,20250108202130
国际米兰 vs 恩波利,3-1,0-0,伟*,0.84,1.75,1.06,20250108201508
国际米兰 vs 恩波利,3-1,0-0,伟*,0.83,1.75,1.06,20250108195921
国际米兰 vs 恩波利,3-1,0-0,伟*,0.83,1.75,1.07,20250108195648
国际米兰 vs 恩波利,3-1,0-0,伟*,0.84,1.75,1.06,20250108195219
国际米兰 vs 恩波利,3-1,0-0,伟*,0.83,1.75,1.06,20250108194952
国际米兰 vs 恩波利,3-1,0-0,伟*,0.83,1.75,1.07,20250108194716
国际米兰 vs 恩波利,3-1,0-0,伟*,0.84,1.75,1.06,20250108191216
国际米兰 vs 恩波利,3-1,0-0,伟*,0.83,1.75,1.07,20250108190718
国际米兰 vs 恩波利,3-1,0-0,伟*,0.83,1.75,1.06,20250108190041
国际米兰 vs 恩波利,3-1,0-0,伟*,0.83,1.75,1.07,20250108185758
国际米兰 vs 恩波利,3-1,0-0,伟*,0.84,1.75,1.06,20250108183813
国际米兰 vs 恩波利,3-1,0-0,伟*,0.83,1.75,1.06,20250108182950
国际米兰 vs 恩波利,3-1,0-0,伟*,0.84,1.75,1.06,20250108182114
国际米兰 vs 恩波利,3-1,0-0,伟*,0.83,1.75,1.06,20250108180145
国际米兰 vs 恩波利,3-1,0-0,伟*,0.83,1.75,1.07,20250108175949
国际米兰 vs 恩波利,3-1,0-0,伟*,0.84,1.75,1.06,20250108175527
国际米兰 vs 恩波利,3-1,0-0,伟*,0.83,1.75,1.07,20250108175318
国际米兰 vs 恩波利,3-1,0-0,伟*,0.83,1.75,1.06,20250108174704
国际米兰 vs 恩波利,3-1,0-0,伟*,0.83,1.75,1.07,20250108174500
国际米兰 vs 恩波利,3-1,0-0,伟*,0.84,1.75,1.06,20250108174020
国际米兰 vs 恩波利,3-1,0-0,伟*,0.83,1.75,1.07,20250108172519
国际米兰 vs 恩波利,3-1,0-0,伟*,0.84,1.75,1.06,20250108170822
国际米兰 vs 恩波利,3-1,0-0,伟*,0.83,1.75,1.06,20250108170624
国际米兰 vs 恩波利,3-1,0-0,伟*,0.84,1.75,1.06,20250108165955
国际米兰 vs 恩波利,3-1,0-0,伟*,0.83,1.75,1.06,20250108161140
国际米兰 vs 恩波利,3-1,0-0,伟*,0.83,1.75,1.07,20250108160719
国际米兰 vs 恩波利,3-1,0-0,伟*,0.83,1.75,1.06,20250108160248
国际米兰 vs 恩波利,3-1,0-0,伟*,0.84,1.75,1.06,20250108155639
国际米兰 vs 恩波利,3-1,0-0,伟*,0.83,1.75,1.07,20250108155207
国际米兰 vs 恩波利,3-1,0-0,伟*,0.83,1.75,1.06,20250108154956
国际米兰 vs 恩波利,3-1,0-0,伟*,0.84,1.75,1.06,20250108154513
国际米兰 vs 恩波利,3-1,0-0,伟*,0.83,1.75,1.06,20250108154307
国际米兰 vs 恩波利,3-1,0-0,伟*,0.83,1.75,1.07,20250108153847
国际米兰 vs 恩波利,3-1,0-0,伟*,0.83,1.75,1.06,20250108153229
国际米兰 vs 恩波利,3-1,0-0,伟*,0.84,1.75,1.06,20250108151029
国际米兰 vs 恩波利,3-1,0-0,伟*,0.83,1.75,1.07,20250108145729
国际米兰 vs 恩波利,3-1,0-0,伟*,0.84,1.75,1.06,20250108142742
国际米兰 vs 恩波利,3-1,0-0,伟*,0.83,1.75,1.06,20250108142550
国际米兰 vs 恩波利,3-1,0-0,伟*,0.83,1.75,1.07,20250108141851
国际米兰 vs 恩波利,3-1,0-0,伟*,0.83,1.75,1.06,20250108141629
国际米兰 vs 恩波利,3-1,0-0,伟*,0.84,1.75,1.06,20250108141235
国际米兰 vs 恩波利,3-1,0-0,伟*,0.83,1.75,1.06,20250108140158
国际米兰 vs 恩波利,3-1,0-0,伟*,0.83,1.75,1.07,20250108135937
国际米兰 vs 恩波利,3-1,0-0,伟*,0.84,1.75,1.06,20250108134500
国际米兰 vs 恩波利,3-1,0-0,伟*,0.83,1.75,1.06,20250108134257
国际米兰 vs 恩波利,3-1,0-0,伟*,0.84,1.75,1.06,20250108133844
国际米兰 vs 恩波利,3-1,0-0,伟*,0.83,1.75,1.06,20250108133153
国际米兰 vs 恩波利,3-1,0-0,伟*,0.83,1.75,1.07,20250108132947
国际米兰 vs 恩波利,3-1,0-0,伟*,0.84,1.75,1.06,20250108132256
国际米兰 vs 恩波利,3-1,0-0,伟*,0.83,1.75,1.06,20250108131827
国际米兰 vs 恩波利,3-1,0-0,伟*,0.83,1.75,1.07,20250108131620
国际米兰 vs 恩波利,3-1,0-0,伟*,0.84,1.75,1.06,20250108131219
国际米兰 vs 恩波利,3-1,0-0,伟*,0.83,1.75,1.06,20250108130950
国际米兰 vs 恩波利,3-1,0-0,伟*,0.83,1.75,1.07,20250108130307
国际米兰 vs 恩波利,3-1,0-0,伟*,0.83,1.75,1.06,20250108130051
国际米兰 vs 恩波利,3-1,0-0,伟*,0.84,1.75,1.06,20250108124648
国际米兰 vs 恩波利,3-1,0-0,伟*,0.83,1.75,1.07,20250108124211
国际米兰 vs 恩波利,3-1,0-0,伟*,0.84,1.75,1.06,20250108123737
国际米兰 vs 恩波利,3-1,0-0,伟*,0.83,1.75,1.07,20250108123314
国际米兰 vs 恩波利,3-1,0-0,伟*,0.83,1.75,1.06,20250108122225
国际米兰 vs 恩波利,3-1,0-0,伟*,0.84,1.75,1.06,20250108122013
国际米兰 vs 恩波利,3-1,0-0,伟*,0.83,1.75,1.06,20250108120917
国际米兰 vs 恩波利,3-1,0-0,伟*,0.83,1.75,1.07,20250108120657
国际米兰 vs 恩波利,3-1,0-0,伟*,0.83,1.75,1.06,20250108120451
国际米兰 vs 恩波利,3-1,0-0,伟*,0.84,1.75,1.06,20250108114118
国际米兰 vs 恩波利,3-1,0-0,伟*,0.83,1.75,1.06,20250108113433
国际米兰 vs 恩波利,3-1,0-0,伟*,0.83,1.75,1.07,20250108113218
国际米兰 vs 恩波利,3-1,0-0,伟*,0.83,1.75,1.06,20250108113020
国际米兰 vs 恩波利,3-1,0-0,伟*,0.84,1.75,1.06,20250108112103
国际米兰 vs 恩波利,3-1,0-0,伟*,0.83,1.75,1.06,20250108111640
国际米兰 vs 恩波利,3-1,0-0,伟*,0.84,1.75,1.06,20250108111247
国际米兰 vs 恩波利,3-1,0-0,伟*,0.83,1.75,1.06,20250108110333
国际米兰 vs 恩波利,3-1,0-0,伟*,0.84,1.75,1.06,20250108105630
国际米兰 vs 恩波利,3-1,0-0,伟*,0.83,1.75,1.07,20250108104651
国际米兰 vs 恩波利,3-1,0-0,伟*,0.83,1.75,1.06,20250108103857
国际米兰 vs 恩波利,3-1,0-0,伟*,0.84,1.75,1.06,20250108103517
国际米兰 vs 恩波利,3-1,0-0,伟*,0.83,1.75,1.07,20250108103152
国际米兰 vs 恩波利,3-1,0-0,伟*,0.84,1.75,1.06,20250108101727
国际米兰 vs 恩波利,3-1,0-0,伟*,0.83,1.75,1.06,20250108101443
国际米兰 vs 恩波利,3-1,0-0,伟*,0.84,1.75,1.06,20250108100013
国际米兰 vs 恩波利,3-1,0-0,伟*,0.83,1.75,1.07,20250108095354
国际米兰 vs 恩波利,3-1,0-0,伟*,0.83,1.75,1.06,20250108095044
国际米兰 vs 恩波利,3-1,0-0,伟*,0.84,1.75,1.06,20250108094706
国际米兰 vs 恩波利,3-1,0-0,伟*,0.83,1.75,1.06,20250108094326
国际米兰 vs 恩波利,3-1,0-0,伟*,0.83,1.75,1.07,20250108093924
国际米兰 vs 恩波利,3-1,0-0,伟*,0.83,1.75,1.06,20250108092714
国际米兰 vs 恩波利,3-1,0-0,伟*,0.84,1.75,1.06,20250108092227
国际米兰 vs 恩波利,3-1,0-0,伟*,0.83,1.75,1.06,20250108091820
国际米兰 vs 恩波利,3-1,0-0,伟*,0.83,1.75,1.07,20250108091412
国际米兰 vs 恩波利,3-1,0-0,伟*,0.83,1.75,1.06,20250108085129
国际米兰 vs 恩波利,3-1,0-0,伟*,0.83,1.75,1.07,20250108084926
国际米兰 vs 恩波利,3-1,0-0,伟*,0.83,1.75,1.06,20250108084208
国际米兰 vs 恩波利,3-1,0-0,伟*,0.84,1.75,1.06,20250108083313
国际米兰 vs 恩波利,3-1,0-0,伟*,0.83,1.75,1.07,20250108083009
国际米兰 vs 恩波利,3-1,0-0,伟*,0.83,1.75,1.06,20250108082101
国际米兰 vs 恩波利,3-1,0-0,伟*,0.84,1.75,1.06,20250108081346
国际米兰 vs 恩波利,3-1,0-0,伟*,0.83,1.75,1.07,20250108081125
国际米兰 vs 恩波利,3-1,0-0,伟*,0.83,1.75,1.06,20250108080933
国际米兰 vs 恩波利,3-1,0-0,伟*,0.84,1.75,1.06,20250108080328
国际米兰 vs 恩波利,3-1,0-0,伟*,0.83,1.75,1.06,20250108075256
国际米兰 vs 恩波利,3-1,0-0,伟*,0.83,1.75,1.07,20250108075038
国际米兰 vs 恩波利,3-1,0-0,伟*,0.83,1.75,1.06,20250108074610
国际米兰 vs 恩波利,3-1,0-0,伟*,0.84,1.75,1.06,20250108074153
国际米兰 vs 恩波利,3-1,0-0,伟*,0.83,1.75,1.06,20250108073504
国际米兰 vs 恩波利,3-1,0-0,伟*,0.83,1.75,1.07,20250108073307
国际米兰 vs 恩波利,3-1,0-0,伟*,0.84,1.75,1.06,20250108073040
国际米兰 vs 恩波利,3-1,0-0,伟*,0.83,1.75,1.06,20250108072242
国际米兰 vs 恩波利,3-1,0-0,伟*,0.84,1.75,1.06,20250108071633
国际米兰 vs 恩波利,3-1,0-0,伟*,0.83,1.75,1.07,20250108071417
国际米兰 vs 恩波利,3-1,0-0,伟*,0.83,1.75,1.06,20250108070758
国际米兰 vs 恩波利,3-1,0-0,伟*,0.84,1.75,1.06,20250108065644
国际米兰 vs 恩波利,3-1,0-0,伟*,0.83,1.75,1.06,20250108065232
国际米兰 vs 恩波利,3-1,0-0,伟*,0.83,1.75,1.07,20250108065032
国际米兰 vs 恩波利,3-1,0-0,伟*,0.83,1.75,1.06,20250108064334
国际米兰 vs 恩波利,3-1,0-0,伟*,0.84,1.75,1.06,20250108063305
国际米兰 vs 恩波利,3-1,0-0,伟*,0.83,1.75,1.06,20250108063111
国际米兰 vs 恩波利,3-1,0-0,伟*,0.83,1.75,1.07,20250108062852
国际米兰 vs 恩波利,3-1,0-0,伟*,0.84,1.75,1.06,20250108055848
国际米兰 vs 恩波利,3-1,0-0,伟*,0.83,1.75,1.06,20250108055633
国际米兰 vs 恩波利,3-1,0-0,伟*,0.84,1.75,1.06,20250108055208
国际米兰 vs 恩波利,3-1,0-0,伟*,0.83,1.75,1.06,20250108054047
国际米兰 vs 恩波利,3-1,0-0,伟*,0.83,1.75,1.07,20250108053619
国际米兰 vs 恩波利,3-1,0-0,伟*,0.84,1.75,1.06,20250108050544
国际米兰 vs 恩波利,3-1,0-0,伟*,0.83,1.75,1.06,20250108050352
国际米兰 vs 恩波利,3-1,0-0,伟*,0.84,1.75,1.06,20250108045941
国际米兰 vs 恩波利,3-1,0-0,伟*,0.83,1.75,1.06,20250108045730
国际米兰 vs 恩波利,3-1,0-0,伟*,0.83,1.75,1.07,20250108045340
国际米兰 vs 恩波利,3-1,0-0,伟*,0.83,1.75,1.06,20250108043018
国际米兰 vs 恩波利,3-1,0-0,伟*,0.84,1.75,1.06,20250108042556
国际米兰 vs 恩波利,3-1,0-0,伟*,0.83,1.75,1.06,20250108042149
国际米兰 vs 恩波利,3-1,0-0,伟*,0.83,1.75,1.07,20250108041955
国际米兰 vs 恩波利,3-1,0-0,伟*,0.83,1.75,1.06,20250108041758
国际米兰 vs 恩波利,3-1,0-0,伟*,0.84,1.75,1.06,20250108041103
国际米兰 vs 恩波利,3-1,0-0,伟*,0.83,1.75,1.06,20250108040846
国际米兰 vs 恩波利,3-1,0-0,伟*,0.83,1.75,1.07,20250108040638
国际米兰 vs 恩波利,3-1,0-0,伟*,0.83,1.75,1.06,20250108040157
国际米兰 vs 恩波利,3-1,0-0,伟*,0.84,1.75,1.06,20250108035715
国际米兰 vs 恩波利,3-1,0-0,伟*,0.83,1.75,1.06,20250108035455
国际米兰 vs 恩波利,3-1,0-0,伟*,0.83,1.75,1.07,20250108035216
国际米兰 vs 恩波利,3-1,0-0,伟*,0.83,1.75,1.06,20250108035020
国际米兰 vs 恩波利,3-1,0-0,伟*,0.84,1.75,1.06,20250108033519
国际米兰 vs 恩波利,3-1,0-0,伟*,0.83,1.75,1.06,20250108033108
国际米兰 vs 恩波利,3-1,0-0,伟*,0.83,1.75,1.07,20250108032218
国际米兰 vs 恩波利,3-1,0-0,伟*,0.84,1.75,1.06,20250108022534
国际米兰 vs 恩波利,3-1,0-0,伟*,0.83,1.75,1.06,20250108022123
国际米兰 vs 恩波利,3-1,0-0,伟*,0.84,1.75,1.06,20250108021510
国际米兰 vs 恩波利,3-1,0-0,伟*,0.83,1.75,1.06,20250108021316
国际米兰 vs 恩波利,3-1,0-0,伟*,0.83,1.75,1.07,20250108021105
国际米兰 vs 恩波利,3-1,0-0,伟*,0.84,1.75,1.06,20250108015351
国际米兰 vs 恩波利,3-1,0-0,伟*,0.83,1.75,1.06,20250108014932
国际米兰 vs 恩波利,3-1,0-0,伟*,0.84,1.75,1.06,20250108014514
国际米兰 vs 恩波利,3-1,0-0,伟*,0.83,1.75,1.06,20250108013903
国际米兰 vs 恩波利,3-1,0-0,伟*,0.83,1.75,1.07,20250108013648
国际米兰 vs 恩波利,3-1,0-0,伟*,0.84,1.75,1.06,20250108013233
国际米兰 vs 恩波利,3-1,0-0,伟*,0.83,1.75,1.06,20250108013041
国际米兰 vs 恩波利,3-1,0-0,伟*,0.84,1.75,1.06,20250108012227
国际米兰 vs 恩波利,3-1,0-0,伟*,0.83,1.75,1.06,20250108011411
国际米兰 vs 恩波利,3-1,0-0,伟*,0.83,1.75,1.07,20250108011204
国际米兰 vs 恩波利,3-1,0-0,伟*,0.83,1.75,1.06,20250108011008
国际米兰 vs 恩波利,3-1,0-0,伟*,0.84,1.75,1.06,20250108010142
国际米兰 vs 恩波利,3-1,0-0,伟*,0.83,1.75,1.06,20250108005443
国际米兰 vs 恩波利,3-1,0-0,伟*,0.83,1.75,1.07,20250108004442
国际米兰 vs 恩波利,3-1,0-0,伟*,0.83,1.75,1.06,20250108000322
国际米兰 vs 恩波利,3-1,0-0,伟*,0.84,1.75,1.06,20250107235414
国际米兰 vs 恩波利,3-1,0-0,伟*,0.83,1.75,1.06,20250107233856
国际米兰 vs 恩波利,3-1,0-0,伟*,0.84,1.75,1.06,20250107233545
国际米兰 vs 恩波利,3-1,0-0,伟*,0.83,1.75,1.06,20250107232559
国际米兰 vs 恩波利,3-1,0-0,伟*,0.83,1.75,1.07,20250107232316
国际米兰 vs 恩波利,3-1,0-0,伟*,0.84,1.75,1.06,20250107232024
国际米兰 vs 恩波利,3-1,0-0,伟*,0.83,1.75,1.06,20250107231648
国际米兰 vs 恩波利,3-1,0-0,伟*,0.83,1.75,1.07,20250107231345
国际米兰 vs 恩波利,3-1,0-0,伟*,0.84,1.75,1.06,20250107230808
国际米兰 vs 恩波利,3-1,0-0,伟*,0.83,1.75,1.07,20250107225615
国际米兰 vs 恩波利,3-1,0-0,伟*,0.83,1.75,1.06,20250107224601
国际米兰 vs 恩波利,3-1,0-0,伟*,0.84,1.75,1.06,20250107222552
国际米兰 vs 恩波利,3-1,0-0,伟*,0.83,1.75,1.07,20250107222151
国际米兰 vs 恩波利,3-1,0-0,伟*,0.84,1.75,1.06,20250107214209
国际米兰 vs 恩波利,3-1,0-0,伟*,0.83,1.75,1.06,20250107212020
国际米兰 vs 恩波利,3-1,0-0,伟*,0.83,1.75,1.07,20250107211814
国际米兰 vs 恩波利,3-1,0-0,伟*,0.84,1.75,1.06,20250107211159
国际米兰 vs 恩波利,3-1,0-0,伟*,0.83,1.75,1.06,20250107202554
国际米兰 vs 恩波利,3-1,0-0,伟*,0.83,1.75,1.07,20250107202323
国际米兰 vs 恩波利,3-1,0-0,伟*,0.84,1.75,1.06,20250107195046
国际米兰 vs 恩波利,3-1,0-0,伟*,0.83,1.75,1.06,20250107194624
国际米兰 vs 恩波利,3-1,0-0,伟*,0.83,1.75,1.07,20250107194404
国际米兰 vs 恩波利,3-1,0-0,伟*,0.84,1.75,1.06,20250107192118
国际米兰 vs 恩波利,3-1,0-0,伟*,0.83,1.75,1.06,20250107190714
国际米兰 vs 恩波利,3-1,0-0,伟*,0.83,1.75,1.07,20250107185853
国际米兰 vs 恩波利,3-1,0-0,伟*,0.83,1.75,1.06,20250107185022
国际米兰 vs 恩波利,3-1,0-0,伟*,0.84,1.75,1.06,20250107183012
国际米兰 vs 恩波利,3-1,0-0,伟*,0.83,1.75,1.07,20250107182758
国际米兰 vs 恩波利,3-1,0-0,伟*,0.84,1.75,1.06,20250107181849
国际米兰 vs 恩波利,3-1,0-0,伟*,0.83,1.75,1.06,20250107180940
国际米兰 vs 恩波利,3-1,0-0,伟*,0.84,1.75,1.06,20250107180313
国际米兰 vs 恩波利,3-1,0-0,伟*,0.83,1.75,1.06,20250107180053
国际米兰 vs 恩波利,3-1,0-0,伟*,0.83,1.75,1.07,20250107175854
国际米兰 vs 恩波利,3-1,0-0,伟*,0.84,1.75,1.06,20250107175448
国际米兰 vs 恩波利,3-1,0-0,伟*,0.83,1.75,1.06,20250107175030
国际米兰 vs 恩波利,3-1,0-0,伟*,0.84,1.75,1.06,20250107174556
国际米兰 vs 恩波利,3-1,0-0,伟*,0.83,1.75,1.07,20250107174139
国际米兰 vs 恩波利,3-1,0-0,伟*,0.84,1.75,1.06,20250107170803
国际米兰 vs 恩波利,3-1,0-0,伟*,0.83,1.75,1.06,20250107170158
国际米兰 vs 恩波利,3-1,0-0,伟*,0.84,1.75,1.06,20250107165554
国际米兰 vs 恩波利,3-1,0-0,伟*,0.83,1.75,1.06,20250107165030
国际米兰 vs 恩波利,3-1,0-0,伟*,0.83,1.75,1.07,20250107164402
国际米兰 vs 恩波利,3-1,0-0,伟*,0.84,1.75,1.06,20250107163414
国际米兰 vs 恩波利,3-1,0-0,伟*,0.83,1.75,1.06,20250107161243
国际米兰 vs 恩波利,3-1,0-0,伟*,0.83,1.75,1.07,20250107161015
国际米兰 vs 恩波利,3-1,0-0,伟*,0.84,1.75,1.06,20250107155809
国际米兰 vs 恩波利,3-1,0-0,伟*,0.83,1.75,1.07,20250107155220
国际米兰 vs 恩波利,3-1,0-0,伟*,0.83,1.75,1.06,20250107155008
国际米兰 vs 恩波利,3-1,0-0,伟*,0.84,1.75,1.06,20250107153522
国际米兰 vs 恩波利,3-1,0-0,伟*,0.83,1.75,1.07,20250107153107
国际米兰 vs 恩波利,3-1,0-0,伟*,0.84,1.75,1.06,20250107152318
国际米兰 vs 恩波利,3-1,0-0,伟*,0.83,1.75,1.06,20250107150321
国际米兰 vs 恩波利,3-1,0-0,伟*,0.84,1.75,1.06,20250107144837
国际米兰 vs 恩波利,3-1,0-0,伟*,0.83,1.75,1.07,20250107144637
国际米兰 vs 恩波利,3-1,0-0,伟*,0.83,1.75,1.06,20250107144013
国际米兰 vs 恩波利,3-1,0-0,伟*,0.84,1.75,1.06,20250107143558
国际米兰 vs 恩波利,3-1,0-0,伟*,0.83,1.75,1.06,20250107142739
国际米兰 vs 恩波利,3-1,0-0,伟*,0.83,1.75,1.07,20250107142519
国际米兰 vs 恩波利,3-1,0-0,伟*,0.83,1.75,1.06,20250107141905
国际米兰 vs 恩波利,3-1,0-0,伟*,0.84,1.75,1.06,20250107141458
国际米兰 vs 恩波利,3-1,0-0,伟*,0.83,1.75,1.07,20250107141031
国际米兰 vs 恩波利,3-1,0-0,伟*,0.83,1.75,1.06,20250107140824
国际米兰 vs 恩波利,3-1,0-0,伟*,0.84,1.75,1.06,20250107134420
国际米兰 vs 恩波利,3-1,0-0,伟*,0.83,1.75,1.07,20250107134212
国际米兰 vs 恩波利,3-1,0-0,伟*,0.84,1.75,1.06,20250107133511
国际米兰 vs 恩波利,3-1,0-0,伟*,0.83,1.75,1.06,20250107132633
国际米兰 vs 恩波利,3-1,0-0,伟*,0.84,1.75,1.06,20250107130123
国际米兰 vs 恩波利,3-1,0-0,伟*,0.83,1.75,1.06,20250107125931
国际米兰 vs 恩波利,3-1,0-0,伟*,0.84,1.75,1.06,20250107125259
国际米兰 vs 恩波利,3-1,0-0,伟*,0.83,1.75,1.07,20250107125108
国际米兰 vs 恩波利,3-1,0-0,伟*,0.83,1.75,1.06,20250107124651
国际米兰 vs 恩波利,3-1,0-0,伟*,0.84,1.75,1.06,20250107124233
国际米兰 vs 恩波利,3-1,0-0,伟*,0.83,1.75,1.06,20250107122516
国际米兰 vs 恩波利,3-1,0-0,伟*,0.84,1.75,1.06,20250107122115
国际米兰 vs 恩波利,3-1,0-0,伟*,0.83,1.75,1.07,20250107121856
国际米兰 vs 恩波利,3-1,0-0,伟*,0.84,1.75,1.06,20250107112440
国际米兰 vs 恩波利,3-1,0-0,伟*,0.83,1.75,1.06,20250107111832
国际米兰 vs 恩波利,3-1,0-0,伟*,0.84,1.75,1.06,20250107110618
国际米兰 vs 恩波利,3-1,0-0,伟*,0.83,1.75,1.06,20250107105932
国际米兰 vs 恩波利,3-1,0-0,伟*,0.84,1.75,1.06,20250107105229
国际米兰 vs 恩波利,3-1,0-0,伟*,0.83,1.75,1.06,20250107104926
国际米兰 vs 恩波利,3-1,0-0,伟*,0.84,1.75,1.06,20250107102804
国际米兰 vs 恩波利,3-1,0-0,伟*,0.83,1.75,1.07,20250107102534
国际米兰 vs 恩波利,3-1,0-0,伟*,0.83,1.75,1.06,20250107102248
国际米兰 vs 恩波利,3-1,0-0,伟*,0.84,1.75,1.06,20250107101720
国际米兰 vs 恩波利,3-1,0-0,伟*,0.83,1.75,1.06,20250107101055
国际米兰 vs 恩波利,3-1,0-0,伟*,0.83,1.75,1.07,20250107100538
国际米兰 vs 恩波利,3-1,0-0,伟*,0.84,1.75,1.06,20250107100018
国际米兰 vs 恩波利,3-1,0-0,伟*,0.83,1.75,1.06,20250107095757
国际米兰 vs 恩波利,3-1,0-0,伟*,0.83,1.75,1.07,20250107095354
国际米兰 vs 恩波利,3-1,0-0,伟*,0.83,1.75,1.06,20250107095131
国际米兰 vs 恩波利,3-1,0-0,伟*,0.83,1.75,1.07,20250107094916
国际米兰 vs 恩波利,3-1,0-0,伟*,0.84,1.75,1.06,20250107094708
国际米兰 vs 恩波利,3-1,0-0,伟*,0.83,1.75,1.06,20250107093547
国际米兰 vs 恩波利,3-1,0-0,伟*,0.83,1.75,1.07,20250107082442
国际米兰 vs 恩波利,3-1,0-0,伟*,0.84,1.75,1.06,20250107081624
国际米兰 vs 恩波利,3-1,0-0,伟*,0.83,1.75,1.07,20250107074208
国际米兰 vs 恩波利,3-1,0-0,伟*,0.84,1.75,1.06,20250107072623
国际米兰 vs 恩波利,3-1,0-0,伟*,0.83,1.75,1.07,20250107071500
国际米兰 vs 恩波利,3-1,0-0,伟*,0.84,1.75,1.06,20250107071049
国际米兰 vs 恩波利,3-1,0-0,伟*,0.83,1.75,1.07,20250107064947
国际米兰 vs 恩波利,3-1,0-0,伟*,0.84,1.75,1.06,20250107064138
国际米兰 vs 恩波利,3-1,0-0,伟*,0.83,1.75,1.07,20250107053311
国际米兰 vs 恩波利,3-1,0-0,伟*,0.84,1.75,1.06,20250107051709
国际米兰 vs 恩波利,3-1,0-0,伟*,0.83,1.75,1.07,20250107051325
国际米兰 vs 恩波利,3-1,0-0,伟*,0.84,1.75,1.06,20250107050648
国际米兰 vs 恩波利,3-1,0-0,伟*,0.83,1.75,1.07,20250107045631
国际米兰 vs 恩波利,3-1,0-0,伟*,0.84,1.75,1.06,20250107044410
国际米兰 vs 恩波利,3-1,0-0,伟*,0.83,1.75,1.07,20250107035632
国际米兰 vs 恩波利,3-1,0-0,伟*,0.84,1.75,1.06,20250107034842
国际米兰 vs 恩波利,3-1,0-0,伟*,0.83,1.75,1.07,20250107034459
国际米兰 vs 恩波利,3-1,0-0,伟*,0.84,1.75,1.06,20250107031918
国际米兰 vs 恩波利,3-1,0-0,伟*,0.83,1.75,1.07,20250107031124
国际米兰 vs 恩波利,3-1,0-0,伟*,0.84,1.75,1.06,20250107030217
国际米兰 vs 恩波利,3-1,0-0,伟*,0.83,1.75,1.07,20250107015938
国际米兰 vs 恩波利,3-1,0-0,伟*,0.84,1.75,1.06,20250107015534
国际米兰 vs 恩波利,3-1,0-0,伟*,0.83,1.75,1.07,20250107005035
国际米兰 vs 恩波利,3-1,0-0,伟*,0.84,1.75,1.06,20250107004654
国际米兰 vs 恩波利,3-1,0-0,伟*,0.83,1.75,1.07,20250106230834
国际米兰 vs 恩波利,3-1,0-0,伟*,0.84,1.75,1.06,20250106224825
国际米兰 vs 恩波利,3-1,0-0,伟*,0.83,1.75,1.07,20250106194315
国际米兰 vs 恩波利,3-1,0-0,明*,1.03,1.5,0.9,20250120034458
国际米兰 vs 恩波利,3-1,0-0,明*,1.01,1.5,0.92,20250120033952
国际米兰 vs 恩波利,3-1,0-0,明*,1.0,1.5,0.93,20250120033925
国际米兰 vs 恩波利,3-1,0-0,明*,0.96,1.5,0.97,20250120033854
国际米兰 vs 恩波利,3-1,0-0,明*,0.94,1.5,0.99,20250120033748
国际米兰 vs 恩波利,3-1,0-0,明*,0.95,1.5,0.98,20250120033714
国际米兰 vs 恩波利,3-1,0-0,明*,0.97,1.5,0.96,20250120033635
国际米兰 vs 恩波利,3-1,0-0,明*,0.94,1.5,0.99,20250120032305
国际米兰 vs 恩波利,3-1,0-0,明*,0.95,1.5,0.98,20250120032201
国际米兰 vs 恩波利,3-1,0-0,明*,0.96,1.5,0.97,20250120032132
国际米兰 vs 恩波利,3-1,0-0,明*,1.0,1.5,0.93,20250120031827
国际米兰 vs 恩波利,3-1,0-0,明*,0.99,1.5,0.94,20250120031733
国际米兰 vs 恩波利,3-1,0-0,明*,1.0,1.5,0.93,20250120031326
国际米兰 vs 恩波利,3-1,0-0,明*,1.01,1.5,0.92,20250120031019
国际米兰 vs 恩波利,3-1,0-0,明*,1.02,1.5,0.91,20250120030857
国际米兰 vs 恩波利,3-1,0-0,明*,1.03,1.5,0.9,20250120025440
国际米兰 vs 恩波利,3-1,0-0,明*,1.02,1.5,0.91,20250120025338
国际米兰 vs 恩波利,3-1,0-0,明*,1.01,1.5,0.92,20250120025227
国际米兰 vs 恩波利,3-1,0-0,明*,1.02,1.5,0.91,20250120025155
国际米兰 vs 恩波利,3-1,0-0,明*,1.03,1.5,0.9,20250120025121
国际米兰 vs 恩波利,3-1,0-0,明*,1.02,1.5,0.91,20250120025016
国际米兰 vs 恩波利,3-1,0-0,明*,1.06,1.5,0.87,20250120024539
国际米兰 vs 恩波利,3-1,0-0,明*,1.07,1.5,0.86,20250120024135
国际米兰 vs 恩波利,3-1,0-0,明*,1.08,1.5,0.85,20250120021923
国际米兰 vs 恩波利,3-1,0-0,明*,1.07,1.5,0.86,20250120021526
国际米兰 vs 恩波利,3-1,0-0,明*,1.08,1.5,0.85,20250120015102
国际米兰 vs 恩波利,3-1,0-0,明*,1.09,1.5,0.84,20250120014640
国际米兰 vs 恩波利,3-1,0-0,明*,1.11,1.5,0.83,20250120014224
国际米兰 vs 恩波利,3-1,0-0,明*,1.09,1.5,0.84,20250120014020
国际米兰 vs 恩波利,3-1,0-0,明*,1.11,1.5,0.83,20250120013633
国际米兰 vs 恩波利,3-1,0-0,明*,1.09,1.5,0.84,20250120013020
国际米兰 vs 恩波利,3-1,0-0,明*,1.11,1.5,0.83,20250120012757
国际米兰 vs 恩波利,3-1,0-0,明*,1.12,1.5,0.82,20250120012304
国际米兰 vs 恩波利,3-1,0-0,明*,1.13,1.5,0.81,20250120012234
国际米兰 vs 恩波利,3-1,0-0,明*,1.11,1.5,0.83,20250120012013
国际米兰 vs 恩波利,3-1,0-0,明*,1.12,1.5,0.82,20250120011624
国际米兰 vs 恩波利,3-1,0-0,明*,1.11,1.5,0.83,20250120011553
国际米兰 vs 恩波利,3-1,0-0,明*,1.08,1.5,0.85,20250120010905
国际米兰 vs 恩波利,3-1,0-0,明*,1.14,1.5,0.8,20250120003837
国际米兰 vs 恩波利,3-1,0-0,明*,1.13,1.5,0.81,20250120003804
国际米兰 vs 恩波利,3-1,0-0,明*,1.12,1.5,0.82,20250120003729
国际米兰 vs 恩波利,3-1,0-0,明*,1.11,1.5,0.83,20250120003306
国际米兰 vs 恩波利,3-1,0-0,明*,1.09,1.5,0.84,20250120003232
国际米兰 vs 恩波利,3-1,0-0,明*,1.11,1.5,0.83,20250120001942
国际米兰 vs 恩波利,3-1,0-0,明*,1.12,1.5,0.82,20250120001421
国际米兰 vs 恩波利,3-1,0-0,明*,1.11,1.5,0.83,20250120000452
国际米兰 vs 恩波利,3-1,0-0,明*,1.13,1.5,0.81,20250120000202
国际米兰 vs 恩波利,3-1,0-0,明*,1.12,1.5,0.82,20250120000027
国际米兰 vs 恩波利,3-1,0-0,明*,1.11,1.5,0.83,20250119234114
国际米兰 vs 恩波利,3-1,0-0,明*,1.12,1.5,0.82,20250119230007
国际米兰 vs 恩波利,3-1,0-0,明*,1.06,1.5,0.87,20250119223436
国际米兰 vs 恩波利,3-1,0-0,明*,1.07,1.5,0.86,20250119223042
国际米兰 vs 恩波利,3-1,0-0,明*,1.04,1.5,0.89,20250119222303
国际米兰 vs 恩波利,3-1,0-0,明*,1.03,1.5,0.9,20250119222134
国际米兰 vs 恩波利,3-1,0-0,明*,1.04,1.5,0.89,20250119222104
国际米兰 vs 恩波利,3-1,0-0,明*,1.0,1.5,0.93,20250119220752
国际米兰 vs 恩波利,3-1,0-0,明*,0.98,1.5,0.95,20250119215730
国际米兰 vs 恩波利,3-1,0-0,明*,0.97,1.5,0.96,20250119215657
国际米兰 vs 恩波利,3-1,0-0,明*,0.98,1.5,0.95,20250119215548
国际米兰 vs 恩波利,3-1,0-0,明*,0.96,1.5,0.97,20250119215224
国际米兰 vs 恩波利,3-1,0-0,明*,0.95,1.5,0.98,20250119215146
国际米兰 vs 恩波利,3-1,0-0,明*,0.94,1.5,0.99,20250119214745
国际米兰 vs 恩波利,3-1,0-0,明*,0.93,1.5,1.0,20250119214444
国际米兰 vs 恩波利,3-1,0-0,明*,0.91,1.5,1.02,20250119214400
国际米兰 vs 恩波利,3-1,0-0,明*,0.89,1.5,1.04,20250119210557
国际米兰 vs 恩波利,3-1,0-0,明*,0.9,1.5,1.03,20250119210524
国际米兰 vs 恩波利,3-1,0-0,明*,0.91,1.5,1.03,20250119210307
国际米兰 vs 恩波利,3-1,0-0,明*,0.91,1.5,1.02,20250119203043
国际米兰 vs 恩波利,3-1,0-0,明*,0.9,1.5,1.03,20250119202125
国际米兰 vs 恩波利,3-1,0-0,明*,0.91,1.5,1.02,20250119202043
国际米兰 vs 恩波利,3-1,0-0,明*,0.89,1.5,1.04,20250119202012
国际米兰 vs 恩波利,3-1,0-0,明*,0.9,1.5,1.03,20250119193911
国际米兰 vs 恩波利,3-1,0-0,明*,1.17,1.75,0.78,20250119192802
国际米兰 vs 恩波利,3-1,0-0,明*,1.13,1.75,0.81,20250119192725
国际米兰 vs 恩波利,3-1,0-0,明*,1.14,1.75,0.8,20250119192616
国际米兰 vs 恩波利,3-1,0-0,明*,1.16,1.75,0.79,20250119192540
国际米兰 vs 恩波利,3-1,0-0,明*,1.09,1.75,0.84,20250119181744
国际米兰 vs 恩波利,3-1,0-0,明*,1.08,1.75,0.85,20250119175642
国际米兰 vs 恩波利,3-1,0-0,明*,1.07,1.75,0.86,20250119175055
国际米兰 vs 恩波利,3-1,0-0,明*,1.06,1.75,0.87,20250119174955
国际米兰 vs 恩波利,3-1,0-0,明*,1.08,1.75,0.85,20250119173632
国际米兰 vs 恩波利,3-1,0-0,明*,1.09,1.75,0.84,20250119170356
国际米兰 vs 恩波利,3-1,0-0,明*,1.11,1.75,0.83,20250119170315
国际米兰 vs 恩波利,3-1,0-0,明*,1.09,1.75,0.84,20250119164916
国际米兰 vs 恩波利,3-1,0-0,明*,1.08,1.75,0.85,20250119151529
国际米兰 vs 恩波利,3-1,0-0,明*,1.06,1.75,0.87,20250119150533
国际米兰 vs 恩波利,3-1,0-0,明*,1.05,1.75,0.87,20250119135521
国际米兰 vs 恩波利,3-1,0-0,明*,1.06,1.75,0.86,20250119135441
国际米兰 vs 恩波利,3-1,0-0,明*,1.05,1.75,0.87,20250119135406
国际米兰 vs 恩波利,3-1,0-0,明*,1.04,1.75,0.88,20250119135254
国际米兰 vs 恩波利,3-1,0-0,明*,1.03,1.75,0.89,20250119135019
国际米兰 vs 恩波利,3-1,0-0,明*,1.02,1.75,0.9,20250119133945
国际米兰 vs 恩波利,3-1,0-0,明*,1.0,1.75,0.92,20250119133910
国际米兰 vs 恩波利,3-1,0-0,明*,1.02,1.75,0.9,20250119132656
国际米兰 vs 恩波利,3-1,0-0,明*,0.98,1.75,0.94,20250119132305
国际米兰 vs 恩波利,3-1,0-0,明*,0.97,1.75,0.95,20250119132233
国际米兰 vs 恩波利,3-1,0-0,明*,0.96,1.75,0.96,20250119122831
国际米兰 vs 恩波利,3-1,0-0,明*,0.94,1.75,0.98,20250119121244
国际米兰 vs 恩波利,3-1,0-0,明*,0.93,1.75,0.97,20250119120409
国际米兰 vs 恩波利,3-1,0-0,明*,0.94,1.75,0.96,20250119112853
国际米兰 vs 恩波利,3-1,0-0,明*,0.93,1.75,0.97,20250119111146
国际米兰 vs 恩波利,3-1,0-0,明*,0.91,1.75,0.99,20250119093757
国际米兰 vs 恩波利,3-1,0-0,明*,0.94,1.75,0.96,20250119070930
国际米兰 vs 恩波利,3-1,0-0,明*,0.93,1.75,0.97,20250119025142
国际米兰 vs 恩波利,3-1,0-0,明*,0.94,1.75,0.96,20250119014521
国际米兰 vs 恩波利,3-1,0-0,明*,0.91,1.75,0.99,20250118131537
国际米兰 vs 恩波利,3-1,0-0,明*,0.89,1.75,0.99,20250118035222
国际米兰 vs 恩波利,3-1,0-0,明*,0.89,1.75,1.01,20250118035121
国际米兰 vs 恩波利,3-1,0-0,明*,0.89,1.75,0.99,20250118024134
国际米兰 vs 恩波利,3-1,0-0,明*,0.9,1.75,0.98,20250116212702
国际米兰 vs 恩波利,3-1,0-0,明*,0.88,1.75,1.0,20250116212607
国际米兰 vs 恩波利,3-1,0-0,明*,0.86,1.75,1.02,20250116203530
国际米兰 vs 恩波利,3-1,0-0,明*,0.87,1.75,1.01,20250116201913
国际米兰 vs 恩波利,3-1,0-0,明*,0.88,1.75,1.0,20250116180503
国际米兰 vs 恩波利,3-1,0-0,明*,0.86,1.75,1.02,20250116132723
国际米兰 vs 恩波利,3-1,0-0,明*,0.87,1.75,1.01,20250115125023
国际米兰 vs 恩波利,3-1,0-0,明*,0.88,1.75,1.0,20250113123722
国际米兰 vs 恩波利,3-1,0-0,明*,0.7,1.5,1.22,20250113105150
国际米兰 vs 恩波利,3-1,0-0,明*,0.88,1.75,1.0,20250113053159
国际米兰 vs 恩波利,3-1,0-0,明*,0.86,1.75,1.02,20250113022333
国际米兰 vs 恩波利,3-1,0-0,明*,1.13,2.0,0.76,20250110201732
国际米兰 vs 恩波利,3-1,0-0,明*,1.12,2.0,0.77,20250110174418
国际米兰 vs 恩波利,3-1,0-0,明*,1.09,2.0,0.79,20250106231254
国际米兰 vs 恩波利,3-1,0-0,明*,1.11,2.0,0.78,20250106103143
国际米兰 vs 恩波利,3-1,0-0,明*,1.06,2.0,0.82,20250106074442
国际米兰 vs 恩波利,3-1,0-0,金宝*,1.01,1.5,0.91,20250120034435
国际米兰 vs 恩波利,3-1,0-0,金宝*,1.0,1.5,0.92,20250120034000
国际米兰 vs 恩波利,3-1,0-0,金宝*,0.99,1.5,0.93,20250120033929
国际米兰 vs 恩波利,3-1,0-0,金宝*,0.96,1.5,0.96,20250120033858
国际米兰 vs 恩波利,3-1,0-0,金宝*,0.95,1.5,0.97,20250120033757
国际米兰 vs 恩波利,3-1,0-0,金宝*,0.93,1.5,0.99,20250120033524
国际米兰 vs 恩波利,3-1,0-0,金宝*,0.92,1.5,1.0,20250120032209
国际米兰 vs 恩波利,3-1,0-0,金宝*,0.93,1.5,0.99,20250120032139
国际米兰 vs 恩波利,3-1,0-0,金宝*,0.95,1.5,0.97,20250120032038
国际米兰 vs 恩波利,3-1,0-0,金宝*,0.97,1.5,0.95,20250120031533
国际米兰 vs 恩波利,3-1,0-0,金宝*,0.98,1.5,0.94,20250120031301
国际米兰 vs 恩波利,3-1,0-0,金宝*,0.99,1.5,0.93,20250120030421
国际米兰 vs 恩波利,3-1,0-0,金宝*,1.0,1.5,0.92,20250120030321
国际米兰 vs 恩波利,3-1,0-0,金宝*,1.01,1.5,0.91,20250120025745
国际米兰 vs 恩波利,3-1,0-0,金宝*,1.0,1.5,0.92,20250120025441
国际米兰 vs 恩波利,3-1,0-0,金宝*,0.98,1.5,0.94,20250120025411
国际米兰 vs 恩波利,3-1,0-0,金宝*,0.99,1.5,0.93,20250120025208
国际米兰 vs 恩波利,3-1,0-0,金宝*,1.0,1.5,0.92,20250120025138
国际米兰 vs 恩波利,3-1,0-0,金宝*,0.98,1.5,0.94,20250120025036
国际米兰 vs 恩波利,3-1,0-0,金宝*,1.03,1.5,0.89,20250120024904
国际米兰 vs 恩波利,3-1,0-0,金宝*,1.05,1.5,0.87,20250120024228
国际米兰 vs 恩波利,3-1,0-0,金宝*,1.06,1.5,0.86,20250120024126
国际米兰 vs 恩波利,3-1,0-0,金宝*,1.07,1.5,0.85,20250120024056
国际米兰 vs 恩波利,3-1,0-0,金宝*,1.05,1.5,0.87,20250120022424
国际米兰 vs 恩波利,3-1,0-0,金宝*,1.04,1.5,0.88,20250120022354
国际米兰 vs 恩波利,3-1,0-0,金宝*,1.05,1.5,0.87,20250120021544
国际米兰 vs 恩波利,3-1,0-0,金宝*,1.06,1.5,0.86,20250120021341
国际米兰 vs 恩波利,3-1,0-0,金宝*,1.07,1.5,0.85,20250120021240
国际米兰 vs 恩波利,3-1,0-0,金宝*,1.06,1.5,0.86,20250120014502
国际米兰 vs 恩波利,3-1,0-0,金宝*,1.07,1.5,0.85,20250120012940
国际米兰 vs 恩波利,3-1,0-0,金宝*,1.08,1.5,0.84,20250120011855
国际米兰 vs 恩波利,3-1,0-0,金宝*,1.09,1.5,0.83,20250120011824
国际米兰 vs 恩波利,3-1,0-0,金宝*,1.08,1.5,0.84,20250120011621
国际米兰 vs 恩波利,3-1,0-0,金宝*,1.07,1.5,0.85,20250120004706
国际米兰 vs 恩波利,3-1,0-0,金宝*,1.06,1.5,0.86,20250120003923
国际米兰 vs 恩波利,3-1,0-0,金宝*,1.05,1.5,0.87,20250120003852
国际米兰 vs 恩波利,3-1,0-0,金宝*,1.04,1.5,0.88,20250120001613
国际米兰 vs 恩波利,3-1,0-0,金宝*,1.05,1.5,0.87,20250120000900
国际米兰 vs 恩波利,3-1,0-0,金宝*,1.04,1.5,0.88,20250120000451
国际米兰 vs 恩波利,3-1,0-0,金宝*,1.06,1.5,0.86,20250119225147
国际米兰 vs 恩波利,3-1,0-0,金宝*,1.04,1.5,0.88,20250119225116
国际米兰 vs 恩波利,3-1,0-0,金宝*,1.03,1.5,0.89,20250119222314
国际米兰 vs 恩波利,3-1,0-0,金宝*,1.0,1.5,0.92,20250119222110
国际米兰 vs 恩波利,3-1,0-0,金宝*,0.99,1.5,0.93,20250119222038
国际米兰 vs 恩波利,3-1,0-0,金宝*,0.98,1.5,0.94,20250119220944
国际米兰 vs 恩波利,3-1,0-0,金宝*,0.99,1.5,0.93,20250119220913
国际米兰 vs 恩波利,3-1,0-0,金宝*,0.97,1.5,0.95,20250119220709
国际米兰 vs 恩波利,3-1,0-0,金宝*,0.95,1.5,0.97,20250119215200
国际米兰 vs 恩波利,3-1,0-0,金宝*,0.92,1.5,1.0,20250119214749
国际米兰 vs 恩波利,3-1,0-0,金宝*,0.91,1.5,1.01,20250119214411
国际米兰 vs 恩波利,3-1,0-0,金宝*,0.86,1.5,1.06,20250119212109
国际米兰 vs 恩波利,3-1,0-0,金宝*,0.87,1.5,1.05,20250119210940
国际米兰 vs 恩波利,3-1,0-0,金宝*,0.86,1.5,1.06,20250119210909
国际米兰 vs 恩波利,3-1,0-0,金宝*,0.89,1.5,1.03,20250119202432
国际米兰 vs 恩波利,3-1,0-0,金宝*,0.88,1.5,1.04,20250119202021
国际米兰 vs 恩波利,3-1,0-0,金宝*,0.9,1.5,1.02,20250119201949
国际米兰 vs 恩波利,3-1,0-0,金宝*,0.89,1.5,1.03,20250119201917
国际米兰 vs 恩波利,3-1,0-0,金宝*,0.91,1.5,1.01,20250119194254
国际米兰 vs 恩波利,3-1,0-0,金宝*,0.9,1.5,1.02,20250119194222
国际米兰 vs 恩波利,3-1,0-0,金宝*,0.91,1.5,1.01,20250119192806
国际米兰 vs 恩波利,3-1,0-0,金宝*,0.89,1.5,1.03,20250119192703
国际米兰 vs 恩波利,3-1,0-0,金宝*,1.13,1.75,0.8,20250119192631
国际米兰 vs 恩波利,3-1,0-0,金宝*,1.09,1.75,0.83,20250119192559
国际米兰 vs 恩波利,3-1,0-0,金宝*,1.08,1.75,0.84,20250119184722
国际米兰 vs 恩波利,3-1,0-0,金宝*,1.07,1.75,0.85,20250119182335
国际米兰 vs 恩波利,3-1,0-0,金宝*,1.06,1.75,0.86,20250119181744
国际米兰 vs 恩波利,3-1,0-0,金宝*,1.05,1.75,0.87,20250119175040
国际米兰 vs 恩波利,3-1,0-0,金宝*,0.86,1.5,1.06,20250119174906
国际米兰 vs 恩波利,3-1,0-0,金宝*,1.07,1.75,0.85,20250119174830
国际米兰 vs 恩波利,3-1,0-0,金宝*,1.09,1.75,0.83,20250119165322
国际米兰 vs 恩波利,3-1,0-0,金宝*,1.08,1.75,0.84,20250119153915
国际米兰 vs 恩波利,3-1,0-0,金宝*,1.07,1.75,0.85,20250119151701
国际米兰 vs 恩波利,3-1,0-0,金宝*,1.05,1.75,0.87,20250119143545
国际米兰 vs 恩波利,3-1,0-0,金宝*,1.04,1.75,0.88,20250119141437
国际米兰 vs 恩波利,3-1,0-0,金宝*,1.03,1.75,0.89,20250119134816
国际米兰 vs 恩波利,3-1,0-0,金宝*,1.02,1.75,0.9,20250119133846
国际米兰 vs 恩波利,3-1,0-0,金宝*,1.01,1.75,0.91,20250119132606
国际米兰 vs 恩波利,3-1,0-0,金宝*,0.99,1.75,0.93,20250119132153
国际米兰 vs 恩波利,3-1,0-0,金宝*,0.98,1.75,0.94,20250119130225
国际米兰 vs 恩波利,3-1,0-0,金宝*,0.97,1.75,0.95,20250119130121
国际米兰 vs 恩波利,3-1,0-0,金宝*,0.96,1.75,0.96,20250119124224
国际米兰 vs 恩波利,3-1,0-0,金宝*,0.95,1.75,0.97,20250119122947
国际米兰 vs 恩波利,3-1,0-0,金宝*,0.94,1.75,0.98,20250119122226
国际米兰 vs 恩波利,3-1,0-0,金宝*,0.92,1.75,1.0,20250119030311
国际米兰 vs 恩波利,3-1,0-0,金宝*,0.91,1.75,0.99,20250116065114
国际米兰 vs 恩波利,3-1,0-0,金宝*,0.9,1.75,1.0,20250114000024
国际米兰 vs 恩波利,3-1,0-0,金宝*,0.89,1.75,1.01,20250113032413
国际米兰 vs 恩波利,3-1,0-0,金宝*,0.9,1.75,1.0,20250113032134
国际米兰 vs 恩波利,3-1,0-0,金宝*,0.87,1.75,1.03,20250112001031
国际米兰 vs 恩波利,3-1,0-0,金宝*,0.84,1.75,1.06,20250107093153
国际米兰 vs 恩波利,3-1,0-0,12*,1.02,1.5,0.92,20250120034116
国际米兰 vs 恩波利,3-1,0-0,12*,0.95,1.5,0.99,20250120033904
国际米兰 vs 恩波利,3-1,0-0,12*,0.96,1.5,0.98,20250120033814
国际米兰 vs 恩波利,3-1,0-0,12*,0.98,1.5,0.96,20250120033724
国际米兰 vs 恩波利,3-1,0-0,12*,0.95,1.5,0.99,20250120032342
国际米兰 vs 恩波利,3-1,0-0,12*,0.96,1.5,0.98,20250120032251
国际米兰 vs 恩波利,3-1,0-0,12*,1.01,1.5,0.93,20250120031930
国际米兰 vs 恩波利,3-1,0-0,12*,1.0,1.5,0.94,20250120031840
国际米兰 vs 恩波利,3-1,0-0,12*,1.01,1.5,0.93,20250120031452
国际米兰 vs 恩波利,3-1,0-0,12*,1.02,1.5,0.92,20250120031130
国际米兰 vs 恩波利,3-1,0-0,12*,1.03,1.5,0.91,20250120030859
国际米兰 vs 恩波利,3-1,0-0,12*,1.04,1.5,0.9,20250120025624
国际米兰 vs 恩波利,3-1,0-0,12*,1.05,1.5,0.89,20250120025533
国际米兰 vs 恩波利,3-1,0-0,12*,1.03,1.5,0.91,20250120025443
国际米兰 vs 恩波利,3-1,0-0,12*,1.02,1.5,0.92,20250120025348
国际米兰 vs 恩波利,3-1,0-0,12*,1.03,1.5,0.91,20250120025257
国际米兰 vs 恩波利,3-1,0-0,12*,1.04,1.5,0.9,20250120025202
国际米兰 vs 恩波利,3-1,0-0,12*,1.07,1.5,0.87,20250120024638
国际米兰 vs 恩波利,3-1,0-0,12*,1.08,1.5,0.86,20250120024407
国际米兰 vs 恩波利,3-1,0-0,12*,1.09,1.5,0.85,20250120022003
国际米兰 vs 恩波利,3-1,0-0,12*,1.08,1.5,0.86,20250120021641
国际米兰 vs 恩波利,3-1,0-0,12*,1.09,1.5,0.85,20250120015220
国际米兰 vs 恩波利,3-1,0-0,12*,1.11,1.5,0.84,20250120014749
国际米兰 vs 恩波利,3-1,0-0,12*,1.12,1.5,0.83,20250120014337
国际米兰 vs 恩波利,3-1,0-0,12*,1.11,1.5,0.84,20250120014247
国际米兰 vs 恩波利,3-1,0-0,12*,1.12,1.5,0.83,20250120013630
国际米兰 vs 恩波利,3-1,0-0,12*,1.11,1.5,0.84,20250120013128
国际米兰 vs 恩波利,3-1,0-0,12*,1.12,1.5,0.83,20250120012943
国际米兰 vs 恩波利,3-1,0-0,12*,1.13,1.5,0.82,20250120012404
国际米兰 vs 恩波利,3-1,0-0,12*,1.14,1.5,0.81,20250120012313
国际米兰 vs 恩波利,3-1,0-0,12*,1.12,1.5,0.83,20250120012133
国际米兰 vs 恩波利,3-1,0-0,12*,1.13,1.5,0.82,20250120011721
国际米兰 vs 恩波利,3-1,0-0,12*,1.12,1.5,0.83,20250120011631
国际米兰 vs 恩波利,3-1,0-0,12*,1.09,1.5,0.85,20250120004059
国际米兰 vs 恩波利,3-1,0-0,12*,1.08,1.5,0.86,20250120003848
国际米兰 vs 恩波利,3-1,0-0,12*,1.06,1.5,0.88,20250120001841
国际米兰 vs 恩波利,3-1,0-0,12*,1.07,1.5,0.87,20250120001516
国际米兰 vs 恩波利,3-1,0-0,12*,1.06,1.5,0.88,20250120000533
国际米兰 vs 恩波利,3-1,0-0,12*,1.08,1.5,0.86,20250120000348
国际米兰 vs 恩波利,3-1,0-0,12*,1.07,1.5,0.87,20250119234931
国际米兰 vs 恩波利,3-1,0-0,12*,1.06,1.5,0.88,20250119234157
国际米兰 vs 恩波利,3-1,0-0,12*,1.07,1.5,0.87,20250119223754
国际米兰 vs 恩波利,3-1,0-0,12*,1.08,1.5,0.86,20250119223202
国际米兰 vs 恩波利,3-1,0-0,12*,1.07,1.5,0.87,20250119223112
国际米兰 vs 恩波利,3-1,0-0,12*,1.05,1.5,0.89,20250119222414
国际米兰 vs 恩波利,3-1,0-0,12*,1.04,1.5,0.9,20250119222234
国际米兰 vs 恩波利,3-1,0-0,12*,1.03,1.5,0.91,20250119222144
国际米兰 vs 恩波利,3-1,0-0,12*,1.01,1.5,0.93,20250119220925
国际米兰 vs 恩波利,3-1,0-0,12*,0.98,1.5,0.96,20250119220334
国际米兰 vs 恩波利,3-1,0-0,12*,0.99,1.5,0.95,20250119215609
国际米兰 vs 恩波利,3-1,0-0,12*,0.97,1.5,0.97,20250119215338
国际米兰 vs 恩波利,3-1,0-0,12*,0.98,1.5,0.96,20250119215248
国际米兰 vs 恩波利,3-1,0-0,12*,0.95,1.5,0.99,20250119214817
国际米兰 vs 恩波利,3-1,0-0,12*,0.94,1.5,1.0,20250119214546
国际米兰 vs 恩波利,3-1,0-0,12*,0.92,1.5,1.02,20250119214457
国际米兰 vs 恩波利,3-1,0-0,12*,0.9,1.5,1.04,20250119210705
国际米兰 vs 恩波利,3-1,0-0,12*,0.91,1.5,1.03,20250119205906
国际米兰 vs 恩波利,3-1,0-0,12*,0.9,1.5,1.03,20250119202215
国际米兰 vs 恩波利,3-1,0-0,12*,0.91,1.5,1.02,20250119202125
国际米兰 vs 恩波利,3-1,0-0,12*,0.9,1.5,1.03,20250119193136
国际米兰 vs 恩波利,3-1,0-0,12*,1.14,1.75,0.8,20250119192738
国际米兰 vs 恩波利,3-1,0-0,12*,1.16,1.75,0.79,20250119192648
国际米兰 vs 恩波利,3-1,0-0,12*,1.17,1.75,0.78,20250119192558
国际米兰 vs 恩波利,3-1,0-0,12*,1.09,1.75,0.84,20250119181912
国际米兰 vs 恩波利,3-1,0-0,12*,1.08,1.75,0.85,20250119175736
国际米兰 vs 恩波利,3-1,0-0,12*,1.07,1.75,0.86,20250119175229
国际米兰 vs 恩波利,3-1,0-0,12*,1.06,1.75,0.87,20250119175135
国际米兰 vs 恩波利,3-1,0-0,12*,1.08,1.75,0.85,20250119173737
国际米兰 vs 恩波利,3-1,0-0,12*,1.09,1.75,0.84,20250119170448
国际米兰 vs 恩波利,3-1,0-0,12*,1.11,1.75,0.83,20250119170358
国际米兰 vs 恩波利,3-1,0-0,12*,1.09,1.75,0.84,20250119165107
国际米兰 vs 恩波利,3-1,0-0,12*,1.08,1.75,0.85,20250119151649
国际米兰 vs 恩波利,3-1,0-0,12*,1.06,1.75,0.87,20250119150354
国际米兰 vs 恩波利,3-1,0-0,12*,1.05,1.75,0.87,20250119135608
国际米兰 vs 恩波利,3-1,0-0,12*,1.06,1.75,0.86,20250119135518
国际米兰 vs 恩波利,3-1,0-0,12*,1.04,1.75,0.88,20250119135337
国际米兰 vs 恩波利,3-1,0-0,12*,1.03,1.75,0.89,20250119135104
国际米兰 vs 恩波利,3-1,0-0,12*,1.02,1.75,0.9,20250119134049
国际米兰 vs 恩波利,3-1,0-0,12*,1.0,1.75,0.92,20250119133955
国际米兰 vs 恩波利,3-1,0-0,12*,1.02,1.75,0.9,20250119132845
国际米兰 vs 恩波利,3-1,0-0,12*,0.98,1.75,0.94,20250119132453
国际米兰 vs 恩波利,3-1,0-0,12*,0.96,1.75,0.96,20250119130311
国际米兰 vs 恩波利,3-1,0-0,12*,0.93,1.75,0.99,20250119130217
国际米兰 vs 恩波利,3-1,0-0,12*,0.96,1.75,0.96,20250119122925
国际米兰 vs 恩波利,3-1,0-0,12*,0.94,1.75,0.98,20250119121333
国际米兰 vs 恩波利,3-1,0-0,12*,0.95,1.75,0.97,20250119120316
国际米兰 vs 恩波利,3-1,0-0,12*,0.94,1.75,0.96,20250119113031
国际米兰 vs 恩波利,3-1,0-0,12*,0.93,1.75,0.97,20250119111521
国际米兰 vs 恩波利,3-1,0-0,12*,0.91,1.75,0.99,20250119093952
国际米兰 vs 恩波利,3-1,0-0,12*,0.94,1.75,0.96,20250119071629
国际米兰 vs 恩波利,3-1,0-0,12*,0.93,1.75,0.97,20250119025203
国际米兰 vs 恩波利,3-1,0-0,12*,0.94,1.75,0.96,20250119014545
国际米兰 vs 恩波利,3-1,0-0,12*,0.91,1.75,0.99,20250118130407
国际米兰 vs 恩波利,3-1,0-0,12*,0.89,1.75,0.99,20250118024217
国际米兰 vs 恩波利,3-1,0-0,12*,0.9,1.75,0.98,20250116212810
国际米兰 vs 恩波利,3-1,0-0,12*,0.86,1.75,1.02,20250116203621
国际米兰 vs 恩波利,3-1,0-0,12*,0.87,1.75,1.01,20250116201947
国际米兰 vs 恩波利,3-1,0-0,12*,0.88,1.75,1.0,20250116180704
国际米兰 vs 恩波利,3-1,0-0,12*,0.86,1.75,1.02,20250116132900
国际米兰 vs 恩波利,3-1,0-0,12*,0.87,1.75,1.01,20250115125111
国际米兰 vs 恩波利,3-1,0-0,12*,0.88,1.75,1.0,20250113053317
国际米兰 vs 恩波利,3-1,0-0,12*,0.86,1.75,1.02,20250113021507
国际米兰 vs 恩波利,3-1,0-0,12*,1.13,2.0,0.76,20250110201903
国际米兰 vs 恩波利,3-1,0-0,12*,1.12,2.0,0.77,20250110174518
国际米兰 vs 恩波利,3-1,0-0,12*,1.09,2.0,0.79,20250106231343
国际米兰 vs 恩波利,3-1,0-0,12*,1.11,2.0,0.78,20250106103446
国际米兰 vs 恩波利,3-1,0-0,12*,1.06,2.0,0.82,20250106073945
国际米兰 vs 恩波利,3-1,0-0,利*,1.04,1.5,0.9,20250120034244
国际米兰 vs 恩波利,3-1,0-0,利*,1.03,1.5,0.91,20250120034122
国际米兰 vs 恩波利,3-1,0-0,利*,1.01,1.5,0.93,20250120033955
国际米兰 vs 恩波利,3-1,0-0,利*,0.96,1.5,0.98,20250120033825
国际米兰 vs 恩波利,3-1,0-0,利*,0.97,1.5,0.97,20250120033519
国际米兰 vs 恩波利,3-1,0-0,利*,0.96,1.5,0.98,20250120033343
国际米兰 vs 恩波利,3-1,0-0,利*,0.97,1.5,0.97,20250120033214
国际米兰 vs 恩波利,3-1,0-0,利*,0.95,1.5,0.99,20250120033049
国际米兰 vs 恩波利,3-1,0-0,利*,0.94,1.5,1.0,20250120032923
国际米兰 vs 恩波利,3-1,0-0,利*,0.93,1.5,1.01,20250120032750
国际米兰 vs 恩波利,3-1,0-0,利*,0.95,1.5,0.99,20250120032619
国际米兰 vs 恩波利,3-1,0-0,利*,0.91,1.5,1.03,20250120032447
国际米兰 vs 恩波利,3-1,0-0,利*,0.95,1.5,0.99,20250120032318
国际米兰 vs 恩波利,3-1,0-0,利*,0.97,1.5,0.97,20250120032140
国际米兰 vs 恩波利,3-1,0-0,利*,1.01,1.5,0.93,20250120031842
国际米兰 vs 恩波利,3-1,0-0,利*,0.99,1.5,0.95,20250120031421
国际米兰 vs 恩波利,3-1,0-0,利*,1.01,1.5,0.93,20250120030349
国际米兰 vs 恩波利,3-1,0-0,利*,1.02,1.5,0.92,20250120030051
国际米兰 vs 恩波利,3-1,0-0,利*,1.01,1.5,0.93,20250120025755
国际米兰 vs 恩波利,3-1,0-0,利*,0.99,1.5,0.95,20250120025444
国际米兰 vs 恩波利,3-1,0-0,利*,1.01,1.5,0.93,20250120025318
国际米兰 vs 恩波利,3-1,0-0,利*,0.99,1.5,0.95,20250120025128
国际米兰 vs 恩波利,3-1,0-0,利*,1.05,1.5,0.89,20250120024514
国际米兰 vs 恩波利,3-1,0-0,利*,1.06,1.5,0.88,20250120023416
国际米兰 vs 恩波利,3-1,0-0,利*,1.08,1.5,0.86,20250120023244
国际米兰 vs 恩波利,3-1,0-0,利*,1.06,1.5,0.88,20250120021959
国际米兰 vs 恩波利,3-1,0-0,利*,1.07,1.5,0.87,20250120015400
国际米兰 vs 恩波利,3-1,0-0,利*,1.08,1.5,0.86,20250120014546
国际米兰 vs 恩波利,3-1,0-0,利*,1.09,1.5,0.85,20250120014403
国际米兰 vs 恩波利,3-1,0-0,利*,1.08,1.5,0.86,20250120014226
国际米兰 vs 恩波利,3-1,0-0,利*,1.11,1.5,0.84,20250120012155
国际米兰 vs 恩波利,3-1,0-0,利*,1.09,1.5,0.85,20250120011643
国际米兰 vs 恩波利,3-1,0-0,利*,1.06,1.5,0.88,20250120010624
国际米兰 vs 恩波利,3-1,0-0,利*,1.07,1.5,0.87,20250120003940
国际米兰 vs 恩波利,3-1,0-0,利*,1.08,1.5,0.86,20250120003428
国际米兰 vs 恩波利,3-1,0-0,利*,1.06,1.5,0.88,20250120002318
国际米兰 vs 恩波利,3-1,0-0,利*,1.07,1.5,0.87,20250120001748
国际米兰 vs 恩波利,3-1,0-0,利*,1.06,1.5,0.88,20250120000619
国际米兰 vs 恩波利,3-1,0-0,利*,1.07,1.5,0.87,20250119235808
国际米兰 vs 恩波利,3-1,0-0,利*,1.06,1.5,0.88,20250119223906
国际米兰 vs 恩波利,3-1,0-0,利*,1.04,1.5,0.9,20250119223259
国际米兰 vs 恩波利,3-1,0-0,利*,1.03,1.5,0.91,20250119222229
国际米兰 vs 恩波利,3-1,0-0,利*,1.0,1.5,0.94,20250119221134
国际米兰 vs 恩波利,3-1,0-0,利*,0.98,1.5,0.96,20250119215625
国际米兰 vs 恩波利,3-1,0-0,利*,0.96,1.5,0.98,20250119215418
国际米兰 vs 恩波利,3-1,0-0,利*,0.92,1.5,1.02,20250119214924
国际米兰 vs 恩波利,3-1,0-0,利*,0.91,1.5,1.03,20250119214712
国际米兰 vs 恩波利,3-1,0-0,利*,0.93,1.5,1.01,20250119214441
国际米兰 vs 恩波利,3-1,0-0,利*,0.9,1.5,1.04,20250119211505
国际米兰 vs 恩波利,3-1,0-0,利*,0.91,1.5,1.03,20250119205818
国际米兰 vs 恩波利,3-1,0-0,利*,0.9,1.5,1.03,20250119203427
国际米兰 vs 恩波利,3-1,0-0,利*,0.89,1.5,1.04,20250119203159
国际米兰 vs 恩波利,3-1,0-0,利*,0.9,1.5,1.03,20250119201149
国际米兰 vs 恩波利,3-1,0-0,利*,0.91,1.5,1.02,20250119194908
国际米兰 vs 恩波利,3-1,0-0,利*,0.89,1.5,1.04,20250119193109
国际米兰 vs 恩波利,3-1,0-0,利*,0.88,1.5,1.05,20250119192845
国际米兰 vs 恩波利,3-1,0-0,利*,0.85,1.5,1.08,20250119184416
国际米兰 vs 恩波利,3-1,0-0,利*,0.86,1.5,1.07,20250119180531
国际米兰 vs 恩波利,3-1,0-0,利*,0.87,1.5,1.06,20250119170905
国际米兰 vs 恩波利,3-1,0-0,利*,0.85,1.5,1.08,20250119170633
国际米兰 vs 恩波利,3-1,0-0,利*,1.07,1.75,0.86,20250119170415
国际米兰 vs 恩波利,3-1,0-0,利*,1.06,1.75,0.87,20250119162615
国际米兰 vs 恩波利,3-1,0-0,利*,1.08,1.75,0.85,20250119155354
国际米兰 vs 恩波利,3-1,0-0,利*,1.05,1.75,0.88,20250119150242
国际米兰 vs 恩波利,3-1,0-0,利*,1.04,1.75,0.88,20250119143540
国际米兰 vs 恩波利,3-1,0-0,利*,1.02,1.75,0.9,20250119135118
国际米兰 vs 恩波利,3-1,0-0,利*,1.01,1.75,0.91,20250119132751
国际米兰 vs 恩波利,3-1,0-0,利*,0.97,1.75,0.95,20250119120647
国际米兰 vs 恩波利,3-1,0-0,利*,0.95,1.75,0.95,20250119081145
国际米兰 vs 恩波利,3-1,0-0,利*,0.94,1.75,0.96,20250119014511
国际米兰 vs 恩波利,3-1,0-0,利*,0.89,1.75,1.01,20250114005334
国际米兰 vs 恩波利,3-1,0-0,利*,0.69,1.5,1.26,20250114005055
国际米兰 vs 恩波利,3-1,0-0,利*,0.89,1.75,1.01,20250113053257
国际米兰 vs 恩波利,3-1,0-0,利*,0.85,1.75,1.05,20250106223035
国际米兰 vs 恩波利,3-1,0-0,盈*,0.98,1.5,0.94,20250120034340
国际米兰 vs 恩波利,3-1,0-0,盈*,0.97,1.5,0.95,20250120033857
国际米兰 vs 恩波利,3-1,0-0,盈*,0.94,1.5,0.98,20250120033801
国际米兰 vs 恩波利,3-1,0-0,盈*,0.95,1.5,0.97,20250120033704
国际米兰 vs 恩波利,3-1,0-0,盈*,0.92,1.5,1.0,20250120033608
国际米兰 vs 恩波利,3-1,0-0,盈*,0.94,1.5,0.98,20250120033221
国际米兰 vs 恩波利,3-1,0-0,盈*,0.95,1.5,0.97,20250120032259
国际米兰 vs 恩波利,3-1,0-0,盈*,0.99,1.5,0.93,20250120032107
国际米兰 vs 恩波利,3-1,0-0,盈*,1.0,1.5,0.92,20250120031818
国际米兰 vs 恩波利,3-1,0-0,盈*,1.01,1.5,0.91,20250120031337
国际米兰 vs 恩波利,3-1,0-0,盈*,1.02,1.5,0.9,20250120030953
国际米兰 vs 恩波利,3-1,0-0,盈*,1.03,1.5,0.89,20250120025443
国际米兰 vs 恩波利,3-1,0-0,盈*,1.02,1.5,0.9,20250120025249
国际米兰 vs 恩波利,3-1,0-0,盈*,0.97,1.5,0.95,20250120025056
国际米兰 vs 恩波利,3-1,0-0,盈*,1.06,1.5,0.86,20250120024613
国际米兰 vs 恩波利,3-1,0-0,盈*,1.07,1.5,0.85,20250120024516
国际米兰 vs 恩波利,3-1,0-0,盈*,1.08,1.5,0.84,20250120023257
国际米兰 vs 恩波利,3-1,0-0,盈*,0.85,1.25,1.07,20250120023200
国际米兰 vs 恩波利,3-1,0-0,盈*,1.07,1.5,0.85,20250120021748
国际米兰 vs 恩波利,3-1,0-0,盈*,0.85,1.25,1.07,20250120015730
国际米兰 vs 恩波利,3-1,0-0,盈*,0.86,1.25,1.06,20250120014622
国际米兰 vs 恩波利,3-1,0-0,盈*,0.85,1.25,1.07,20250120005034
国际米兰 vs 恩波利,3-1,0-0,盈*,1.05,1.5,0.87,20250120001637
国际米兰 vs 恩波利,3-1,0-0,盈*,1.06,1.5,0.86,20250120001528
国际米兰 vs 恩波利,3-1,0-0,盈*,1.05,1.5,0.87,20250120000502
国际米兰 vs 恩波利,3-1,0-0,盈*,1.07,1.5,0.85,20250120000339
国际米兰 vs 恩波利,3-1,0-0,盈*,1.06,1.5,0.86,20250119230318
国际米兰 vs 恩波利,3-1,0-0,盈*,1.03,1.5,0.89,20250119222427
国际米兰 vs 恩波利,3-1,0-0,盈*,1.0,1.5,0.92,20250119220815
国际米兰 vs 恩波利,3-1,0-0,盈*,0.98,1.5,0.94,20250119215710
国际米兰 vs 恩波利,3-1,0-0,盈*,0.97,1.5,0.95,20250119215316
国际米兰 vs 恩波利,3-1,0-0,盈*,0.93,1.5,0.99,20250119214520
国际米兰 vs 恩波利,3-1,0-0,盈*,0.9,1.5,1.02,20250119202120
国际米兰 vs 恩波利,3-1,0-0,盈*,0.89,1.5,1.03,20250119195157
国际米兰 vs 恩波利,3-1,0-0,盈*,0.88,1.5,1.02,20250119192835
国际米兰 vs 恩波利,3-1,0-0,盈*,0.87,1.5,1.03,20250119192608
国际米兰 vs 恩波利,3-1,0-0,盈*,0.85,1.5,1.05,20250119184041
国际米兰 vs 恩波利,3-1,0-0,盈*,0.86,1.5,1.04,20250119183741
国际米兰 vs 恩波利,3-1,0-0,盈*,0.85,1.5,1.05,20250119175840
国际米兰 vs 恩波利,3-1,0-0,盈*,1.06,1.75,0.84,20250119175541
国际米兰 vs 恩波利,3-1,0-0,盈*,1.05,1.75,0.85,20250119174946
国际米兰 vs 恩波利,3-1,0-0,盈*,0.85,1.5,1.05,20250119164250
国际米兰 vs 恩波利,3-1,0-0,盈*,1.06,1.75,0.84,20250119152131
国际米兰 vs 恩波利,3-1,0-0,盈*,1.05,1.75,0.85,20250119150248
国际米兰 vs 恩波利,3-1,0-0,盈*,1.04,1.75,0.86,20250119135503
国际米兰 vs 恩波利,3-1,0-0,盈*,1.01,1.75,0.89,20250119132701
国际米兰 vs 恩波利,3-1,0-0,盈*,0.95,1.75,0.95,20250119123050
国际米兰 vs 恩波利,3-1,0-0,盈*,0.94,1.75,0.96,20250119113230
国际米兰 vs 恩波利,3-1,0-0,盈*,0.93,1.75,0.97,20250119111442
国际米兰 vs 恩波利,3-1,0-0,盈*,0.91,1.75,0.99,20250119103218
国际米兰 vs 恩波利,3-1,0-0,盈*,0.89,1.75,1.01,20250119035316
国际米兰 vs 恩波利,3-1,0-0,盈*,0.88,1.75,1.0,20250119005340
国际米兰 vs 恩波利,3-1,0-0,盈*,0.85,1.75,1.03,20250119005033
国际米兰 vs 恩波利,3-1,0-0,盈*,0.88,1.75,1.0,20250118201250
国际米兰 vs 恩波利,3-1,0-0,盈*,0.85,1.75,1.03,20250118201001
国际米兰 vs 恩波利,3-1,0-0,盈*,0.88,1.75,1.0,20250117151025
国际米兰 vs 恩波利,3-1,0-0,盈*,0.85,1.75,1.03,20250117150347
国际米兰 vs 恩波利,3-1,0-0,盈*,0.87,1.75,1.01,20250116134319
国际米兰 vs 恩波利,3-1,0-0,盈*,0.86,1.75,1.02,20250116065551
国际米兰 vs 恩波利,3-1,0-0,盈*,0.84,1.75,1.04,20250116034128
国际米兰 vs 恩波利,3-1,0-0,盈*,0.86,1.75,1.02,20250115205253
国际米兰 vs 恩波利,3-1,0-0,盈*,0.84,1.75,1.04,20250115204945
国际米兰 vs 恩波利,3-1,0-0,盈*,0.87,1.75,1.01,20250115120023
国际米兰 vs 恩波利,3-1,0-0,盈*,0.84,1.75,1.04,20250115115612
国际米兰 vs 恩波利,3-1,0-0,盈*,0.87,1.75,1.01,20250114055153
国际米兰 vs 恩波利,3-1,0-0,盈*,0.84,1.75,1.04,20250114054156
国际米兰 vs 恩波利,3-1,0-0,盈*,0.87,1.75,1.01,20250113064350
国际米兰 vs 恩波利,3-1,0-0,盈*,0.84,1.75,1.04,20250113064115
国际米兰 vs 恩波利,3-1,0-0,盈*,0.87,1.75,1.01,20250113041728
国际米兰 vs 恩波利,3-1,0-0,盈*,0.85,1.75,1.03,20250113000749
国际米兰 vs 恩波利,3-1,0-0,盈*,0.84,1.75,1.04,20250112215655
国际米兰 vs 恩波利,3-1,0-0,盈*,0.86,1.75,1.02,20250112142630
国际米兰 vs 恩波利,3-1,0-0,盈*,0.84,1.75,1.04,20250112142412
国际米兰 vs 恩波利,3-1,0-0,盈*,0.86,1.75,1.02,20250112135925
国际米兰 vs 恩波利,3-1,0-0,盈*,0.85,1.75,1.03,20250112013808
国际米兰 vs 恩波利,3-1,0-0,盈*,0.84,1.75,1.04,20250111083324
国际米兰 vs 恩波利,3-1,0-0,盈*,0.83,1.75,1.05,20250110165550
国际米兰 vs 恩波利,3-1,0-0,盈*,0.84,1.75,1.04,20250110132346
国际米兰 vs 恩波利,3-1,0-0,盈*,0.83,1.75,1.05,20250110101205
国际米兰 vs 恩波利,3-1,0-0,盈*,0.84,1.75,1.04,20250110100738
国际米兰 vs 恩波利,3-1,0-0,盈*,0.83,1.75,1.05,20250109174240
国际米兰 vs 恩波利,3-1,0-0,盈*,0.84,1.75,1.04,20250109173915
国际米兰 vs 恩波利,3-1,0-0,盈*,0.83,1.75,1.05,20250109131806
国际米兰 vs 恩波利,3-1,0-0,盈*,0.84,1.75,1.04,20250109131441
国际米兰 vs 恩波利,3-1,0-0,盈*,0.83,1.75,1.05,20250109002622
国际米兰 vs 恩波利,3-1,0-0,盈*,0.84,1.75,1.04,20250109002243
国际米兰 vs 恩波利,3-1,0-0,盈*,0.83,1.75,1.05,20250108152436
国际米兰 vs 恩波利,3-1,0-0,盈*,0.84,1.75,1.04,20250108144331
国际米兰 vs 恩波利,3-1,0-0,盈*,0.83,1.75,1.05,20250108052337
国际米兰 vs 恩波利,3-1,0-0,盈*,0.84,1.75,1.04,20250108052021
国际米兰 vs 恩波利,3-1,0-0,盈*,0.83,1.75,1.05,20250107172646
国际米兰 vs 恩波利,3-1,0-0,盈*,0.84,1.75,1.04,20250107170548
国际米兰 vs 恩波利,3-1,0-0,盈*,0.83,1.75,1.05,20250107140329
国际米兰 vs 恩波利,3-1,0-0,盈*,0.84,1.75,1.04,20250107140034
国际米兰 vs 恩波利,3-1,0-0,盈*,0.83,1.75,1.05,20250107093328
国际米兰 vs 恩波利,3-1,0-0,盈*,0.82,1.75,1.06,20250106171316
国际米兰 vs 恩波利,3-1,0-0,盈*,0.83,1.75,1.05,20250106103505
国际米兰 vs 恩波利,3-1,0-0,盈*,1.06,2.0,0.82,20250106061947
国际米兰 vs 恩波利,3-1,0-0,盈*,0.84,1.75,1.04,20250106053154
国际米兰 vs 恩波利,3-1,0-0,18*,0.87,1.5,0.93,20250120034440
国际米兰 vs 恩波利,3-1,0-0,18*,0.89,1.5,0.95,20250120034425
国际米兰 vs 恩波利,3-1,0-0,18*,0.97,1.5,0.88,20250120034120
国际米兰 vs 恩波利,3-1,0-0,18*,0.96,1.5,0.88,20250120034027
国际米兰 vs 恩波利,3-1,0-0,18*,0.94,1.5,0.9,20250120033936
国际米兰 vs 恩波利,3-1,0-0,18*,0.9,1.5,0.94,20250120033754
国际米兰 vs 恩波利,3-1,0-0,18*,0.91,1.5,0.93,20250120033700
国际米兰 vs 恩波利,3-1,0-0,18*,0.9,1.5,0.95,20250120033120
国际米兰 vs 恩波利,3-1,0-0,18*,0.9,1.5,0.94,20250120032939
国际米兰 vs 恩波利,3-1,0-0,18*,0.89,1.5,0.96,20250120032848
国际米兰 vs 恩波利,3-1,0-0,18*,0.89,1.5,0.95,20250120032317
国际米兰 vs 恩波利,3-1,0-0,18*,0.9,1.5,0.94,20250120032224
国际米兰 vs 恩波利,3-1,0-0,18*,0.92,1.5,0.92,20250120032133
国际米兰 vs 恩波利,3-1,0-0,18*,0.93,1.5,0.91,20250120032045
国际米兰 vs 恩波利,3-1,0-0,18*,0.95,1.5,0.9,20250120031953
国际米兰 vs 恩波利,3-1,0-0,18*,0.94,1.5,0.9,20250120031719
国际米兰 vs 恩波利,3-1,0-0,18*,0.95,1.5,0.9,20250120031629
国际米兰 vs 恩波利,3-1,0-0,18*,0.95,1.5,0.89,20250120031421
国际米兰 vs 恩波利,3-1,0-0,18*,0.96,1.5,0.88,20250120031237
国际米兰 vs 恩波利,3-1,0-0,18*,0.97,1.5,0.88,20250120031142
国际米兰 vs 恩波利,3-1,0-0,18*,0.97,1.5,0.87,20250120030935
国际米兰 vs 恩波利,3-1,0-0,18*,0.97,1.5,0.88,20250120030701
国际米兰 vs 恩波利,3-1,0-0,18*,0.97,1.5,0.87,20250120030610
国际米兰 vs 恩波利,3-1,0-0,18*,0.98,1.5,0.87,20250120030429
国际米兰 vs 恩波利,3-1,0-0,18*,0.98,1.5,0.86,20250120025844
国际米兰 vs 恩波利,3-1,0-0,18*,0.99,1.5,0.86,20250120025752
国际米兰 vs 恩波利,3-1,0-0,18*,0.98,1.5,0.87,20250120025700
国际米兰 vs 恩波利,3-1,0-0,18*,0.97,1.5,0.88,20250120025534
国际米兰 vs 恩波利,3-1,0-0,18*,0.97,1.5,0.87,20250120025444
国际米兰 vs 恩波利,3-1,0-0,18*,0.96,1.5,0.88,20250120025211
国际米兰 vs 恩波利,3-1,0-0,18*,0.97,1.5,0.88,20250120025116
国际米兰 vs 恩波利,3-1,0-0,18*,0.98,1.5,0.87,20250120025022
国际米兰 vs 恩波利,3-1,0-0,18*,1.03,1.5,0.82,20250120021549
国际米兰 vs 恩波利,3-1,0-0,18*,1.04,1.5,0.81,20250120015653
国际米兰 vs 恩波利,3-1,0-0,18*,1.04,1.5,0.82,20250120014630
国际米兰 vs 恩波利,3-1,0-0,18*,1.04,1.5,0.81,20250120014236
国际米兰 vs 恩波利,3-1,0-0,18*,1.04,1.5,0.82,20250120013909
国际米兰 vs 恩波利,3-1,0-0,18*,1.04,1.5,0.81,20250120013451
国际米兰 vs 恩波利,3-1,0-0,18*,1.04,1.5,0.82,20250120013240
国际米兰 vs 恩波利,3-1,0-0,18*,1.04,1.5,0.81,20250120012017
国际米兰 vs 恩波利,3-1,0-0,18*,1.04,1.5,0.82,20250120011738
国际米兰 vs 恩波利,3-1,0-0,18*,1.03,1.5,0.82,20250120011649
国际米兰 vs 恩波利,3-1,0-0,18*,1.02,1.5,0.83,20250120010148
国际米兰 vs 恩波利,3-1,0-0,18*,1.04,1.5,0.81,20250120004848
国际米兰 vs 恩波利,3-1,0-0,18*,1.03,1.5,0.82,20250120004035
国际米兰 vs 恩波利,3-1,0-0,18*,1.02,1.5,0.83,20250120003823
国际米兰 vs 恩波利,3-1,0-0,18*,1.0,1.5,0.85,20250120001805
国际米兰 vs 恩波利,3-1,0-0,18*,1.01,1.5,0.84,20250120000504
国际米兰 vs 恩波利,3-1,0-0,18*,1.03,1.5,0.82,20250120000137
国际米兰 vs 恩波利,3-1,0-0,18*,1.02,1.5,0.83,20250119234916
国际米兰 vs 恩波利,3-1,0-0,18*,1.01,1.5,0.84,20250119234127
国际米兰 vs 恩波利,3-1,0-0,18*,1.02,1.5,0.83,20250119225611
国际米兰 vs 恩波利,3-1,0-0,18*,1.01,1.5,0.84,20250119223523
国际米兰 vs 恩波利,3-1,0-0,18*,1.02,1.5,0.83,20250119223155
国际米兰 vs 恩波利,3-1,0-0,18*,1.01,1.5,0.84,20250119223014
国际米兰 vs 恩波利,3-1,0-0,18*,1.0,1.5,0.85,20250119222543
国际米兰 vs 恩波利,3-1,0-0,18*,0.99,1.5,0.85,20250119222454
国际米兰 vs 恩波利,3-1,0-0,18*,0.99,1.5,0.86,20250119222405
国际米兰 vs 恩波利,3-1,0-0,18*,0.98,1.5,0.86,20250119222313
国际米兰 vs 恩波利,3-1,0-0,18*,0.98,1.5,0.87,20250119222142
国际米兰 vs 恩波利,3-1,0-0,18*,0.95,1.5,0.89,20250119221128
国际米兰 vs 恩波利,3-1,0-0,18*,0.95,1.5,0.9,20250119220854
国际米兰 vs 恩波利,3-1,0-0,18*,0.93,1.5,0.92,20250119220803
国际米兰 vs 恩波利,3-1,0-0,18*,0.92,1.5,0.93,20250119220252
国际米兰 vs 恩波利,3-1,0-0,18*,0.92,1.5,0.92,20250119215626
国际米兰 vs 恩波利,3-1,0-0,18*,0.91,1.5,0.93,20250119215405
国际米兰 vs 恩波利,3-1,0-0,18*,0.91,1.5,0.94,20250119215315
国际米兰 vs 恩波利,3-1,0-0,18*,0.91,1.5,0.93,20250119215224
国际米兰 vs 恩波利,3-1,0-0,18*,0.89,1.5,0.95,20250119215129
国际米兰 vs 恩波利,3-1,0-0,18*,0.89,1.5,0.96,20250119214857
国际米兰 vs 恩波利,3-1,0-0,18*,0.88,1.5,0.96,20250119214620
国际米兰 vs 恩波利,3-1,0-0,18*,0.86,1.5,0.98,20250119214437
国际米兰 vs 恩波利,3-1,0-0,18*,0.85,1.5,1.0,20250119211116
国际米兰 vs 恩波利,3-1,0-0,18*,0.85,1.5,0.99,20250119210605
国际米兰 vs 恩波利,3-1,0-0,18*,0.86,1.5,0.99,20250119210019
国际米兰 vs 恩波利,3-1,0-0,18*,0.85,1.5,0.99,20250119204551
国际米兰 vs 恩波利,3-1,0-0,18*,0.86,1.5,0.99,20250119203531
国际米兰 vs 恩波利,3-1,0-0,18*,0.86,1.5,0.98,20250119203109
国际米兰 vs 恩波利,3-1,0-0,18*,0.87,1.5,0.98,20250119202809
国际米兰 vs 恩波利,3-1,0-0,18*,0.86,1.5,0.99,20250119202652
国际米兰 vs 恩波利,3-1,0-0,18*,0.85,1.5,0.99,20250119202147
国际米兰 vs 恩波利,3-1,0-0,18*,0.86,1.5,0.98,20250119193959
国际米兰 vs 恩波利,3-1,0-0,18*,0.87,1.5,0.98,20250119193214
国际米兰 vs 恩波利,3-1,0-0,18*,0.87,1.5,0.97,20250119193126
国际米兰 vs 恩波利,3-1,0-0,18*,0.86,1.5,0.98,20250119192903
国际米兰 vs 恩波利,3-1,0-0,18*,0.85,1.5,0.99,20250119192808
国际米兰 vs 恩波利,3-1,0-0,18*,0.84,1.5,1.01,20250119192628
国际米兰 vs 恩波利,3-1,0-0,18*,0.82,1.5,1.03,20250119192531
国际米兰 vs 恩波利,3-1,0-0,18*,1.04,1.75,0.81,20250119185036
国际米兰 vs 恩波利,3-1,0-0,18*,1.03,1.75,0.82,20250119182604
国际米兰 vs 恩波利,3-1,0-0,18*,1.02,1.75,0.83,20250119175748
国际米兰 vs 恩波利,3-1,0-0,18*,1.01,1.75,0.84,20250119175410
国际米兰 vs 恩波利,3-1,0-0,18*,1.0,1.75,0.84,20250119175242
国际米兰 vs 恩波利,3-1,0-0,18*,1.02,1.75,0.83,20250119175056
国际米兰 vs 恩波利,3-1,0-0,18*,1.03,1.75,0.82,20250119174555
国际米兰 vs 恩波利,3-1,0-0,18*,1.04,1.75,0.81,20250119173903
国际米兰 vs 恩波利,3-1,0-0,18*,1.05,1.75,0.81,20250119165019
国际米兰 vs 恩波利,3-1,0-0,18*,1.04,1.75,0.81,20250119154127
国际米兰 vs 恩波利,3-1,0-0,18*,1.03,1.75,0.82,20250119151701
国际米兰 vs 恩波利,3-1,0-0,18*,1.02,1.75,0.83,20250119151525
国际米兰 vs 恩波利,3-1,0-0,18*,1.01,1.75,0.84,20250119142012
国际米兰 vs 恩波利,3-1,0-0,18*,1.0,1.75,0.84,20250119135556
国际米兰 vs 恩波利,3-1,0-0,18*,1.01,1.75,0.84,20250119135505
国际米兰 vs 恩波利,3-1,0-0,18*,0.98,1.75,0.86,20250119135326
国际米兰 vs 恩波利,3-1,0-0,18*,0.99,1.75,0.86,20250119135142
国际米兰 vs 恩波利,3-1,0-0,18*,0.98,1.75,0.87,20250119132816
国际米兰 vs 恩波利,3-1,0-0,18*,0.97,1.75,0.88,20250119132723
国际米兰 vs 恩波利,3-1,0-0,18*,0.94,1.75,0.9,20250119132400
国际米兰 vs 恩波利,3-1,0-0,18*,0.93,1.75,0.91,20250119132310
国际米兰 vs 恩波利,3-1,0-0,18*,0.93,1.75,0.92,20250119130353
国际米兰 vs 恩波利,3-1,0-0,18*,0.92,1.75,0.93,20250119130256
国际米兰 vs 恩波利,3-1,0-0,18*,0.91,1.75,0.94,20250119130209
国际米兰 vs 恩波利,3-1,0-0,18*,0.92,1.75,0.93,20250119125109
国际米兰 vs 恩波利,3-1,0-0,18*,0.91,1.75,0.92,20250119123157
国际米兰 vs 恩波利,3-1,0-0,18*,0.9,1.75,0.92,20250119123015
国际米兰 vs 恩波利,3-1,0-0,18*,0.9,1.75,0.93,20250119122516
国际米兰 vs 恩波利,3-1,0-0,18*,0.89,1.75,0.94,20250119121657
国际米兰 vs 恩波利,3-1,0-0,18*,0.89,1.75,0.93,20250119111340
国际米兰 vs 恩波利,3-1,0-0,18*,0.88,1.75,0.94,20250119093823
国际米兰 vs 恩波利,3-1,0-0,18*,0.89,1.75,0.93,20250119082900
国际米兰 vs 恩波利,3-1,0-0,18*,0.9,1.75,0.93,20250119080258
国际米兰 vs 恩波利,3-1,0-0,18*,0.89,1.75,0.93,20250119071025
国际米兰 vs 恩波利,3-1,0-0,18*,0.89,1.75,0.94,20250119033535
国际米兰 vs 恩波利,3-1,0-0,18*,0.88,1.75,0.94,20250119025258
国际米兰 vs 恩波利,3-1,0-0,18*,0.88,1.75,0.93,20250119014554
国际米兰 vs 恩波利,3-1,0-0,18*,0.87,1.75,0.94,20250118205028
国际米兰 vs 恩波利,3-1,0-0,18*,0.88,1.75,0.92,20250118204709
国际米兰 vs 恩波利,3-1,0-0,18*,0.87,1.75,0.94,20250118180945
国际米兰 vs 恩波利,3-1,0-0,18*,0.88,1.75,0.92,20250117224422
国际米兰 vs 恩波利,3-1,0-0,18*,0.89,1.75,0.91,20250117192843
国际米兰 vs 恩波利,3-1,0-0,18*,0.88,1.75,0.92,20250117025222
国际米兰 vs 恩波利,3-1,0-0,18*,0.86,1.75,0.9,20250116220619
国际米兰 vs 恩波利,3-1,0-0,18*,0.85,1.75,0.91,20250116212815
国际米兰 vs 恩波利,3-1,0-0,18*,0.82,1.75,0.94,20250116203639
国际米兰 vs 恩波利,3-1,0-0,18*,0.83,1.75,0.94,20250116202149
国际米兰 vs 恩波利,3-1,0-0,18*,0.83,1.75,0.93,20250116180451
国际米兰 vs 恩波利,3-1,0-0,18*,0.81,1.75,0.95,20250116143346
国际米兰 vs 恩波利,3-1,0-0,18*,0.82,1.75,0.94,20250116120421
国际米兰 vs 恩波利,3-1,0-0,18*,0.81,1.75,0.95,20250115125721
国际米兰 vs 恩波利,3-1,0-0,18*,0.82,1.75,0.95,20250115121835
国际米兰 vs 恩波利,3-1,0-0,18*,0.82,1.75,0.94,20250114120121
国际米兰 vs 恩波利,3-1,0-0,18*,0.82,1.75,0.95,20250112004454
国际米兰 vs 恩波利,3-1,0-0,18*,0.81,1.75,0.95,20250110202147
国际米兰 vs 恩波利,3-1,0-0,18*,0.78,1.75,0.99,20250110201752
国际米兰 vs 恩波利,3-1,0-0,18*,0.77,1.75,1.0,20250110174943
国际米兰 vs 恩波利,3-1,0-0,18*,0.77,1.75,1.01,20250110174533
国际米兰 vs 恩波利,3-1,0-0,18*,1.01,2.0,0.77,20250106205732
国际米兰 vs 恩波利,3-1,0-0,18*,0.79,1.75,0.98,20250106104224
国际米兰 vs 恩波利,3-1,0-0,18*,1.01,2.0,0.77,20250106062513
国际米兰 vs 恩波利,3-1,0-0,18*,0.77,1.75,1.01,20250105230212
国际米兰 vs 恩波利,3-1,0-0,18*,0.79,1.75,0.98,20250105225921
国际米兰 vs 恩波利,3-1,0-0,平*,1.02,1.5,0.91,20250120034413
国际米兰 vs 恩波利,3-1,0-0,平*,1.0,1.5,0.93,20250120033942
国际米兰 vs 恩波利,3-1,0-0,平*,0.99,1.5,0.93,20250120033833
国际米兰 vs 恩波利,3-1,0-0,平*,0.95,1.5,0.97,20250120033722
国际米兰 vs 恩波利,3-1,0-0,平*,0.94,1.5,0.98,20250120032926
国际米兰 vs 恩波利,3-1,0-0,平*,0.91,1.5,1.02,20250120032745
国际米兰 vs 恩波利,3-1,0-0,平*,0.93,1.5,1.0,20250120032254
国际米兰 vs 恩波利,3-1,0-0,平*,0.93,1.5,0.99,20250120032113
国际米兰 vs 恩波利,3-1,0-0,平*,0.94,1.5,0.98,20250120032002
国际米兰 vs 恩波利,3-1,0-0,平*,0.98,1.5,0.94,20250120031854
国际米兰 vs 恩波利,3-1,0-0,平*,0.97,1.5,0.95,20250120031814
国际米兰 vs 恩波利,3-1,0-0,平*,0.98,1.5,0.94,20250120031450
国际米兰 vs 恩波利,3-1,0-0,平*,0.99,1.5,0.93,20250120031205
国际米兰 vs 恩波利,3-1,0-0,平*,1.01,1.5,0.92,20250120031129
国际米兰 vs 恩波利,3-1,0-0,平*,1.02,1.5,0.91,20250120030802
国际米兰 vs 恩波利,3-1,0-0,平*,1.01,1.5,0.92,20250120030728
国际米兰 vs 恩波利,3-1,0-0,平*,1.0,1.5,0.93,20250120030621
国际米兰 vs 恩波利,3-1,0-0,平*,1.02,1.5,0.91,20250120030440
国际米兰 vs 恩波利,3-1,0-0,平*,1.01,1.5,0.92,20250120030333
国际米兰 vs 恩波利,3-1,0-0,平*,1.02,1.5,0.91,20250120025734
国际米兰 vs 恩波利,3-1,0-0,平*,1.01,1.5,0.91,20250120025657
国际米兰 vs 恩波利,3-1,0-0,平*,1.0,1.5,0.92,20250120025431
国际米兰 vs 恩波利,3-1,0-0,平*,1.0,1.5,0.93,20250120025212
国际米兰 vs 恩波利,3-1,0-0,平*,1.0,1.5,0.92,20250120025020
国际米兰 vs 恩波利,3-1,0-0,平*,1.08,1.5,0.85,20250120024252
国际米兰 vs 恩波利,3-1,0-0,平*,1.07,1.5,0.86,20250120022704
国际米兰 vs 恩波利,3-1,0-0,平*,1.08,1.5,0.85,20250120022258
国际米兰 vs 恩波利,3-1,0-0,平*,1.08,1.5,0.86,20250120022224
国际米兰 vs 恩波利,3-1,0-0,平*,1.08,1.5,0.85,20250120021625
国际米兰 vs 恩波利,3-1,0-0,平*,1.07,1.5,0.86,20250120021552
国际米兰 vs 恩波利,3-1,0-0,平*,1.08,1.5,0.85,20250120021512
国际米兰 vs 恩波利,3-1,0-0,平*,1.09,1.5,0.85,20250120015635
国际米兰 vs 恩波利,3-1,0-0,平*,0.84,1.25,1.1,20250120013549
国际米兰 vs 恩波利,3-1,0-0,平*,0.83,1.25,1.09,20250120013009
国际米兰 vs 恩波利,3-1,0-0,平*,0.84,1.25,1.1,20250120011537
国际米兰 vs 恩波利,3-1,0-0,平*,1.07,1.5,0.86,20250120010621
国际米兰 vs 恩波利,3-1,0-0,平*,1.08,1.5,0.86,20250120005758
国际米兰 vs 恩波利,3-1,0-0,平*,1.07,1.5,0.86,20250120004349
国际米兰 vs 恩波利,3-1,0-0,平*,1.07,1.5,0.87,20250120004014
国际米兰 vs 恩波利,3-1,0-0,平*,1.06,1.5,0.87,20250120003823
国际米兰 vs 恩波利,3-1,0-0,平*,1.07,1.5,0.86,20250120003748
国际米兰 vs 恩波利,3-1,0-0,平*,1.05,1.5,0.88,20250120003710
国际米兰 vs 恩波利,3-1,0-0,平*,1.03,1.5,0.9,20250120002955
国际米兰 vs 恩波利,3-1,0-0,平*,1.03,1.5,0.89,20250120001643
国际米兰 vs 恩波利,3-1,0-0,平*,1.04,1.5,0.88,20250120001345
国际米兰 vs 恩波利,3-1,0-0,平*,1.04,1.5,0.89,20250120000436
国际米兰 vs 恩波利,3-1,0-0,平*,1.06,1.5,0.87,20250120000109
国际米兰 vs 恩波利,3-1,0-0,平*,1.06,1.5,0.88,20250119235321
国际米兰 vs 恩波利,3-1,0-0,平*,1.05,1.5,0.88,20250119234842
国际米兰 vs 恩波利,3-1,0-0,平*,1.04,1.5,0.89,20250119234100
国际米兰 vs 恩波利,3-1,0-0,平*,1.04,1.5,0.88,20250119224720
国际米兰 vs 恩波利,3-1,0-0,平*,1.05,1.5,0.88,20250119223606
国际米兰 vs 恩波利,3-1,0-0,平*,1.06,1.5,0.87,20250119223102
国际米兰 vs 恩波利,3-1,0-0,平*,1.05,1.5,0.88,20250119223018
国际米兰 vs 恩波利,3-1,0-0,平*,1.03,1.5,0.9,20250119222827
国际米兰 vs 恩波利,3-1,0-0,平*,1.03,1.5,0.89,20250119222113
国际米兰 vs 恩波利,3-1,0-0,平*,0.98,1.5,0.94,20250119220739
国际米兰 vs 恩波利,3-1,0-0,平*,0.94,1.5,0.98,20250119215339
国际米兰 vs 恩波利,3-1,0-0,平*,0.95,1.5,0.97,20250119215127
国际米兰 vs 恩波利,3-1,0-0,平*,0.92,1.5,1.01,20250119214815
国际米兰 vs 恩波利,3-1,0-0,平*,0.91,1.5,1.01,20250119214357
国际米兰 vs 恩波利,3-1,0-0,平*,0.89,1.5,1.03,20250119203450
国际米兰 vs 恩波利,3-1,0-0,平*,0.91,1.5,1.02,20250119203057
国际米兰 vs 恩波利,3-1,0-0,平*,0.91,1.5,1.01,20250119202728
国际米兰 vs 恩波利,3-1,0-0,平*,0.89,1.5,1.03,20250119192953
国际米兰 vs 恩波利,3-1,0-0,平*,0.91,1.5,1.02,20250119192711
国际米兰 vs 恩波利,3-1,0-0,平*,0.87,1.5,1.06,20250119192524
国际米兰 vs 恩波利,3-1,0-0,平*,1.06,1.75,0.83,20250119192417
国际米兰 vs 恩波利,3-1,0-0,平*,1.05,1.75,0.86,20250119183925
国际米兰 vs 恩波利,3-1,0-0,平*,1.03,1.75,0.88,20250119174551
国际米兰 vs 恩波利,3-1,0-0,平*,1.05,1.75,0.86,20250119173621
国际米兰 vs 恩波利,3-1,0-0,平*,1.06,1.75,0.85,20250119164503
国际米兰 vs 恩波利,3-1,0-0,平*,1.05,1.75,0.85,20250119151537
国际米兰 vs 恩波利,3-1,0-0,平*,1.03,1.75,0.86,20250119151439
国际米兰 vs 恩波利,3-1,0-0,平*,1.02,1.75,0.87,20250119135315
国际米兰 vs 恩波利,3-1,0-0,平*,0.99,1.75,0.9,20250119132631
国际米兰 vs 恩波利,3-1,0-0,平*,0.94,1.75,0.94,20250119132203
国际米兰 vs 恩波利,3-1,0-0,平*,0.93,1.75,0.96,20250119070921
国际米兰 vs 恩波利,3-1,0-0,平*,0.92,1.75,0.97,20250118025241
国际米兰 vs 恩波利,3-1,0-0,平*,0.93,1.75,0.95,20250116213123
国际米兰 vs 恩波利,3-1,0-0,平*,0.85,1.75,1.04,20250116204536
国际米兰 vs 恩波利,3-1,0-0,平*,0.87,1.75,1.02,20250116203105
国际米兰 vs 恩波利,3-1,0-0,平*,0.89,1.75,1.0,20250116181530
国际米兰 vs 恩波利,3-1,0-0,平*,0.85,1.75,1.04,20250116133010
国际米兰 vs 恩波利,3-1,0-0,平*,0.83,1.75,1.01,20250115125500
国际米兰 vs 恩波利,3-1,0-0,平*,0.84,1.75,1.0,20250114094945
国际米兰 vs 恩波利,3-1,0-0,平*,0.85,1.75,1.0,20250112231442
国际米兰 vs 恩波利,3-1,0-0,平*,0.85,1.75,0.99,20250110203001
国际米兰 vs 恩波利,3-1,0-0,平*,0.83,1.75,1.01,20250110174404
国际米兰 vs 恩波利,3-1,0-0,平*,0.8,1.75,1.05,20250106103139
国际米兰 vs 恩波利,3-1,0-0,平*,1.03,2.0,0.82,20250106071640
国际米兰 vs 恩波利,3-1,0-0,平*,1.01,2.0,0.8,20250106061427
国际米兰 vs 恩波利,3-1,0-0,香港马*,1.14,1.75,0.72,20250120034238
国际米兰 vs 恩波利,3-1,0-0,香港马*,1.05,1.75,0.78,20250120032847
国际米兰 vs 恩波利,3-1,0-0,香港马*,1.09,1.75,0.75,20250120032356
国际米兰 vs 恩波利,3-1,0-0,香港马*,1.13,1.75,0.72,20250120031031
国际米兰 vs 恩波利,3-1,0-0,香港马*,1.12,1.75,0.73,20250120025325
国际米兰 vs 恩波利,3-1,0-0,香港马*,1.17,1.75,0.7,20250120022050
国际米兰 vs 恩波利,3-1,0-0,香港马*,1.19,1.75,0.69,20250120021959
国际米兰 vs 恩波利,3-1,0-0,香港马*,1.2,1.75,0.68,20250120011803
国际米兰 vs 恩波利,3-1,0-0,香港马*,1.14,1.75,0.72,20250119230941
国际米兰 vs 恩波利,3-1,0-0,香港马*,1.13,1.75,0.72,20250119222257
国际米兰 vs 恩波利,3-1,0-0,香港马*,1.1,1.75,0.75,20250119221006
国际米兰 vs 恩波利,3-1,0-0,香港马*,1.04,1.75,0.79,20250119215323
国际米兰 vs 恩波利,3-1,0-0,香港马*,1.0,1.75,0.82,20250119192700
国际米兰 vs 恩波利,3-1,0-0,香港马*,0.96,1.75,0.86,20250119152654
国际米兰 vs 恩波利,3-1,0-0,香港马*,0.91,1.75,0.91,20250119120036
国际米兰 vs 恩波利,3-1,0-0,香港马*,0.88,1.75,0.88,20250116193249
国际米兰 vs 恩波利,3-1,0-0,威*,1.01,1.5,0.84,20250120032045
国际米兰 vs 恩波利,3-1,0-0,威*,1.03,1.5,0.82,20250120030626
国际米兰 vs 恩波利,3-1,0-0,威*,0.79,1.25,1.05,20250120024148
国际米兰 vs 恩波利,3-1,0-0,威*,0.81,1.25,1.03,20250120015103
国际米兰 vs 恩波利,3-1,0-0,威*,0.79,1.25,1.05,20250120013916
国际米兰 vs 恩波利,3-1,0-0,威*,1.05,1.5,0.79,20250120012028
国际米兰 vs 恩波利,3-1,0-0,威*,1.04,1.5,0.81,20250119224656
国际米兰 vs 恩波利,3-1,0-0,威*,0.98,1.5,0.87,20250119223303
国际米兰 vs 恩波利,3-1,0-0,威*,0.98,1.5,0.86,20250119222527
国际米兰 vs 恩波利,3-1,0-0,威*,0.96,1.5,0.88,20250119221013
国际米兰 vs 恩波利,3-1,0-0,威*,0.91,1.5,0.93,20250119220211
国际米兰 vs 恩波利,3-1,0-0,威*,0.89,1.5,0.94,20250119214311
国际米兰 vs 恩波利,3-1,0-0,威*,0.89,1.5,0.95,20250119210144
国际米兰 vs 恩波利,3-1,0-0,威*,0.88,1.5,0.95,20250119205028
国际米兰 vs 恩波利,3-1,0-0,威*,0.87,1.5,0.97,20250119200218
国际米兰 vs 恩波利,3-1,0-0,威*,0.85,1.5,0.99,20250119194934
国际米兰 vs 恩波利,3-1,0-0,威*,0.84,1.5,0.99,20250119191127
国际米兰 vs 恩波利,3-1,0-0,威*,0.83,1.5,1.0,20250119181821
国际米兰 vs 恩波利,3-1,0-0,威*,0.84,1.5,1.0,20250119180454
国际米兰 vs 恩波利,3-1,0-0,威*,0.83,1.5,1.0,20250119162745
国际米兰 vs 恩波利,3-1,0-0,威*,0.81,1.5,1.02,20250119160021
国际米兰 vs 恩波利,3-1,0-0,威*,0.81,1.5,1.03,20250119154639
国际米兰 vs 恩波利,3-1,0-0,威*,0.82,1.5,1.02,20250119153240
国际米兰 vs 恩波利,3-1,0-0,威*,0.81,1.5,1.03,20250119145136
国际米兰 vs 恩波利,3-1,0-0,威*,1.01,1.75,0.82,20250119140948
国际米兰 vs 恩波利,3-1,0-0,威*,1.0,1.75,0.82,20250119135603
国际米兰 vs 恩波利,3-1,0-0,威*,0.97,1.75,0.85,20250119134213
国际米兰 vs 恩波利,3-1,0-0,威*,0.94,1.75,0.88,20250119072335
国际米兰 vs 恩波利,3-1,0-0,威*,0.93,1.75,0.89,20250119034550
国际米兰 vs 恩波利,3-1,0-0,威*,0.94,1.75,0.88,20250119030217
国际米兰 vs 恩波利,3-1,0-0,威*,0.88,1.75,0.83,20250119023316
国际米兰 vs 恩波利,3-1,0-0,威*,0.91,1.75,0.9,20250118145903
国际米兰 vs 恩波利,3-1,0-0,威*,0.86,1.75,0.85,20250118142646
国际米兰 vs 恩波利,3-1,0-0,威*,0.91,1.75,0.9,20250118133752
国际米兰 vs 恩波利,3-1,0-0,威*,0.89,1.75,0.91,20250117211014
国际米兰 vs 恩波利,3-1,0-0,威*,0.95,1.75,0.85,20250117160235
国际米兰 vs 恩波利,3-1,0-0,威*,0.94,1.75,0.86,20250116221811
国际米兰 vs 恩波利,3-1,0-0,威*,0.91,1.75,0.89,20250116214244
国际米兰 vs 恩波利,3-1,0-0,威*,0.9,1.75,0.89,20250116210517
国际米兰 vs 恩波利,3-1,0-0,威*,0.92,1.75,0.87,20250116202706
国际米兰 vs 恩波利,3-1,0-0,威*,0.92,1.75,0.88,20250116190833
国际米兰 vs 恩波利,3-1,0-0,威*,0.9,1.75,0.89,20250116182835
国际米兰 vs 恩波利,3-1,0-0,威*,0.89,1.75,0.9,20250115130658
国际米兰 vs 恩波利,3-1,0-0,威*,0.92,1.75,0.88,20250115054127
国际米兰 vs 恩波利,3-1,0-0,威*,0.89,1.75,0.9,20250115044546
国际米兰 vs 恩波利,3-1,0-0,威*,0.87,1.75,0.83,20250115034832
国际米兰 vs 恩波利,3-1,0-0,威*,0.92,1.75,0.88,20250114172837
国际米兰 vs 恩波利,3-1,0-0,威*,0.89,1.75,0.9,20250114160057
国际米兰 vs 恩波利,3-1,0-0,威*,0.92,1.75,0.88,20250114034559
国际米兰 vs 恩波利,3-1,0-0,威*,0.89,1.75,0.9,20250114024353
国际米兰 vs 恩波利,3-1,0-0,威*,0.92,1.75,0.88,20250114003948
国际米兰 vs 恩波利,3-1,0-0,威*,0.89,1.75,0.9,20250113233748
国际米兰 vs 恩波利,3-1,0-0,威*,0.92,1.75,0.88,20250113200614
国际米兰 vs 恩波利,3-1,0-0,威*,0.89,1.75,0.9,20250113190537
国际米兰 vs 恩波利,3-1,0-0,威*,0.92,1.75,0.88,20250113132300
国际米兰 vs 恩波利,3-1,0-0,威*,0.89,1.75,0.9,20250113122526
国际米兰 vs 恩波利,3-1,0-0,威*,0.92,1.75,0.88,20250113054906
国际米兰 vs 恩波利,3-1,0-0,威*,0.89,1.75,0.9,20250113040222
国际米兰 vs 恩波利,3-1,0-0,威*,0.88,1.75,0.92,20250113030939
国际米兰 vs 恩波利,3-1,0-0,威*,0.87,1.75,0.91,20250113021659
国际米兰 vs 恩波利,3-1,0-0,威*,0.89,1.75,0.89,20250111235122
国际米兰 vs 恩波利,3-1,0-0,威*,0.84,1.75,0.85,20250111231215
国际米兰 vs 恩波利,3-1,0-0,威*,0.89,1.75,0.89,20250111141934
国际米兰 vs 恩波利,3-1,0-0,威*,0.87,1.75,0.91,20250110181009
国际米兰 vs 恩波利,3-1,0-0,威*,0.86,1.75,0.93,20250109115234
国际米兰 vs 恩波利,3-1,0-0,威*,0.87,1.75,0.91,20250109111126
国际米兰 vs 恩波利,3-1,0-0,威*,0.86,1.75,0.93,20250107182550
国际米兰 vs 恩波利,3-1,0-0,威*,0.81,1.75,0.88,20250106184329
国际米兰 vs 恩波利,3-1,0-0,威*,0.82,1.75,0.87,20250106174609
国际米兰 vs 恩波利,3-1,0-0,威*,0.87,1.75,0.91,20250106110957
国际米兰 vs 恩波利,3-1,0-0,威*,0.7,1.5,1.2,20250106081905
国际米兰 vs 恩波利,3-1,0-0,Interwet*,0.83,1.5,0.9,20250120032855
国际米兰 vs 恩波利,3-1,0-0,Interwet*,0.85,1.5,0.9,20250120032419
国际米兰 vs 恩波利,3-1,0-0,Interwet*,0.9,1.5,0.85,20250120031356
国际米兰 vs 恩波利,3-1,0-0,Interwet*,0.9,1.5,0.83,20250120030249
国际米兰 vs 恩波利,3-1,0-0,Interwet*,0.9,1.5,0.85,20250120025607
国际米兰 vs 恩波利,3-1,0-0,Interwet*,0.9,1.5,0.83,20250120025211
国际米兰 vs 恩波利,3-1,0-0,Interwet*,0.95,1.5,0.83,20250120022306
国际米兰 vs 恩波利,3-1,0-0,Interwet*,0.95,1.5,0.8,20250120012003
国际米兰 vs 恩波利,3-1,0-0,Interwet*,0.95,1.5,0.83,20250120011110
国际米兰 vs 恩波利,3-1,0-0,Interwet*,0.95,1.5,0.8,20250120010245
国际米兰 vs 恩波利,3-1,0-0,Interwet*,0.97,1.5,0.77,20250120005726
国际米兰 vs 恩波利,3-1,0-0,Interwet*,0.9,1.5,0.83,20250120004513
国际米兰 vs 恩波利,3-1,0-0,Interwet*,0.95,1.5,0.8,20250120001314
国际米兰 vs 恩波利,3-1,0-0,Interwet*,0.85,1.5,0.85,20250120000845
国际米兰 vs 恩波利,3-1,0-0,Interwet*,0.95,1.5,0.8,20250120000426
国际米兰 vs 恩波利,3-1,0-0,Interwet*,0.9,1.5,0.8,20250119235950
国际米兰 vs 恩波利,3-1,0-0,Interwet*,0.95,1.5,0.8,20250119232720
国际米兰 vs 恩波利,3-1,0-0,Interwet*,0.95,1.5,0.77,20250119225721
国际米兰 vs 恩波利,3-1,0-0,Interwet*,0.95,1.5,0.8,20250119225241
国际米兰 vs 恩波利,3-1,0-0,Interwet*,0.9,1.5,0.83,20250119224257
国际米兰 vs 恩波利,3-1,0-0,Interwet*,0.95,1.5,0.8,20250119222910
国际米兰 vs 恩波利,3-1,0-0,Interwet*,0.85,1.5,0.9,20250119221424
国际米兰 vs 恩波利,3-1,0-0,Interwet*,0.83,1.5,0.9,20250119220945
国际米兰 vs 恩波利,3-1,0-0,Interwet*,0.83,1.5,0.95,20250119215606
国际米兰 vs 恩波利,3-1,0-0,Interwet*,0.8,1.5,0.95,20250119215016
国际米兰 vs 恩波利,3-1,0-0,Interwet*,0.77,1.5,0.97,20250119203925
国际米兰 vs 恩波利,3-1,0-0,Interwet*,0.77,1.5,0.95,20250119195157
国际米兰 vs 恩波利,3-1,0-0,Interwet*,0.8,1.5,0.95,20250119193755
国际米兰 vs 恩波利,3-1,0-0,Interwet*,0.77,1.5,0.97,20250119193227
国际米兰 vs 恩波利,3-1,0-0,Interwet*,0.73,1.5,1.05,20250119192035
国际米兰 vs 恩波利,3-1,0-0,Interwet*,0.73,1.5,1.0,20250119185643
国际米兰 vs 恩波利,3-1,0-0,Interwet*,0.75,1.5,1.0,20250119183312
国际米兰 vs 恩波利,3-1,0-0,Interwet*,0.73,1.5,1.05,20250119180914
国际米兰 vs 恩波利,3-1,0-0,Interwet*,0.75,1.5,0.95,20250119180337
国际米兰 vs 恩波利,3-1,0-0,Interwet*,0.73,1.5,1.05,20250119175208
国际米兰 vs 恩波利,3-1,0-0,Interwet*,0.73,1.5,1.0,20250119174558
国际米兰 vs 恩波利,3-1,0-0,Interwet*,0.75,1.5,1.0,20250119170004
国际米兰 vs 恩波利,3-1,0-0,Interwet*,0.73,1.5,1.0,20250119155538
国际米兰 vs 恩波利,3-1,0-0,Interwet*,0.73,1.5,1.05,20250119154928
国际米兰 vs 恩波利,3-1,0-0,Interwet*,0.73,1.5,1.0,20250119152706
国际米兰 vs 恩波利,3-1,0-0,Interwet*,0.73,1.5,1.05,20250119144413
国际米兰 vs 恩波利,3-1,0-0,Interwet*,0.7,1.5,1.05,20250119140507
国际米兰 vs 恩波利,3-1,0-0,Interwet*,0.73,1.5,1.05,20250119135950
国际米兰 vs 恩波利,3-1,0-0,Interwet*,0.7,1.5,1.1,20250119133841
国际米兰 vs 恩波利,3-1,0-0,Interwet*,0.67,1.5,1.1,20250119121041
国际米兰 vs 恩波利,3-1,0-0,Interwet*,0.7,1.5,1.1,20250119112532
国际米兰 vs 恩波利,3-1,0-0,Interwet*,0.67,1.5,1.1,20250119061456
国际米兰 vs 恩波利,3-1,0-0,Interwet*,1.05,2.0,0.7,20250119055616
国际米兰 vs 恩波利,3-1,0-0,Interwet*,1.1,2.0,0.7,20250119015242
国际米兰 vs 恩波利,3-1,0-0,Interwet*,1.05,2.0,0.7,20250118141744
国际米兰 vs 恩波利,3-1,0-0,Interwet*,1.1,2.0,0.67,20250118134755
国际米兰 vs 恩波利,3-1,0-0,Interwet*,1.1,2.0,0.7,20250118103415
国际米兰 vs 恩波利,3-1,0-0,Interwet*,1.05,2.0,0.7,20250118040103
国际米兰 vs 恩波利,3-1,0-0,Interwet*,1.1,2.0,0.7,20250117163451
国际米兰 vs 恩波利,3-1,0-0,Interwet*,1.1,2.0,0.67,20250117004414
国际米兰 vs 恩波利,3-1,0-0,Interwet*,0.67,1.5,1.1,20250116220305
国际米兰 vs 恩波利,3-1,0-0,Interwet*,1.1,2.0,0.67,20250116213352
国际米兰 vs 恩波利,3-1,0-0,Interwet*,1.0,2.0,0.73,20250116204044
国际米兰 vs 恩波利,3-1,0-0,Interwet*,1.05,2.0,0.7,20250116181022
国际米兰 vs 恩波利,3-1,0-0,Interwet*,1.1,2.0,0.67,20250116103503
国际米兰 vs 恩波利,3-1,0-0,Interwet*,1.05,2.0,0.73,20250116062900
国际米兰 vs 恩波利,3-1,0-0,Interwet*,1.0,2.0,0.73,20250116005109
国际米兰 vs 恩波利,3-1,0-0,Interwet*,1.05,2.0,0.73,20250115125415
国际米兰 vs 恩波利,3-1,0-0,Interwet*,1.05,2.0,0.7,20250112002156
国际米兰 vs 恩波利,3-1,0-0,Interwet*,1.05,2.0,0.73,20250111223805
国际米兰 vs 恩波利,3-1,0-0,Interwet*,1.0,2.0,0.73,20250109123532
国际米兰 vs 恩波利,3-1,0-0,Interwet*,1.05,2.0,0.73,20250107093852
国际米兰 vs 恩波利,3-1,0-0,Interwet*,1.0,2.0,0.73,20250105225123
国际米兰 vs 恩波利,3-1,0-0,Interwet*,1.05,2.0,0.7,20250105224128
