Teams,FT Score,HT Score,Bookmaker,Home Odds,Handicap,Away Odds,Timestamp
利物浦 vs 曼彻斯特联,2-2,0-0,澳*,1.0,1.5,0.86,20250105233746
利物浦 vs 曼彻斯特联,2-2,0-0,澳*,0.98,1.5,0.88,20250105231806
利物浦 vs 曼彻斯特联,2-2,0-0,澳*,1.04,1.5,0.82,20250105225647
利物浦 vs 曼彻斯特联,2-2,0-0,澳*,1.02,1.5,0.84,20250105224341
利物浦 vs 曼彻斯特联,2-2,0-0,澳*,1.04,1.5,0.82,20250105221011
利物浦 vs 曼彻斯特联,2-2,0-0,澳*,1.02,1.5,0.84,20250105211818
利物浦 vs 曼彻斯特联,2-2,0-0,澳*,1.04,1.5,0.82,20250105203409
利物浦 vs 曼彻斯特联,2-2,0-0,澳*,1.06,1.5,0.8,20250105192826
利物浦 vs 曼彻斯特联,2-2,0-0,澳*,1.1,1.5,0.76,20250105175115
利物浦 vs 曼彻斯特联,2-2,0-0,澳*,1.08,1.5,0.78,20250105164618
利物浦 vs 曼彻斯特联,2-2,0-0,澳*,1.06,1.5,0.8,20250105160318
利物浦 vs 曼彻斯特联,2-2,0-0,澳*,1.04,1.5,0.82,20250105143140
利物浦 vs 曼彻斯特联,2-2,0-0,澳*,0.94,1.5,0.92,20250105122613
利物浦 vs 曼彻斯特联,2-2,0-0,澳*,0.9,1.5,0.96,20250105071112
利物浦 vs 曼彻斯特联,2-2,0-0,澳*,1.06,1.75,0.8,20250105060833
利物浦 vs 曼彻斯特联,2-2,0-0,澳*,1.02,1.75,0.84,20250104181402
利物浦 vs 曼彻斯特联,2-2,0-0,澳*,1.04,1.75,0.82,20250104150911
利物浦 vs 曼彻斯特联,2-2,0-0,澳*,1.06,1.75,0.8,20250104072640
利物浦 vs 曼彻斯特联,2-2,0-0,澳*,0.98,1.75,0.88,20250103061400
利物浦 vs 曼彻斯特联,2-2,0-0,澳*,0.92,1.75,0.94,20250102073222
利物浦 vs 曼彻斯特联,2-2,0-0,澳*,0.82,1.75,1.04,20250101144419
利物浦 vs 曼彻斯特联,2-2,0-0,澳*,0.98,1.75,0.88,20241231095834
利物浦 vs 曼彻斯特联,2-2,0-0,澳*,0.92,1.75,0.94,20241231071833
利物浦 vs 曼彻斯特联,2-2,0-0,澳*,0.85,1.5,1.01,20241230204537
利物浦 vs 曼彻斯特联,2-2,0-0,Crow*,1.0,1.5,0.89,20250106002857
利物浦 vs 曼彻斯特联,2-2,0-0,Crow*,1.02,1.5,0.87,20250106002751
利物浦 vs 曼彻斯特联,2-2,0-0,Crow*,1.03,1.5,0.86,20250106001615
利物浦 vs 曼彻斯特联,2-2,0-0,Crow*,1.02,1.5,0.87,20250106001144
利物浦 vs 曼彻斯特联,2-2,0-0,Crow*,1.01,1.5,0.88,20250106001036
利物浦 vs 曼彻斯特联,2-2,0-0,Crow*,1.02,1.5,0.87,20250106000749
利物浦 vs 曼彻斯特联,2-2,0-0,Crow*,1.03,1.5,0.86,20250106000425
利物浦 vs 曼彻斯特联,2-2,0-0,Crow*,1.04,1.5,0.85,20250106000236
利物浦 vs 曼彻斯特联,2-2,0-0,Crow*,1.02,1.5,0.87,20250106000202
利物浦 vs 曼彻斯特联,2-2,0-0,Crow*,1.01,1.5,0.88,20250106000129
利物浦 vs 曼彻斯特联,2-2,0-0,Crow*,1.02,1.5,0.87,20250106000022
利物浦 vs 曼彻斯特联,2-2,0-0,Crow*,1.01,1.5,0.88,20250105235335
利物浦 vs 曼彻斯特联,2-2,0-0,Crow*,1.02,1.5,0.87,20250105234037
利物浦 vs 曼彻斯特联,2-2,0-0,Crow*,1.04,1.5,0.85,20250105233745
利物浦 vs 曼彻斯特联,2-2,0-0,Crow*,1.03,1.5,0.86,20250105233603
利物浦 vs 曼彻斯特联,2-2,0-0,Crow*,1.02,1.5,0.87,20250105233529
利物浦 vs 曼彻斯特联,2-2,0-0,Crow*,1.01,1.5,0.88,20250105232124
利物浦 vs 曼彻斯特联,2-2,0-0,Crow*,1.0,1.5,0.89,20250105232016
利物浦 vs 曼彻斯特联,2-2,0-0,Crow*,0.99,1.5,0.9,20250105231727
利物浦 vs 曼彻斯特联,2-2,0-0,Crow*,1.04,1.5,0.85,20250105230853
利物浦 vs 曼彻斯特联,2-2,0-0,Crow*,1.05,1.5,0.84,20250105225441
利物浦 vs 曼彻斯特联,2-2,0-0,Crow*,1.03,1.5,0.86,20250105225403
利物浦 vs 曼彻斯特联,2-2,0-0,Crow*,1.02,1.5,0.87,20250105225027
利物浦 vs 曼彻斯特联,2-2,0-0,Crow*,1.04,1.5,0.85,20250105223930
利物浦 vs 曼彻斯特联,2-2,0-0,Crow*,1.05,1.5,0.84,20250105222924
利物浦 vs 曼彻斯特联,2-2,0-0,Crow*,1.04,1.5,0.85,20250105222243
利物浦 vs 曼彻斯特联,2-2,0-0,Crow*,1.05,1.5,0.84,20250105221751
利物浦 vs 曼彻斯特联,2-2,0-0,Crow*,1.06,1.5,0.83,20250105221142
利物浦 vs 曼彻斯特联,2-2,0-0,Crow*,1.05,1.5,0.84,20250105214904
利物浦 vs 曼彻斯特联,2-2,0-0,Crow*,1.04,1.5,0.85,20250105214055
利物浦 vs 曼彻斯特联,2-2,0-0,Crow*,1.05,1.5,0.84,20250105212049
利物浦 vs 曼彻斯特联,2-2,0-0,Crow*,1.04,1.5,0.85,20250105205649
利物浦 vs 曼彻斯特联,2-2,0-0,Crow*,1.05,1.5,0.84,20250105204333
利物浦 vs 曼彻斯特联,2-2,0-0,Crow*,1.04,1.5,0.85,20250105204134
利物浦 vs 曼彻斯特联,2-2,0-0,Crow*,1.05,1.5,0.84,20250105202026
利物浦 vs 曼彻斯特联,2-2,0-0,Crow*,1.07,1.5,0.82,20250105201945
利物浦 vs 曼彻斯特联,2-2,0-0,Crow*,1.05,1.5,0.84,20250105201827
利物浦 vs 曼彻斯特联,2-2,0-0,Crow*,0.84,1.25,1.05,20250105193918
利物浦 vs 曼彻斯特联,2-2,0-0,Crow*,0.85,1.25,1.04,20250105193447
利物浦 vs 曼彻斯特联,2-2,0-0,Crow*,1.07,1.5,0.82,20250105192733
利物浦 vs 曼彻斯特联,2-2,0-0,Crow*,1.08,1.5,0.81,20250105190041
利物浦 vs 曼彻斯特联,2-2,0-0,Crow*,1.07,1.5,0.82,20250105185154
利物浦 vs 曼彻斯特联,2-2,0-0,Crow*,1.05,1.5,0.84,20250105184950
利物浦 vs 曼彻斯特联,2-2,0-0,Crow*,0.85,1.25,1.04,20250105184828
利物浦 vs 曼彻斯特联,2-2,0-0,Crow*,0.87,1.25,1.02,20250105184748
利物浦 vs 曼彻斯特联,2-2,0-0,Crow*,0.86,1.25,1.03,20250105184708
利物浦 vs 曼彻斯特联,2-2,0-0,Crow*,0.88,1.25,1.01,20250105184627
利物浦 vs 曼彻斯特联,2-2,0-0,Crow*,0.9,1.25,0.99,20250105184547
利物浦 vs 曼彻斯特联,2-2,0-0,Crow*,0.88,1.25,1.01,20250105183737
利物浦 vs 曼彻斯特联,2-2,0-0,Crow*,0.87,1.25,1.02,20250105182431
利物浦 vs 曼彻斯特联,2-2,0-0,Crow*,0.88,1.25,1.01,20250105182232
利物浦 vs 曼彻斯特联,2-2,0-0,Crow*,0.89,1.25,1.0,20250105175155
利物浦 vs 曼彻斯特联,2-2,0-0,Crow*,0.88,1.25,1.01,20250105172724
利物浦 vs 曼彻斯特联,2-2,0-0,Crow*,0.87,1.25,1.02,20250105172644
利物浦 vs 曼彻斯特联,2-2,0-0,Crow*,0.86,1.25,1.03,20250105172446
利物浦 vs 曼彻斯特联,2-2,0-0,Crow*,0.85,1.25,1.04,20250105170052
利物浦 vs 曼彻斯特联,2-2,0-0,Crow*,0.84,1.25,1.05,20250105165225
利物浦 vs 曼彻斯特联,2-2,0-0,Crow*,0.85,1.25,1.04,20250105161750
利物浦 vs 曼彻斯特联,2-2,0-0,Crow*,1.08,1.5,0.81,20250105151025
利物浦 vs 曼彻斯特联,2-2,0-0,Crow*,1.07,1.5,0.82,20250105150824
利物浦 vs 曼彻斯特联,2-2,0-0,Crow*,1.06,1.5,0.83,20250105150307
利物浦 vs 曼彻斯特联,2-2,0-0,Crow*,1.05,1.5,0.84,20250105150147
利物浦 vs 曼彻斯特联,2-2,0-0,Crow*,1.06,1.5,0.83,20250105143952
利物浦 vs 曼彻斯特联,2-2,0-0,Crow*,1.07,1.5,0.82,20250105143754
利物浦 vs 曼彻斯特联,2-2,0-0,Crow*,1.06,1.5,0.83,20250105143515
利物浦 vs 曼彻斯特联,2-2,0-0,Crow*,1.05,1.5,0.84,20250105143118
利物浦 vs 曼彻斯特联,2-2,0-0,Crow*,1.06,1.5,0.83,20250105142803
利物浦 vs 曼彻斯特联,2-2,0-0,Crow*,1.07,1.5,0.82,20250105142725
利物浦 vs 曼彻斯特联,2-2,0-0,Crow*,1.05,1.5,0.84,20250105142055
利物浦 vs 曼彻斯特联,2-2,0-0,Crow*,1.06,1.5,0.83,20250105142016
利物浦 vs 曼彻斯特联,2-2,0-0,Crow*,1.04,1.5,0.85,20250105141702
利物浦 vs 曼彻斯特联,2-2,0-0,Crow*,1.03,1.5,0.86,20250105140815
利物浦 vs 曼彻斯特联,2-2,0-0,Crow*,1.02,1.5,0.87,20250105135511
利物浦 vs 曼彻斯特联,2-2,0-0,Crow*,0.98,1.5,0.91,20250105135354
利物浦 vs 曼彻斯特联,2-2,0-0,Crow*,0.96,1.5,0.93,20250105124816
利物浦 vs 曼彻斯特联,2-2,0-0,Crow*,0.97,1.5,0.92,20250105122942
利物浦 vs 曼彻斯特联,2-2,0-0,Crow*,0.95,1.5,0.94,20250105122235
利物浦 vs 曼彻斯特联,2-2,0-0,Crow*,0.94,1.5,0.95,20250105121230
利物浦 vs 曼彻斯特联,2-2,0-0,Crow*,0.96,1.5,0.93,20250105121152
利物浦 vs 曼彻斯特联,2-2,0-0,Crow*,0.94,1.5,0.95,20250105120531
利物浦 vs 曼彻斯特联,2-2,0-0,Crow*,0.93,1.5,0.96,20250105113343
利物浦 vs 曼彻斯特联,2-2,0-0,Crow*,0.92,1.5,0.97,20250105113220
利物浦 vs 曼彻斯特联,2-2,0-0,Crow*,0.91,1.5,0.98,20250105103620
利物浦 vs 曼彻斯特联,2-2,0-0,Crow*,0.9,1.5,0.99,20250105100457
利物浦 vs 曼彻斯特联,2-2,0-0,Crow*,0.89,1.5,1.0,20250105073030
利物浦 vs 曼彻斯特联,2-2,0-0,Crow*,0.9,1.5,0.99,20250105072410
利物浦 vs 曼彻斯特联,2-2,0-0,Crow*,0.91,1.5,0.98,20250105065128
利物浦 vs 曼彻斯特联,2-2,0-0,Crow*,0.89,1.5,1.0,20250105040337
利物浦 vs 曼彻斯特联,2-2,0-0,Crow*,0.89,1.5,0.99,20250105033813
利物浦 vs 曼彻斯特联,2-2,0-0,Crow*,0.87,1.5,1.01,20250105033043
利物浦 vs 曼彻斯特联,2-2,0-0,Crow*,1.03,1.75,0.85,20250104134847
利物浦 vs 曼彻斯特联,2-2,0-0,Crow*,1.05,1.75,0.83,20250103222930
利物浦 vs 曼彻斯特联,2-2,0-0,Crow*,1.04,1.75,0.84,20250103222531
利物浦 vs 曼彻斯特联,2-2,0-0,Crow*,1.06,1.75,0.82,20250103203946
利物浦 vs 曼彻斯特联,2-2,0-0,Crow*,1.02,1.75,0.86,20250103180831
利物浦 vs 曼彻斯特联,2-2,0-0,Crow*,0.95,1.75,0.93,20250103180551
利物浦 vs 曼彻斯特联,2-2,0-0,Crow*,0.98,1.75,0.9,20250102195630
利物浦 vs 曼彻斯特联,2-2,0-0,Crow*,0.97,1.75,0.91,20250102195147
利物浦 vs 曼彻斯特联,2-2,0-0,Crow*,0.93,1.75,0.95,20250102041858
利物浦 vs 曼彻斯特联,2-2,0-0,Crow*,0.92,1.75,0.96,20250102004026
利物浦 vs 曼彻斯特联,2-2,0-0,Crow*,0.86,1.75,1.02,20250101212529
利物浦 vs 曼彻斯特联,2-2,0-0,Crow*,0.83,1.75,1.05,20250101140305
利物浦 vs 曼彻斯特联,2-2,0-0,Crow*,0.86,1.75,1.02,20250101140056
利物浦 vs 曼彻斯特联,2-2,0-0,Crow*,0.88,1.75,1.0,20250101121520
利物浦 vs 曼彻斯特联,2-2,0-0,Crow*,0.87,1.75,1.01,20250101115200
利物浦 vs 曼彻斯特联,2-2,0-0,Crow*,0.9,1.75,0.98,20250101081752
利物浦 vs 曼彻斯特联,2-2,0-0,Crow*,0.96,1.75,0.92,20250101010701
利物浦 vs 曼彻斯特联,2-2,0-0,Crow*,0.98,1.75,0.9,20250101010432
利物浦 vs 曼彻斯特联,2-2,0-0,Crow*,1.0,1.75,0.88,20241231215856
利物浦 vs 曼彻斯特联,2-2,0-0,Crow*,0.95,1.75,0.93,20241231203943
利物浦 vs 曼彻斯特联,2-2,0-0,Crow*,0.98,1.75,0.9,20241231091839
利物浦 vs 曼彻斯特联,2-2,0-0,Crow*,0.94,1.75,0.94,20241231071822
利物浦 vs 曼彻斯特联,2-2,0-0,Crow*,0.93,1.75,0.95,20241231061751
利物浦 vs 曼彻斯特联,2-2,0-0,Crow*,0.83,1.5,1.05,20241231021831
利物浦 vs 曼彻斯特联,2-2,0-0,Crow*,0.86,1.5,1.02,20241230170859
利物浦 vs 曼彻斯特联,2-2,0-0,Crow*,0.85,1.5,1.03,20241230170648
利物浦 vs 曼彻斯特联,2-2,0-0,Crow*,1.06,1.75,0.82,20241230165017
利物浦 vs 曼彻斯特联,2-2,0-0,Crow*,1.01,1.75,0.87,20241230100350
利物浦 vs 曼彻斯特联,2-2,0-0,Crow*,1.0,1.75,0.88,20241230100025
利物浦 vs 曼彻斯特联,2-2,0-0,Crow*,0.97,1.75,0.91,20241230040833
利物浦 vs 曼彻斯特联,2-2,0-0,Crow*,1.0,1.75,0.88,20241230040407
利物浦 vs 曼彻斯特联,2-2,0-0,Crow*,1.03,1.75,0.85,20241230040300
利物浦 vs 曼彻斯特联,2-2,0-0,Crow*,0.87,1.5,1.01,20241228135720
利物浦 vs 曼彻斯特联,2-2,0-0,Crow*,0.9,1.5,0.98,20241228123013
利物浦 vs 曼彻斯特联,2-2,0-0,Crow*,0.96,1.5,0.92,20241228122906
利物浦 vs 曼彻斯特联,2-2,0-0,Crow*,0.9,1.5,0.98,20241228011648
利物浦 vs 曼彻斯特联,2-2,0-0,Crow*,0.91,1.5,0.97,20241227222622
利物浦 vs 曼彻斯特联,2-2,0-0,Crow*,0.94,1.5,0.94,20241227222123
利物浦 vs 曼彻斯特联,2-2,0-0,36*,1.03,1.5,0.87,20250106002658
利物浦 vs 曼彻斯特联,2-2,0-0,36*,1.02,1.5,0.88,20250106001624
利物浦 vs 曼彻斯特联,2-2,0-0,36*,1.03,1.5,0.9,20250106001338
利物浦 vs 曼彻斯特联,2-2,0-0,36*,1.05,1.5,0.88,20250106000527
利物浦 vs 曼彻斯特联,2-2,0-0,36*,1.04,1.5,0.89,20250106000357
利物浦 vs 曼彻斯特联,2-2,0-0,36*,1.03,1.5,0.9,20250106000002
利物浦 vs 曼彻斯特联,2-2,0-0,36*,1.04,1.5,0.89,20250105235231
利物浦 vs 曼彻斯特联,2-2,0-0,36*,1.05,1.5,0.88,20250105233853
利物浦 vs 曼彻斯特联,2-2,0-0,36*,1.03,1.5,0.9,20250105233124
利物浦 vs 曼彻斯特联,2-2,0-0,36*,1.04,1.5,0.89,20250105232934
利物浦 vs 曼彻斯特联,2-2,0-0,36*,1.03,1.5,0.9,20250105232553
利物浦 vs 曼彻斯特联,2-2,0-0,36*,1.01,1.5,0.92,20250105232358
利物浦 vs 曼彻斯特联,2-2,0-0,36*,1.02,1.5,0.91,20250105231834
利物浦 vs 曼彻斯特联,2-2,0-0,36*,1.06,1.5,0.87,20250105225738
利物浦 vs 曼彻斯特联,2-2,0-0,36*,1.04,1.5,0.89,20250105225353
利物浦 vs 曼彻斯特联,2-2,0-0,36*,1.06,1.5,0.87,20250105222718
利物浦 vs 曼彻斯特联,2-2,0-0,36*,1.07,1.5,0.86,20250105221605
利物浦 vs 曼彻斯特联,2-2,0-0,36*,1.06,1.5,0.87,20250105211925
利物浦 vs 曼彻斯特联,2-2,0-0,36*,1.05,1.5,0.88,20250105211351
利物浦 vs 曼彻斯特联,2-2,0-0,36*,1.06,1.5,0.87,20250105203256
利物浦 vs 曼彻斯特联,2-2,0-0,36*,1.07,1.5,0.86,20250105203055
利物浦 vs 曼彻斯特联,2-2,0-0,36*,1.06,1.5,0.87,20250105202459
利物浦 vs 曼彻斯特联,2-2,0-0,36*,1.05,1.5,0.88,20250105202301
利物浦 vs 曼彻斯特联,2-2,0-0,36*,1.07,1.5,0.86,20250105202104
利物浦 vs 曼彻斯特联,2-2,0-0,36*,1.08,1.5,0.85,20250105190636
利物浦 vs 曼彻斯特联,2-2,0-0,36*,0.85,1.25,1.08,20250105190424
利物浦 vs 曼彻斯特联,2-2,0-0,36*,1.08,1.5,0.85,20250105185756
利物浦 vs 曼彻斯特联,2-2,0-0,36*,1.07,1.5,0.86,20250105185334
利物浦 vs 曼彻斯特联,2-2,0-0,36*,0.88,1.25,1.05,20250105182726
利物浦 vs 曼彻斯特联,2-2,0-0,36*,0.89,1.25,1.04,20250105180240
利物浦 vs 曼彻斯特联,2-2,0-0,36*,0.88,1.25,1.05,20250105180022
利物浦 vs 曼彻斯特联,2-2,0-0,36*,0.89,1.25,1.04,20250105175934
利物浦 vs 曼彻斯特联,2-2,0-0,36*,0.88,1.25,1.05,20250105173048
利物浦 vs 曼彻斯特联,2-2,0-0,36*,0.86,1.25,1.07,20250105170312
利物浦 vs 曼彻斯特联,2-2,0-0,36*,0.85,1.25,1.08,20250105170103
利物浦 vs 曼彻斯特联,2-2,0-0,36*,0.86,1.25,1.07,20250105151735
利物浦 vs 曼彻斯特联,2-2,0-0,36*,1.08,1.5,0.85,20250105150843
利物浦 vs 曼彻斯特联,2-2,0-0,36*,1.07,1.5,0.86,20250105145426
利物浦 vs 曼彻斯特联,2-2,0-0,36*,0.86,1.25,1.07,20250105145335
利物浦 vs 曼彻斯特联,2-2,0-0,36*,1.07,1.5,0.86,20250105144538
利物浦 vs 曼彻斯特联,2-2,0-0,36*,1.08,1.5,0.85,20250105144334
利物浦 vs 曼彻斯特联,2-2,0-0,36*,1.07,1.5,0.86,20250105143718
利物浦 vs 曼彻斯特联,2-2,0-0,36*,1.05,1.5,0.88,20250105142120
利物浦 vs 曼彻斯特联,2-2,0-0,36*,1.04,1.5,0.89,20250105135736
利物浦 vs 曼彻斯特联,2-2,0-0,36*,0.99,1.5,0.94,20250105134221
利物浦 vs 曼彻斯特联,2-2,0-0,36*,0.98,1.5,0.95,20250105133541
利物浦 vs 曼彻斯特联,2-2,0-0,36*,0.97,1.5,0.96,20250105125308
利物浦 vs 曼彻斯特联,2-2,0-0,36*,0.98,1.5,0.95,20250105123413
利物浦 vs 曼彻斯特联,2-2,0-0,36*,0.96,1.5,0.97,20250105123013
利物浦 vs 曼彻斯特联,2-2,0-0,36*,0.95,1.5,0.98,20250105122603
利物浦 vs 曼彻斯特联,2-2,0-0,36*,0.94,1.5,0.99,20250105121733
利物浦 vs 曼彻斯特联,2-2,0-0,36*,0.96,1.5,0.97,20250105121448
利物浦 vs 曼彻斯特联,2-2,0-0,36*,0.95,1.5,0.98,20250105121034
利物浦 vs 曼彻斯特联,2-2,0-0,36*,0.94,1.5,0.99,20250105120411
利物浦 vs 曼彻斯特联,2-2,0-0,36*,0.93,1.5,1.0,20250105113711
利物浦 vs 曼彻斯特联,2-2,0-0,36*,0.92,1.5,1.01,20250105113118
利物浦 vs 曼彻斯特联,2-2,0-0,36*,0.91,1.5,1.02,20250105092815
利物浦 vs 曼彻斯特联,2-2,0-0,36*,0.9,1.5,1.03,20250105092419
利物浦 vs 曼彻斯特联,2-2,0-0,36*,0.89,1.5,1.01,20250105054747
利物浦 vs 曼彻斯特联,2-2,0-0,36*,0.9,1.5,1.0,20250105040427
利物浦 vs 曼彻斯特联,2-2,0-0,36*,0.89,1.5,1.01,20250105034004
利物浦 vs 曼彻斯特联,2-2,0-0,36*,0.88,1.5,1.02,20250105033536
利物浦 vs 曼彻斯特联,2-2,0-0,36*,1.04,1.75,0.86,20250105024426
利物浦 vs 曼彻斯特联,2-2,0-0,36*,1.03,1.75,0.87,20250105000745
利物浦 vs 曼彻斯特联,2-2,0-0,36*,1.02,1.75,0.88,20250104200613
利物浦 vs 曼彻斯特联,2-2,0-0,36*,1.03,1.75,0.87,20250104181652
利物浦 vs 曼彻斯特联,2-2,0-0,36*,1.02,1.75,0.88,20250104174231
利物浦 vs 曼彻斯特联,2-2,0-0,36*,1.03,1.75,0.87,20250104135653
利物浦 vs 曼彻斯特联,2-2,0-0,36*,1.04,1.75,0.86,20250104063139
利物浦 vs 曼彻斯特联,2-2,0-0,36*,0.84,1.5,1.06,20250104033310
利物浦 vs 曼彻斯特联,2-2,0-0,36*,1.05,1.75,0.85,20250104003003
利物浦 vs 曼彻斯特联,2-2,0-0,36*,0.86,1.5,1.04,20250103223417
利物浦 vs 曼彻斯特联,2-2,0-0,36*,1.02,1.75,0.88,20250103215328
利物浦 vs 曼彻斯特联,2-2,0-0,36*,1.06,1.75,0.84,20250103205439
利物浦 vs 曼彻斯特联,2-2,0-0,36*,1.04,1.75,0.86,20250103191158
利物浦 vs 曼彻斯特联,2-2,0-0,36*,1.03,1.75,0.87,20250103172231
利物浦 vs 曼彻斯特联,2-2,0-0,36*,1.0,1.75,0.9,20250103140429
利物浦 vs 曼彻斯特联,2-2,0-0,36*,1.01,1.75,0.89,20250102222640
利物浦 vs 曼彻斯特联,2-2,0-0,36*,1.0,1.75,0.9,20250102210812
利物浦 vs 曼彻斯特联,2-2,0-0,36*,1.01,1.75,0.89,20250102203459
利物浦 vs 曼彻斯特联,2-2,0-0,36*,1.0,1.75,0.9,20250102201121
利物浦 vs 曼彻斯特联,2-2,0-0,36*,0.93,1.75,0.97,20250102164137
利物浦 vs 曼彻斯特联,2-2,0-0,36*,0.95,1.75,0.95,20250102122325
利物浦 vs 曼彻斯特联,2-2,0-0,36*,0.92,1.75,0.98,20250102004750
利物浦 vs 曼彻斯特联,2-2,0-0,36*,0.86,1.75,1.04,20250101220219
利物浦 vs 曼彻斯特联,2-2,0-0,36*,0.85,1.75,1.05,20250101212328
利物浦 vs 曼彻斯特联,2-2,0-0,36*,1.07,2.0,0.83,20250101184958
利物浦 vs 曼彻斯特联,2-2,0-0,36*,0.83,1.75,1.07,20250101142303
利物浦 vs 曼彻斯特联,2-2,0-0,36*,0.85,1.75,1.05,20250101123039
利物浦 vs 曼彻斯特联,2-2,0-0,36*,0.87,1.75,1.03,20250101120320
利物浦 vs 曼彻斯特联,2-2,0-0,36*,0.88,1.75,1.02,20250101084751
利物浦 vs 曼彻斯特联,2-2,0-0,36*,0.86,1.75,1.04,20250101082021
利物浦 vs 曼彻斯特联,2-2,0-0,36*,0.98,1.75,0.92,20250101012423
利物浦 vs 曼彻斯特联,2-2,0-0,36*,1.0,1.75,0.9,20250101001016
利物浦 vs 曼彻斯特联,2-2,0-0,36*,1.01,1.75,0.89,20241231222626
利物浦 vs 曼彻斯特联,2-2,0-0,36*,0.95,1.75,0.95,20241231201241
利物浦 vs 曼彻斯特联,2-2,0-0,36*,0.97,1.75,0.93,20241231194721
利物浦 vs 曼彻斯特联,2-2,0-0,36*,0.99,1.75,0.91,20241231173924
利物浦 vs 曼彻斯特联,2-2,0-0,36*,1.0,1.75,0.9,20241231134454
利物浦 vs 曼彻斯特联,2-2,0-0,36*,0.98,1.75,0.92,20241231130423
利物浦 vs 曼彻斯特联,2-2,0-0,36*,0.99,1.75,0.91,20241231092918
利物浦 vs 曼彻斯特联,2-2,0-0,36*,0.97,1.75,0.93,20241231082215
利物浦 vs 曼彻斯特联,2-2,0-0,36*,0.95,1.75,0.95,20241231075319
利物浦 vs 曼彻斯特联,2-2,0-0,36*,0.92,1.75,0.98,20241231063449
利物浦 vs 曼彻斯特联,2-2,0-0,36*,0.95,1.75,0.95,20241231062029
利物浦 vs 曼彻斯特联,2-2,0-0,36*,1.0,1.75,0.9,20241231060625
利物浦 vs 曼彻斯特联,2-2,0-0,36*,1.02,1.75,0.88,20241231044154
利物浦 vs 曼彻斯特联,2-2,0-0,36*,1.06,1.75,0.84,20241231022255
利物浦 vs 曼彻斯特联,2-2,0-0,36*,0.85,1.5,1.05,20241230171254
利物浦 vs 曼彻斯特联,2-2,0-0,36*,1.05,1.75,0.85,20241230164816
利物浦 vs 曼彻斯特联,2-2,0-0,36*,1.04,1.75,0.86,20241230101946
利物浦 vs 曼彻斯特联,2-2,0-0,36*,1.0,1.75,0.9,20241230100201
利物浦 vs 曼彻斯特联,2-2,0-0,36*,0.99,1.75,0.91,20241230062441
利物浦 vs 曼彻斯特联,2-2,0-0,36*,1.0,1.75,0.9,20241230043150
利物浦 vs 曼彻斯特联,2-2,0-0,36*,1.01,1.75,0.89,20241230041323
利物浦 vs 曼彻斯特联,2-2,0-0,36*,0.84,1.5,1.06,20241230021906
利物浦 vs 曼彻斯特联,2-2,0-0,36*,0.89,1.5,1.01,20241230003802
利物浦 vs 曼彻斯特联,2-2,0-0,36*,0.86,1.5,1.04,20241228143135
利物浦 vs 曼彻斯特联,2-2,0-0,36*,0.87,1.5,1.03,20241228010517
利物浦 vs 曼彻斯特联,2-2,0-0,36*,0.88,1.5,1.02,20241227232958
利物浦 vs 曼彻斯特联,2-2,0-0,36*,0.87,1.5,1.03,20241227224432
利物浦 vs 曼彻斯特联,2-2,0-0,36*,0.84,1.5,1.06,20241227220138
利物浦 vs 曼彻斯特联,2-2,0-0,36*,1.03,1.75,0.87,20241227210919
利物浦 vs 曼彻斯特联,2-2,0-0,36*,0.95,1.5,0.95,20241227203103
利物浦 vs 曼彻斯特联,2-2,0-0,36*,0.99,1.5,0.91,20241227155405
利物浦 vs 曼彻斯特联,2-2,0-0,36*,1.02,1.5,0.88,20241227101657
利物浦 vs 曼彻斯特联,2-2,0-0,36*,1.04,1.5,0.86,20241227055551
利物浦 vs 曼彻斯特联,2-2,0-0,36*,1.01,1.25,0.89,20241227001127
利物浦 vs 曼彻斯特联,2-2,0-0,易*,1.04,1.5,0.86,20250105224645
利物浦 vs 曼彻斯特联,2-2,0-0,易*,1.05,1.5,0.86,20250105223103
利物浦 vs 曼彻斯特联,2-2,0-0,易*,1.04,1.5,0.86,20250105220754
利物浦 vs 曼彻斯特联,2-2,0-0,易*,1.05,1.5,0.87,20250105220233
利物浦 vs 曼彻斯特联,2-2,0-0,易*,1.05,1.5,0.85,20250105220033
利物浦 vs 曼彻斯特联,2-2,0-0,易*,1.04,1.5,0.86,20250105215027
利物浦 vs 曼彻斯特联,2-2,0-0,易*,1.03,1.5,0.89,20250105213941
利物浦 vs 曼彻斯特联,2-2,0-0,易*,1.05,1.5,0.85,20250105213901
利物浦 vs 曼彻斯特联,2-2,0-0,易*,1.05,1.5,0.87,20250105212325
利物浦 vs 曼彻斯特联,2-2,0-0,易*,1.05,1.5,0.85,20250105211347
利物浦 vs 曼彻斯特联,2-2,0-0,易*,1.03,1.5,0.85,20250105210947
利物浦 vs 曼彻斯特联,2-2,0-0,易*,1.05,1.5,0.86,20250105210222
利物浦 vs 曼彻斯特联,2-2,0-0,易*,1.06,1.5,0.85,20250105210102
利物浦 vs 曼彻斯特联,2-2,0-0,易*,1.07,1.5,0.83,20250105205342
利物浦 vs 曼彻斯特联,2-2,0-0,易*,1.07,1.5,0.84,20250105205142
利物浦 vs 曼彻斯特联,2-2,0-0,易*,1.08,1.5,0.82,20250105204902
利物浦 vs 曼彻斯特联,2-2,0-0,易*,1.07,1.5,0.83,20250105204016
利物浦 vs 曼彻斯特联,2-2,0-0,易*,1.07,1.5,0.84,20250105202341
利物浦 vs 曼彻斯特联,2-2,0-0,易*,1.08,1.5,0.82,20250105201420
利物浦 vs 曼彻斯特联,2-2,0-0,易*,1.08,1.5,0.81,20250105200700
利物浦 vs 曼彻斯特联,2-2,0-0,易*,1.1,1.5,0.82,20250105200139
利物浦 vs 曼彻斯特联,2-2,0-0,易*,1.08,1.5,0.81,20250105195939
利物浦 vs 曼彻斯特联,2-2,0-0,易*,1.11,1.5,0.81,20250105195539
利物浦 vs 曼彻斯特联,2-2,0-0,易*,1.08,1.5,0.81,20250105195023
利物浦 vs 曼彻斯特联,2-2,0-0,易*,1.06,1.5,0.84,20250105194944
利物浦 vs 曼彻斯特联,2-2,0-0,易*,1.08,1.5,0.82,20250105194823
利物浦 vs 曼彻斯特联,2-2,0-0,易*,1.08,1.5,0.81,20250105194103
利物浦 vs 曼彻斯特联,2-2,0-0,易*,1.07,1.5,0.83,20250105193743
利物浦 vs 曼彻斯特联,2-2,0-0,易*,1.08,1.5,0.83,20250105193342
利物浦 vs 曼彻斯特联,2-2,0-0,易*,1.07,1.5,0.82,20250105193102
利物浦 vs 曼彻斯特联,2-2,0-0,易*,1.08,1.5,0.81,20250105191529
利物浦 vs 曼彻斯特联,2-2,0-0,易*,1.08,1.5,0.83,20250105190850
利物浦 vs 曼彻斯特联,2-2,0-0,易*,1.08,1.5,0.82,20250105190809
利物浦 vs 曼彻斯特联,2-2,0-0,易*,1.06,1.5,0.83,20250105190609
利物浦 vs 曼彻斯特联,2-2,0-0,易*,1.07,1.5,0.84,20250105185808
利物浦 vs 曼彻斯特联,2-2,0-0,易*,1.06,1.5,0.85,20250105185729
利物浦 vs 曼彻斯特联,2-2,0-0,易*,0.86,1.25,1.03,20250105185116
利物浦 vs 曼彻斯特联,2-2,0-0,易*,0.88,1.25,1.03,20250105184956
利物浦 vs 曼彻斯特联,2-2,0-0,易*,0.86,1.25,1.03,20250105184636
利物浦 vs 曼彻斯特联,2-2,0-0,易*,0.87,1.25,1.04,20250105184436
利物浦 vs 曼彻斯特联,2-2,0-0,易*,0.89,1.25,1.01,20250105184035
利物浦 vs 曼彻斯特联,2-2,0-0,易*,0.87,1.25,1.04,20250105183755
利物浦 vs 曼彻斯特联,2-2,0-0,易*,0.86,1.25,1.03,20250105183155
利物浦 vs 曼彻斯特联,2-2,0-0,易*,1.04,1.5,0.74,20250105183035
利物浦 vs 曼彻斯特联,2-2,0-0,易*,1.07,1.5,0.81,20250105181422
利物浦 vs 曼彻斯特联,2-2,0-0,易*,1.13,1.5,0.78,20250105181222
利物浦 vs 曼彻斯特联,2-2,0-0,易*,1.07,1.5,0.82,20250105180501
利物浦 vs 曼彻斯特联,2-2,0-0,易*,1.11,1.5,0.8,20250105180421
利物浦 vs 曼彻斯特联,2-2,0-0,易*,1.12,1.5,0.79,20250105180341
利物浦 vs 曼彻斯特联,2-2,0-0,易*,1.11,1.5,0.8,20250105175621
利物浦 vs 曼彻斯特联,2-2,0-0,易*,1.08,1.5,0.83,20250105175112
利物浦 vs 曼彻斯特联,2-2,0-0,易*,0.81,1.25,1.08,20250105174832
利物浦 vs 曼彻斯特联,2-2,0-0,易*,0.82,1.25,1.07,20250105174752
利物浦 vs 曼彻斯特联,2-2,0-0,易*,0.85,1.25,1.05,20250105173431
利物浦 vs 曼彻斯特联,2-2,0-0,易*,0.82,1.25,1.07,20250105173230
利物浦 vs 曼彻斯特联,2-2,0-0,易*,0.84,1.25,1.06,20250105172830
利物浦 vs 曼彻斯特联,2-2,0-0,易*,0.82,1.25,1.07,20250105172710
利物浦 vs 曼彻斯特联,2-2,0-0,易*,0.83,1.25,1.08,20250105171422
利物浦 vs 曼彻斯特联,2-2,0-0,易*,0.82,1.25,1.1,20250105165735
利物浦 vs 曼彻斯特联,2-2,0-0,易*,0.83,1.25,1.08,20250105165313
利物浦 vs 曼彻斯特联,2-2,0-0,易*,0.85,1.25,1.06,20250105165033
利物浦 vs 曼彻斯特联,2-2,0-0,易*,0.85,1.25,1.05,20250105164832
利物浦 vs 曼彻斯特联,2-2,0-0,易*,0.83,1.25,1.11,20250105164032
利物浦 vs 曼彻斯特联,2-2,0-0,易*,0.83,1.25,1.08,20250105163044
利物浦 vs 曼彻斯特联,2-2,0-0,易*,0.82,1.25,1.07,20250105162924
利物浦 vs 曼彻斯特联,2-2,0-0,易*,0.83,1.25,1.08,20250105162643
利物浦 vs 曼彻斯特联,2-2,0-0,易*,0.82,1.25,1.07,20250105160806
利物浦 vs 曼彻斯特联,2-2,0-0,易*,0.83,1.25,1.08,20250105160407
利物浦 vs 曼彻斯特联,2-2,0-0,易*,0.84,1.25,1.07,20250105160001
利物浦 vs 曼彻斯特联,2-2,0-0,易*,1.1,1.5,0.82,20250105155356
利物浦 vs 曼彻斯特联,2-2,0-0,易*,1.02,1.5,0.77,20250105155111
利物浦 vs 曼彻斯特联,2-2,0-0,易*,1.1,1.5,0.82,20250105154711
利物浦 vs 曼彻斯特联,2-2,0-0,易*,1.08,1.5,0.82,20250105154631
利物浦 vs 曼彻斯特联,2-2,0-0,易*,1.07,1.5,0.82,20250105154511
利物浦 vs 曼彻斯特联,2-2,0-0,易*,1.08,1.5,0.83,20250105154229
利物浦 vs 曼彻斯特联,2-2,0-0,易*,1.07,1.5,0.84,20250105153104
利物浦 vs 曼彻斯特联,2-2,0-0,易*,1.08,1.5,0.82,20250105152944
利物浦 vs 曼彻斯特联,2-2,0-0,易*,1.07,1.5,0.84,20250105152424
利物浦 vs 曼彻斯特联,2-2,0-0,易*,1.06,1.5,0.83,20250105152138
利物浦 vs 曼彻斯特联,2-2,0-0,易*,1.06,1.5,0.84,20250105152018
利物浦 vs 曼彻斯特联,2-2,0-0,易*,1.06,1.5,0.83,20250105151658
利物浦 vs 曼彻斯特联,2-2,0-0,易*,1.07,1.5,0.84,20250105151130
利物浦 vs 曼彻斯特联,2-2,0-0,易*,1.06,1.5,0.83,20250105151050
利物浦 vs 曼彻斯特联,2-2,0-0,易*,1.06,1.5,0.84,20250105150449
利物浦 vs 曼彻斯特联,2-2,0-0,易*,1.04,1.5,0.86,20250105145523
利物浦 vs 曼彻斯特联,2-2,0-0,易*,1.06,1.5,0.84,20250105145443
利物浦 vs 曼彻斯特联,2-2,0-0,易*,1.07,1.5,0.83,20250105145043
利物浦 vs 曼彻斯特联,2-2,0-0,易*,1.06,1.5,0.85,20250105144803
利物浦 vs 曼彻斯特联,2-2,0-0,易*,1.05,1.5,0.85,20250105144351
利物浦 vs 曼彻斯特联,2-2,0-0,易*,1.04,1.5,0.86,20250105144111
利物浦 vs 曼彻斯特联,2-2,0-0,易*,1.06,1.5,0.84,20250105144031
利物浦 vs 曼彻斯特联,2-2,0-0,易*,1.04,1.5,0.86,20250105143911
利物浦 vs 曼彻斯特联,2-2,0-0,易*,1.05,1.5,0.85,20250105143150
利物浦 vs 曼彻斯特联,2-2,0-0,易*,1.04,1.5,0.87,20250105143030
利物浦 vs 曼彻斯特联,2-2,0-0,易*,1.04,1.5,0.86,20250105142830
利物浦 vs 曼彻斯特联,2-2,0-0,易*,0.99,1.5,0.91,20250105142510
利物浦 vs 曼彻斯特联,2-2,0-0,易*,1.01,1.5,0.89,20250105141537
利物浦 vs 曼彻斯特联,2-2,0-0,易*,1.03,1.5,0.87,20250105141338
利物浦 vs 曼彻斯特联,2-2,0-0,易*,1.03,1.5,0.88,20250105141303
利物浦 vs 曼彻斯特联,2-2,0-0,易*,1.01,1.5,0.89,20250105141017
利物浦 vs 曼彻斯特联,2-2,0-0,易*,1.02,1.5,0.88,20250105140217
利物浦 vs 曼彻斯特联,2-2,0-0,易*,1.01,1.5,0.9,20250105140057
利物浦 vs 曼彻斯特联,2-2,0-0,易*,0.96,1.5,0.92,20250105140016
利物浦 vs 曼彻斯特联,2-2,0-0,易*,0.94,1.5,0.96,20250105135856
利物浦 vs 曼彻斯特联,2-2,0-0,易*,0.98,1.5,0.93,20250105134329
利物浦 vs 曼彻斯特联,2-2,0-0,易*,0.94,1.5,0.96,20250105133848
利物浦 vs 曼彻斯特联,2-2,0-0,易*,0.94,1.5,0.94,20250105133808
利物浦 vs 曼彻斯特联,2-2,0-0,易*,0.95,1.5,0.95,20250105133323
利物浦 vs 曼彻斯特联,2-2,0-0,易*,0.93,1.5,0.97,20250105133243
利物浦 vs 曼彻斯特联,2-2,0-0,易*,0.96,1.5,0.94,20250105125505
利物浦 vs 曼彻斯特联,2-2,0-0,易*,0.97,1.5,0.93,20250105125158
利物浦 vs 曼彻斯特联,2-2,0-0,易*,0.95,1.5,0.96,20250105124757
利物浦 vs 曼彻斯特联,2-2,0-0,易*,0.95,1.5,0.95,20250105124157
利物浦 vs 曼彻斯特联,2-2,0-0,易*,0.94,1.5,0.94,20250105123914
利物浦 vs 曼彻斯特联,2-2,0-0,易*,0.95,1.5,0.95,20250105123354
利物浦 vs 曼彻斯特联,2-2,0-0,易*,0.94,1.5,0.96,20250105123154
利物浦 vs 曼彻斯特联,2-2,0-0,易*,0.96,1.5,0.94,20250105123114
利物浦 vs 曼彻斯特联,2-2,0-0,易*,0.95,1.5,0.95,20250105122554
利物浦 vs 曼彻斯特联,2-2,0-0,易*,0.94,1.5,0.97,20250105122354
利物浦 vs 曼彻斯特联,2-2,0-0,易*,0.94,1.5,0.94,20250105122309
利物浦 vs 曼彻斯特联,2-2,0-0,易*,0.92,1.5,0.99,20250105120323
利物浦 vs 曼彻斯特联,2-2,0-0,易*,0.93,1.5,0.95,20250105120204
利物浦 vs 曼彻斯特联,2-2,0-0,易*,0.92,1.5,0.94,20250105115506
利物浦 vs 曼彻斯特联,2-2,0-0,易*,0.93,1.5,0.95,20250105114903
利物浦 vs 曼彻斯特联,2-2,0-0,易*,0.93,1.5,0.97,20250105114504
利物浦 vs 曼彻斯特联,2-2,0-0,易*,0.92,1.5,0.96,20250105114258
利物浦 vs 曼彻斯特联,2-2,0-0,易*,0.87,1.5,0.99,20250105105840
利物浦 vs 曼彻斯特联,2-2,0-0,易*,0.88,1.5,1.0,20250105105441
利物浦 vs 曼彻斯特联,2-2,0-0,易*,0.91,1.5,0.97,20250105105026
利物浦 vs 曼彻斯特联,2-2,0-0,易*,0.9,1.5,0.96,20250105103821
利物浦 vs 曼彻斯特联,2-2,0-0,易*,0.91,1.5,0.99,20250105103721
利物浦 vs 曼彻斯特联,2-2,0-0,易*,0.9,1.5,0.96,20250105103421
利物浦 vs 曼彻斯特联,2-2,0-0,易*,0.9,1.5,0.98,20250105102813
利物浦 vs 曼彻斯特联,2-2,0-0,易*,0.89,1.5,0.99,20250105100335
利物浦 vs 曼彻斯特联,2-2,0-0,易*,0.9,1.5,1.01,20250105095241
利物浦 vs 曼彻斯特联,2-2,0-0,易*,0.89,1.5,1.02,20250105094841
利物浦 vs 曼彻斯特联,2-2,0-0,易*,0.9,1.5,0.98,20250105094236
利物浦 vs 曼彻斯特联,2-2,0-0,易*,0.89,1.5,0.99,20250105084844
利物浦 vs 曼彻斯特联,2-2,0-0,易*,0.88,1.5,0.98,20250105084445
利物浦 vs 曼彻斯特联,2-2,0-0,易*,0.88,1.5,1.0,20250105082437
利物浦 vs 曼彻斯特联,2-2,0-0,易*,0.89,1.5,0.99,20250105082332
利物浦 vs 曼彻斯特联,2-2,0-0,易*,0.86,1.5,1.02,20250105080445
利物浦 vs 曼彻斯特联,2-2,0-0,易*,0.85,1.5,1.01,20250105075253
利物浦 vs 曼彻斯特联,2-2,0-0,易*,0.86,1.5,1.02,20250105074553
利物浦 vs 曼彻斯特联,2-2,0-0,易*,0.89,1.5,1.01,20250105074053
利物浦 vs 曼彻斯特联,2-2,0-0,易*,0.86,1.5,1.02,20250105073853
利物浦 vs 曼彻斯特联,2-2,0-0,易*,0.85,1.5,1.01,20250105073453
利物浦 vs 曼彻斯特联,2-2,0-0,易*,0.83,1.5,1.05,20250105071041
利物浦 vs 曼彻斯特联,2-2,0-0,易*,0.91,1.5,0.99,20250105070236
利物浦 vs 曼彻斯特联,2-2,0-0,易*,0.82,1.5,1.04,20250105064454
利物浦 vs 曼彻斯特联,2-2,0-0,易*,0.83,1.5,1.05,20250105063153
利物浦 vs 曼彻斯特联,2-2,0-0,易*,0.85,1.5,1.03,20250105054435
利物浦 vs 曼彻斯特联,2-2,0-0,易*,0.84,1.5,1.02,20250105054330
利物浦 vs 曼彻斯特联,2-2,0-0,易*,0.9,1.5,1.0,20250105054030
利物浦 vs 曼彻斯特联,2-2,0-0,易*,0.85,1.5,1.03,20250105053730
利物浦 vs 曼彻斯特联,2-2,0-0,易*,0.84,1.5,1.02,20250105053530
利物浦 vs 曼彻斯特联,2-2,0-0,易*,0.88,1.5,1.0,20250105053430
利物浦 vs 曼彻斯特联,2-2,0-0,易*,0.84,1.5,1.02,20250105045028
利物浦 vs 曼彻斯特联,2-2,0-0,易*,0.85,1.5,1.03,20250105044428
利物浦 vs 曼彻斯特联,2-2,0-0,易*,0.83,1.5,1.03,20250105041616
利物浦 vs 曼彻斯特联,2-2,0-0,易*,0.84,1.5,1.04,20250105040805
利物浦 vs 曼彻斯特联,2-2,0-0,易*,0.89,1.5,0.99,20250105040404
利物浦 vs 曼彻斯特联,2-2,0-0,易*,0.83,1.5,1.03,20250105040300
利物浦 vs 曼彻斯特联,2-2,0-0,易*,0.84,1.5,1.04,20250105035331
利物浦 vs 曼彻斯特联,2-2,0-0,易*,0.85,1.5,1.03,20250105034531
利物浦 vs 曼彻斯特联,2-2,0-0,易*,1.07,1.75,0.79,20250105034431
利物浦 vs 曼彻斯特联,2-2,0-0,易*,1.08,1.75,0.8,20250105034026
利物浦 vs 曼彻斯特联,2-2,0-0,易*,1.04,1.75,0.74,20250105033926
利物浦 vs 曼彻斯特联,2-2,0-0,易*,1.07,1.75,0.81,20250105033726
利物浦 vs 曼彻斯特联,2-2,0-0,易*,1.08,1.75,0.8,20250105033426
利物浦 vs 曼彻斯特联,2-2,0-0,易*,1.07,1.75,0.79,20250105033309
利物浦 vs 曼彻斯特联,2-2,0-0,易*,1.07,1.75,0.81,20250105032908
利物浦 vs 曼彻斯特联,2-2,0-0,易*,1.03,1.75,0.83,20250105023913
利物浦 vs 曼彻斯特联,2-2,0-0,易*,1.04,1.75,0.84,20250105023813
利物浦 vs 曼彻斯特联,2-2,0-0,易*,1.03,1.75,0.85,20250105023713
利物浦 vs 曼彻斯特联,2-2,0-0,易*,1.03,1.75,0.83,20250105000259
利物浦 vs 曼彻斯特联,2-2,0-0,易*,1.04,1.75,0.84,20250104233552
利物浦 vs 曼彻斯特联,2-2,0-0,易*,1.03,1.75,0.83,20250104233152
利物浦 vs 曼彻斯特联,2-2,0-0,易*,1.02,1.75,0.86,20250104233052
利物浦 vs 曼彻斯特联,2-2,0-0,易*,1.04,1.75,0.84,20250104232250
利物浦 vs 曼彻斯特联,2-2,0-0,易*,1.03,1.75,0.83,20250104231946
利物浦 vs 曼彻斯特联,2-2,0-0,易*,1.01,1.75,0.87,20250104231547
利物浦 vs 曼彻斯特联,2-2,0-0,易*,1.04,1.75,0.84,20250104213158
利物浦 vs 曼彻斯特联,2-2,0-0,易*,1.03,1.75,0.83,20250104212959
利物浦 vs 曼彻斯特联,2-2,0-0,易*,1.04,1.75,0.84,20250104211851
利物浦 vs 曼彻斯特联,2-2,0-0,易*,1.01,1.75,0.87,20250104210450
利物浦 vs 曼彻斯特联,2-2,0-0,易*,1.04,1.75,0.84,20250104203638
利物浦 vs 曼彻斯特联,2-2,0-0,易*,1.03,1.75,0.83,20250104203032
利物浦 vs 曼彻斯特联,2-2,0-0,易*,1.02,1.75,0.86,20250104202732
利物浦 vs 曼彻斯特联,2-2,0-0,易*,1.03,1.75,0.85,20250104202426
利物浦 vs 曼彻斯特联,2-2,0-0,易*,1.04,1.75,0.84,20250104184317
利物浦 vs 曼彻斯特联,2-2,0-0,易*,1.03,1.75,0.83,20250104184117
利物浦 vs 曼彻斯特联,2-2,0-0,易*,1.01,1.75,0.87,20250104182512
利物浦 vs 曼彻斯特联,2-2,0-0,易*,1.04,1.75,0.84,20250104182007
利物浦 vs 曼彻斯特联,2-2,0-0,易*,1.03,1.75,0.83,20250104181806
利物浦 vs 曼彻斯特联,2-2,0-0,易*,1.02,1.75,0.86,20250104181506
利物浦 vs 曼彻斯特联,2-2,0-0,易*,1.04,1.75,0.84,20250104180515
利物浦 vs 曼彻斯特联,2-2,0-0,易*,1.03,1.75,0.83,20250104180310
利物浦 vs 曼彻斯特联,2-2,0-0,易*,1.04,1.75,0.87,20250104180210
利物浦 vs 曼彻斯特联,2-2,0-0,易*,1.04,1.75,0.84,20250104174148
利物浦 vs 曼彻斯特联,2-2,0-0,易*,1.03,1.75,0.83,20250104173949
利物浦 vs 曼彻斯特联,2-2,0-0,易*,1.01,1.75,0.87,20250104171748
利物浦 vs 曼彻斯特联,2-2,0-0,易*,1.04,1.75,0.84,20250104171648
利物浦 vs 曼彻斯特联,2-2,0-0,易*,1.06,1.75,0.82,20250104140216
利物浦 vs 曼彻斯特联,2-2,0-0,易*,1.05,1.75,0.81,20250104140015
利物浦 vs 曼彻斯特联,2-2,0-0,易*,1.02,1.75,0.86,20250104135716
利物浦 vs 曼彻斯特联,2-2,0-0,易*,1.06,1.75,0.82,20250104135516
利物浦 vs 曼彻斯特联,2-2,0-0,易*,1.05,1.75,0.81,20250104135340
利物浦 vs 曼彻斯特联,2-2,0-0,易*,1.06,1.75,0.82,20250104134939
利物浦 vs 曼彻斯特联,2-2,0-0,易*,1.03,1.75,0.85,20250104134839
利物浦 vs 曼彻斯特联,2-2,0-0,易*,1.06,1.75,0.82,20250104122714
利物浦 vs 曼彻斯特联,2-2,0-0,易*,1.05,1.75,0.81,20250104122214
利物浦 vs 曼彻斯特联,2-2,0-0,易*,1.06,1.75,0.82,20250104120708
利物浦 vs 曼彻斯特联,2-2,0-0,易*,1.03,1.75,0.85,20250104120509
利物浦 vs 曼彻斯特联,2-2,0-0,易*,1.06,1.75,0.82,20250104113503
利物浦 vs 曼彻斯特联,2-2,0-0,易*,1.05,1.75,0.81,20250104081143
利物浦 vs 曼彻斯特联,2-2,0-0,易*,1.06,1.75,0.82,20250104080743
利物浦 vs 曼彻斯特联,2-2,0-0,易*,1.06,1.75,0.81,20250104080341
利物浦 vs 曼彻斯特联,2-2,0-0,易*,1.05,1.75,0.81,20250104064930
利物浦 vs 曼彻斯特联,2-2,0-0,易*,1.06,1.75,0.82,20250104063630
利物浦 vs 曼彻斯特联,2-2,0-0,易*,1.05,1.75,0.81,20250104063530
利物浦 vs 曼彻斯特联,2-2,0-0,易*,1.03,1.75,0.85,20250104063131
利物浦 vs 曼彻斯特联,2-2,0-0,易*,1.05,1.75,0.81,20250104062218
利物浦 vs 曼彻斯特联,2-2,0-0,易*,1.06,1.75,0.82,20250104062017
利物浦 vs 曼彻斯特联,2-2,0-0,易*,1.04,1.75,0.84,20250104061917
利物浦 vs 曼彻斯特联,2-2,0-0,易*,1.05,1.75,0.81,20250104061818
利物浦 vs 曼彻斯特联,2-2,0-0,易*,1.06,1.75,0.82,20250104061520
利物浦 vs 曼彻斯特联,2-2,0-0,易*,1.05,1.75,0.81,20250104061418
利物浦 vs 曼彻斯特联,2-2,0-0,易*,1.06,1.75,0.79,20250104060819
利物浦 vs 曼彻斯特联,2-2,0-0,易*,1.05,1.75,0.81,20250104031809
利物浦 vs 曼彻斯特联,2-2,0-0,易*,1.06,1.75,0.82,20250104031708
利物浦 vs 曼彻斯特联,2-2,0-0,易*,1.05,1.75,0.81,20250104031508
利物浦 vs 曼彻斯特联,2-2,0-0,易*,0.99,1.75,0.79,20250104031334
利物浦 vs 曼彻斯特联,2-2,0-0,易*,1.05,1.75,0.81,20250104010320
利物浦 vs 曼彻斯特联,2-2,0-0,易*,1.06,1.75,0.82,20250104005414
利物浦 vs 曼彻斯特联,2-2,0-0,易*,1.05,1.75,0.81,20250104005008
利物浦 vs 曼彻斯特联,2-2,0-0,易*,1.04,1.75,0.84,20250104003608
利物浦 vs 曼彻斯特联,2-2,0-0,易*,1.05,1.75,0.81,20250104000653
利物浦 vs 曼彻斯特联,2-2,0-0,易*,1.06,1.75,0.82,20250103224121
利物浦 vs 曼彻斯特联,2-2,0-0,易*,1.05,1.75,0.81,20250103224021
利物浦 vs 曼彻斯特联,2-2,0-0,易*,1.02,1.75,0.77,20250103223920
利物浦 vs 曼彻斯特联,2-2,0-0,易*,1.06,1.75,0.82,20250103222740
利物浦 vs 曼彻斯特联,2-2,0-0,易*,1.05,1.75,0.81,20250103222439
利物浦 vs 曼彻斯特联,2-2,0-0,易*,1.02,1.75,0.86,20250103222239
利物浦 vs 曼彻斯特联,2-2,0-0,易*,1.01,1.75,0.85,20250103222139
利物浦 vs 曼彻斯特联,2-2,0-0,易*,1.03,1.75,0.85,20250103221938
利物浦 vs 曼彻斯特联,2-2,0-0,易*,1.02,1.75,0.86,20250103214742
利物浦 vs 曼彻斯特联,2-2,0-0,易*,1.01,1.75,0.85,20250103214541
利物浦 vs 曼彻斯特联,2-2,0-0,易*,1.01,1.75,0.87,20250103214141
利物浦 vs 曼彻斯特联,2-2,0-0,易*,1.02,1.75,0.86,20250103213741
利物浦 vs 曼彻斯特联,2-2,0-0,易*,1.01,1.75,0.85,20250103213641
利物浦 vs 曼彻斯特联,2-2,0-0,易*,1.05,1.75,0.83,20250103213541
利物浦 vs 曼彻斯特联,2-2,0-0,易*,1.01,1.75,0.85,20250103210058
利物浦 vs 曼彻斯特联,2-2,0-0,易*,1.02,1.75,0.86,20250103205157
利物浦 vs 曼彻斯特联,2-2,0-0,易*,1.01,1.75,0.85,20250103204856
利物浦 vs 曼彻斯特联,2-2,0-0,易*,1.05,1.75,0.83,20250103204756
利物浦 vs 曼彻斯特联,2-2,0-0,易*,1.01,1.75,0.85,20250103203644
利物浦 vs 曼彻斯特联,2-2,0-0,易*,1.02,1.75,0.86,20250103202844
利物浦 vs 曼彻斯特联,2-2,0-0,易*,0.96,1.75,0.9,20250103183015
利物浦 vs 曼彻斯特联,2-2,0-0,易*,0.97,1.75,0.91,20250103182815
利物浦 vs 曼彻斯特联,2-2,0-0,易*,1.03,1.75,0.85,20250103181713
利物浦 vs 曼彻斯特联,2-2,0-0,易*,1.02,1.75,0.86,20250103180902
利物浦 vs 曼彻斯特联,2-2,0-0,易*,0.95,1.75,0.93,20250103180801
利物浦 vs 曼彻斯特联,2-2,0-0,易*,0.96,1.75,0.9,20250103172318
利物浦 vs 曼彻斯特联,2-2,0-0,易*,0.97,1.75,0.91,20250103171016
利物浦 vs 曼彻斯特联,2-2,0-0,易*,1.02,1.75,0.86,20250103170816
利物浦 vs 曼彻斯特联,2-2,0-0,易*,0.96,1.75,0.9,20250103132830
利物浦 vs 曼彻斯特联,2-2,0-0,易*,0.97,1.75,0.91,20250103132530
利物浦 vs 曼彻斯特联,2-2,0-0,易*,0.99,1.75,0.89,20250103131729
利物浦 vs 曼彻斯特联,2-2,0-0,易*,0.96,1.75,0.9,20250103120723
利物浦 vs 曼彻斯特联,2-2,0-0,易*,0.97,1.75,0.91,20250103120624
利物浦 vs 曼彻斯特联,2-2,0-0,易*,0.96,1.75,0.9,20250103120524
利物浦 vs 曼彻斯特联,2-2,0-0,易*,1.0,1.75,0.88,20250103120424
利物浦 vs 曼彻斯特联,2-2,0-0,易*,0.96,1.75,0.9,20250103115422
利物浦 vs 曼彻斯特联,2-2,0-0,易*,0.97,1.75,0.91,20250103114922
利物浦 vs 曼彻斯特联,2-2,0-0,易*,0.96,1.75,0.9,20250103114727
利物浦 vs 曼彻斯特联,2-2,0-0,易*,0.97,1.75,0.91,20250103113826
利物浦 vs 曼彻斯特联,2-2,0-0,易*,0.99,1.75,0.87,20250103104304
利物浦 vs 曼彻斯特联,2-2,0-0,易*,1.0,1.75,0.88,20250103103436
利物浦 vs 曼彻斯特联,2-2,0-0,易*,0.99,1.75,0.87,20250103101726
利物浦 vs 曼彻斯特联,2-2,0-0,易*,1.0,1.75,0.88,20250103101622
利物浦 vs 曼彻斯特联,2-2,0-0,易*,0.98,1.75,0.9,20250103101425
利物浦 vs 曼彻斯特联,2-2,0-0,易*,0.99,1.75,0.87,20250103090654
利物浦 vs 曼彻斯特联,2-2,0-0,易*,1.0,1.75,0.88,20250103085251
利物浦 vs 曼彻斯特联,2-2,0-0,易*,0.96,1.75,0.9,20250103064140
利物浦 vs 曼彻斯特联,2-2,0-0,易*,0.97,1.75,0.91,20250103063340
利物浦 vs 曼彻斯特联,2-2,0-0,易*,0.97,1.75,0.88,20250103061132
利物浦 vs 曼彻斯特联,2-2,0-0,易*,0.96,1.75,0.9,20250103060329
利物浦 vs 曼彻斯特联,2-2,0-0,易*,0.97,1.75,0.91,20250103060129
利物浦 vs 曼彻斯特联,2-2,0-0,易*,0.96,1.75,0.91,20250103060037
利物浦 vs 曼彻斯特联,2-2,0-0,易*,0.96,1.75,0.9,20250103000449
利物浦 vs 曼彻斯特联,2-2,0-0,易*,0.97,1.75,0.91,20250102231020
利物浦 vs 曼彻斯特联,2-2,0-0,易*,0.96,1.75,0.9,20250102230919
利物浦 vs 曼彻斯特联,2-2,0-0,易*,0.96,1.75,0.92,20250102215055
利物浦 vs 曼彻斯特联,2-2,0-0,易*,0.95,1.75,0.91,20250102214655
利物浦 vs 曼彻斯特联,2-2,0-0,易*,1.0,1.75,0.88,20250102214255
利物浦 vs 曼彻斯特联,2-2,0-0,易*,0.96,1.75,0.92,20250102214055
利物浦 vs 曼彻斯特联,2-2,0-0,易*,0.91,1.75,0.97,20250102205440
利物浦 vs 曼彻斯特联,2-2,0-0,易*,0.9,1.75,0.96,20250102205024
利物浦 vs 曼彻斯特联,2-2,0-0,易*,0.99,1.75,0.89,20250102204123
利物浦 vs 曼彻斯特联,2-2,0-0,易*,1.0,1.75,0.88,20250102202923
利物浦 vs 曼彻斯特联,2-2,0-0,易*,0.9,1.75,0.96,20250102195910
利物浦 vs 曼彻斯特联,2-2,0-0,易*,0.91,1.75,0.97,20250102195710
利物浦 vs 曼彻斯特联,2-2,0-0,易*,0.99,1.75,0.89,20250102195228
利物浦 vs 曼彻斯特联,2-2,0-0,易*,0.98,1.75,0.9,20250102195027
利物浦 vs 曼彻斯特联,2-2,0-0,易*,0.94,1.75,0.94,20250102194927
利物浦 vs 曼彻斯特联,2-2,0-0,易*,0.91,1.75,0.97,20250102172031
利物浦 vs 曼彻斯特联,2-2,0-0,易*,0.9,1.75,0.96,20250102171531
利物浦 vs 曼彻斯特联,2-2,0-0,易*,0.92,1.75,0.96,20250102164234
利物浦 vs 曼彻斯特联,2-2,0-0,易*,0.91,1.75,0.97,20250102163934
利物浦 vs 曼彻斯特联,2-2,0-0,易*,0.91,1.75,0.95,20250102144816
利物浦 vs 曼彻斯特联,2-2,0-0,易*,0.92,1.75,0.96,20250102144713
利物浦 vs 曼彻斯特联,2-2,0-0,易*,0.91,1.75,0.95,20250102132341
利物浦 vs 曼彻斯特联,2-2,0-0,易*,0.92,1.75,0.96,20250102132140
利物浦 vs 曼彻斯特联,2-2,0-0,易*,0.91,1.75,0.95,20250102131641
利物浦 vs 曼彻斯特联,2-2,0-0,易*,0.92,1.75,0.96,20250102130649
利物浦 vs 曼彻斯特联,2-2,0-0,易*,0.91,1.75,0.95,20250102120859
利物浦 vs 曼彻斯特联,2-2,0-0,易*,0.92,1.75,0.96,20250102120501
利物浦 vs 曼彻斯特联,2-2,0-0,易*,0.87,1.75,0.97,20250102120300
利物浦 vs 曼彻斯特联,2-2,0-0,易*,0.86,1.75,1.0,20250102084604
利物浦 vs 曼彻斯特联,2-2,0-0,易*,0.87,1.75,1.01,20250102061844
利物浦 vs 曼彻斯特联,2-2,0-0,易*,0.86,1.75,1.0,20250102061750
利物浦 vs 曼彻斯特联,2-2,0-0,易*,0.91,1.75,0.97,20250102060640
利物浦 vs 曼彻斯特联,2-2,0-0,易*,0.87,1.75,1.01,20250102042148
利物浦 vs 曼彻斯特联,2-2,0-0,易*,0.86,1.75,1.0,20250102042052
利物浦 vs 曼彻斯特联,2-2,0-0,易*,0.93,1.75,0.95,20250102041753
利物浦 vs 曼彻斯特联,2-2,0-0,易*,0.87,1.75,1.01,20250102010821
利物浦 vs 曼彻斯特联,2-2,0-0,易*,0.86,1.75,1.0,20250102010721
利物浦 vs 曼彻斯特联,2-2,0-0,易*,0.83,1.75,1.03,20250102004410
利物浦 vs 曼彻斯特联,2-2,0-0,易*,0.84,1.75,1.04,20250102004308
利物浦 vs 曼彻斯特联,2-2,0-0,易*,0.91,1.75,0.97,20250102003907
利物浦 vs 曼彻斯特联,2-2,0-0,易*,0.92,1.75,0.96,20250102003810
利物浦 vs 曼彻斯特联,2-2,0-0,易*,0.84,1.75,1.04,20250102003708
利物浦 vs 曼彻斯特联,2-2,0-0,易*,0.8,1.75,1.06,20250102000245
利物浦 vs 曼彻斯特联,2-2,0-0,易*,0.81,1.75,1.07,20250101213926
利物浦 vs 曼彻斯特联,2-2,0-0,易*,0.8,1.75,1.06,20250101213826
利物浦 vs 曼彻斯特联,2-2,0-0,易*,0.85,1.75,1.03,20250101213526
利物浦 vs 曼彻斯特联,2-2,0-0,易*,0.81,1.75,1.07,20250101212315
利物浦 vs 曼彻斯特联,2-2,0-0,易*,0.8,1.75,1.06,20250101212216
利物浦 vs 曼彻斯特联,2-2,0-0,易*,0.84,1.75,1.04,20250101211615
利物浦 vs 曼彻斯特联,2-2,0-0,易*,0.81,1.75,1.07,20250101211516
利物浦 vs 曼彻斯特联,2-2,0-0,易*,0.8,1.75,1.06,20250101211242
利物浦 vs 曼彻斯特联,2-2,0-0,易*,0.82,1.75,1.06,20250101210942
利物浦 vs 曼彻斯特联,2-2,0-0,易*,0.86,1.75,1.02,20250101210842
利物浦 vs 曼彻斯特联,2-2,0-0,易*,0.81,1.75,1.07,20250101185218
利物浦 vs 曼彻斯特联,2-2,0-0,易*,0.8,1.75,1.06,20250101184818
利物浦 vs 曼彻斯特联,2-2,0-0,易*,0.77,1.75,1.02,20250101184618
利物浦 vs 曼彻斯特联,2-2,0-0,易*,0.81,1.75,1.07,20250101184518
利物浦 vs 曼彻斯特联,2-2,0-0,易*,0.8,1.75,1.06,20250101184206
利物浦 vs 曼彻斯特联,2-2,0-0,易*,0.85,1.75,1.03,20250101164807
利物浦 vs 曼彻斯特联,2-2,0-0,易*,0.84,1.75,1.02,20250101164707
利物浦 vs 曼彻斯特联,2-2,0-0,易*,0.79,1.75,1.07,20250101161107
利物浦 vs 曼彻斯特联,2-2,0-0,易*,0.8,1.75,1.08,20250101160707
利物浦 vs 曼彻斯特联,2-2,0-0,易*,0.8,1.75,1.06,20250101140438
利物浦 vs 曼彻斯特联,2-2,0-0,易*,0.81,1.75,1.07,20250101140337
利物浦 vs 曼彻斯特联,2-2,0-0,易*,0.85,1.75,1.03,20250101140237
利物浦 vs 曼彻斯特联,2-2,0-0,易*,0.83,1.75,1.05,20250101140037
利物浦 vs 曼彻斯特联,2-2,0-0,易*,0.84,1.75,1.02,20250101135937
利物浦 vs 曼彻斯特联,2-2,0-0,易*,0.82,1.75,1.06,20250101135837
利物浦 vs 曼彻斯特联,2-2,0-0,易*,0.84,1.75,1.02,20250101131321
利物浦 vs 曼彻斯特联,2-2,0-0,易*,0.85,1.75,1.03,20250101122233
利物浦 vs 曼彻斯特联,2-2,0-0,易*,0.84,1.75,1.02,20250101122133
利物浦 vs 曼彻斯特联,2-2,0-0,易*,0.86,1.75,1.02,20250101121733
利物浦 vs 曼彻斯特联,2-2,0-0,易*,0.87,1.75,1.01,20250101121533
利物浦 vs 曼彻斯特联,2-2,0-0,易*,0.83,1.75,1.05,20250101121433
利物浦 vs 曼彻斯特联,2-2,0-0,易*,0.89,1.75,0.99,20250101121223
利物浦 vs 曼彻斯特联,2-2,0-0,易*,0.84,1.75,1.04,20250101121021
利物浦 vs 曼彻斯特联,2-2,0-0,易*,0.88,1.75,0.98,20250101120822
利物浦 vs 曼彻斯特联,2-2,0-0,易*,0.89,1.75,1.02,20250101120223
利物浦 vs 曼彻斯特联,2-2,0-0,易*,0.89,1.75,0.99,20250101115320
利物浦 vs 曼彻斯特联,2-2,0-0,易*,0.88,1.75,0.98,20250101115220
利物浦 vs 曼彻斯特联,2-2,0-0,易*,0.86,1.75,1.02,20250101115120
利物浦 vs 曼彻斯特联,2-2,0-0,易*,0.87,1.75,1.01,20250101115020
利物浦 vs 曼彻斯特联,2-2,0-0,易*,0.88,1.75,0.98,20250101111510
利物浦 vs 曼彻斯特联,2-2,0-0,易*,0.89,1.75,0.99,20250101082403
利物浦 vs 曼彻斯特联,2-2,0-0,易*,0.88,1.75,0.98,20250101082302
利物浦 vs 曼彻斯特联,2-2,0-0,易*,0.87,1.75,1.01,20250101082203
利物浦 vs 曼彻斯特联,2-2,0-0,易*,0.85,1.75,1.03,20250101081802
利物浦 vs 曼彻斯特联,2-2,0-0,易*,0.9,1.75,0.98,20250101081702
利物浦 vs 曼彻斯特联,2-2,0-0,易*,0.87,1.75,1.01,20250101081602
利物浦 vs 曼彻斯特联,2-2,0-0,易*,0.89,1.75,0.99,20250101081502
利物浦 vs 曼彻斯特联,2-2,0-0,易*,0.93,1.75,0.95,20250101071835
利物浦 vs 曼彻斯特联,2-2,0-0,易*,0.92,1.75,0.94,20250101071734
利物浦 vs 曼彻斯特联,2-2,0-0,易*,0.94,1.75,0.94,20250101014644
利物浦 vs 曼彻斯特联,2-2,0-0,易*,0.93,1.75,0.93,20250101014543
利物浦 vs 曼彻斯特联,2-2,0-0,易*,0.97,1.75,0.91,20250101014143
利物浦 vs 曼彻斯特联,2-2,0-0,易*,0.94,1.75,0.94,20250101013343
利物浦 vs 曼彻斯特联,2-2,0-0,易*,0.93,1.75,0.93,20250101013244
利物浦 vs 曼彻斯特联,2-2,0-0,易*,0.98,1.75,0.9,20250101012743
利物浦 vs 曼彻斯特联,2-2,0-0,易*,0.94,1.75,0.94,20250101010930
利物浦 vs 曼彻斯特联,2-2,0-0,易*,0.93,1.75,0.93,20250101010829
利物浦 vs 曼彻斯特联,2-2,0-0,易*,0.96,1.75,0.92,20250101010629
利物浦 vs 曼彻斯特联,2-2,0-0,易*,0.9,1.75,0.98,20250101010529
利物浦 vs 曼彻斯特联,2-2,0-0,易*,0.98,1.75,0.9,20250101010329
利物浦 vs 曼彻斯特联,2-2,0-0,易*,0.96,1.75,0.9,20250101001521
利物浦 vs 曼彻斯特联,2-2,0-0,易*,0.97,1.75,0.91,20241231235819
利物浦 vs 曼彻斯特联,2-2,0-0,易*,0.99,1.75,0.89,20241231235619
利物浦 vs 曼彻斯特联,2-2,0-0,易*,0.96,1.75,0.9,20241231221532
利物浦 vs 曼彻斯特联,2-2,0-0,易*,0.97,1.75,0.91,20241231220932
利物浦 vs 曼彻斯特联,2-2,0-0,易*,1.0,1.75,0.88,20241231215931
利物浦 vs 曼彻斯特联,2-2,0-0,易*,0.96,1.75,0.9,20241231204821
利物浦 vs 曼彻斯特联,2-2,0-0,易*,0.97,1.75,0.91,20241231204115
利物浦 vs 曼彻斯特联,2-2,0-0,易*,0.95,1.75,0.93,20241231203915
利物浦 vs 曼彻斯特联,2-2,0-0,易*,0.96,1.75,0.9,20241231195151
利物浦 vs 曼彻斯特联,2-2,0-0,易*,0.97,1.75,0.91,20241231194951
利物浦 vs 曼彻斯特联,2-2,0-0,易*,0.96,1.75,0.92,20241231194551
利物浦 vs 曼彻斯特联,2-2,0-0,易*,0.96,1.75,0.9,20241231174309
利物浦 vs 曼彻斯特联,2-2,0-0,易*,0.97,1.75,0.91,20241231174009
利物浦 vs 曼彻斯特联,2-2,0-0,易*,0.96,1.75,0.9,20241231173909
利物浦 vs 曼彻斯特联,2-2,0-0,易*,0.98,1.75,0.9,20241231173510
利物浦 vs 曼彻斯特联,2-2,0-0,易*,0.96,1.75,0.9,20241231162700
利物浦 vs 曼彻斯特联,2-2,0-0,易*,0.97,1.75,0.91,20241231134935
利物浦 vs 曼彻斯特联,2-2,0-0,易*,0.96,1.75,0.9,20241231134835
利物浦 vs 曼彻斯特联,2-2,0-0,易*,0.97,1.75,0.91,20241231133634
利物浦 vs 曼彻斯特联,2-2,0-0,易*,0.99,1.75,0.89,20241231133533
利物浦 vs 曼彻斯特联,2-2,0-0,易*,0.97,1.75,0.91,20241231120503
利物浦 vs 曼彻斯特联,2-2,0-0,易*,0.96,1.75,0.9,20241231120357
利物浦 vs 曼彻斯特联,2-2,0-0,易*,0.98,1.75,0.9,20241231120257
利物浦 vs 曼彻斯特联,2-2,0-0,易*,0.97,1.75,0.91,20241231114047
利物浦 vs 曼彻斯特联,2-2,0-0,易*,0.96,1.75,0.9,20241231113749
利物浦 vs 曼彻斯特联,2-2,0-0,易*,0.97,1.75,0.91,20241231112336
利物浦 vs 曼彻斯特联,2-2,0-0,易*,0.96,1.75,0.9,20241231100359
利物浦 vs 曼彻斯特联,2-2,0-0,易*,0.97,1.75,0.91,20241231093103
利物浦 vs 曼彻斯特联,2-2,0-0,易*,0.96,1.75,0.9,20241231093003
利物浦 vs 曼彻斯特联,2-2,0-0,易*,0.98,1.75,0.9,20241231092704
利物浦 vs 曼彻斯特联,2-2,0-0,易*,0.97,1.75,0.91,20241231092329
利物浦 vs 曼彻斯特联,2-2,0-0,易*,0.96,1.75,0.9,20241231091928
利物浦 vs 曼彻斯特联,2-2,0-0,易*,0.98,1.75,0.9,20241231091828
利物浦 vs 曼彻斯特联,2-2,0-0,易*,0.96,1.75,0.9,20241231090422
利物浦 vs 曼彻斯特联,2-2,0-0,易*,0.97,1.75,0.91,20241231090221
利物浦 vs 曼彻斯特联,2-2,0-0,易*,0.96,1.75,0.9,20241231082342
利物浦 vs 曼彻斯特联,2-2,0-0,易*,0.97,1.75,0.91,20241231082141
利物浦 vs 曼彻斯特联,2-2,0-0,易*,0.96,1.75,0.92,20241231081541
利物浦 vs 曼彻斯特联,2-2,0-0,易*,0.96,1.75,0.9,20241231071220
利物浦 vs 曼彻斯特联,2-2,0-0,易*,0.97,1.75,0.91,20241231071121
利物浦 vs 曼彻斯特联,2-2,0-0,伟*,1.01,1.5,0.86,20250106000228
利物浦 vs 曼彻斯特联,2-2,0-0,伟*,1.0,1.5,0.86,20250106000004
利物浦 vs 曼彻斯特联,2-2,0-0,伟*,1.01,1.5,0.86,20250105235852
利物浦 vs 曼彻斯特联,2-2,0-0,伟*,1.0,1.5,0.86,20250105235736
利物浦 vs 曼彻斯特联,2-2,0-0,伟*,1.01,1.5,0.86,20250105234804
利物浦 vs 曼彻斯特联,2-2,0-0,伟*,1.02,1.5,0.85,20250105233835
利物浦 vs 曼彻斯特联,2-2,0-0,伟*,1.01,1.5,0.86,20250105233709
利物浦 vs 曼彻斯特联,2-2,0-0,伟*,1.0,1.5,0.87,20250105233425
利物浦 vs 曼彻斯特联,2-2,0-0,伟*,1.0,1.5,0.86,20250105233148
利物浦 vs 曼彻斯特联,2-2,0-0,伟*,1.01,1.5,0.86,20250105232901
利物浦 vs 曼彻斯特联,2-2,0-0,伟*,1.0,1.5,0.87,20250105232324
利物浦 vs 曼彻斯特联,2-2,0-0,伟*,0.99,1.5,0.88,20250105232158
利物浦 vs 曼彻斯特联,2-2,0-0,伟*,1.0,1.5,0.87,20250105232044
利物浦 vs 曼彻斯特联,2-2,0-0,伟*,1.0,1.5,0.86,20250105231941
利物浦 vs 曼彻斯特联,2-2,0-0,伟*,1.03,1.5,0.84,20250105225852
利物浦 vs 曼彻斯特联,2-2,0-0,伟*,1.02,1.5,0.85,20250105225122
利物浦 vs 曼彻斯特联,2-2,0-0,伟*,1.03,1.5,0.84,20250105214005
利物浦 vs 曼彻斯特联,2-2,0-0,伟*,1.02,1.5,0.85,20250105213858
利物浦 vs 曼彻斯特联,2-2,0-0,伟*,1.03,1.5,0.84,20250105213431
利物浦 vs 曼彻斯特联,2-2,0-0,伟*,1.02,1.5,0.85,20250105213228
利物浦 vs 曼彻斯特联,2-2,0-0,伟*,1.03,1.5,0.84,20250105212402
利物浦 vs 曼彻斯特联,2-2,0-0,伟*,1.02,1.5,0.85,20250105210705
利物浦 vs 曼彻斯特联,2-2,0-0,伟*,1.03,1.5,0.85,20250105210108
利物浦 vs 曼彻斯特联,2-2,0-0,伟*,1.03,1.5,0.84,20250105205856
利物浦 vs 曼彻斯特联,2-2,0-0,伟*,1.03,1.5,0.85,20250105205440
利物浦 vs 曼彻斯特联,2-2,0-0,伟*,1.03,1.5,0.84,20250105204900
利物浦 vs 曼彻斯特联,2-2,0-0,伟*,1.03,1.5,0.85,20250105204655
利物浦 vs 曼彻斯特联,2-2,0-0,伟*,1.03,1.5,0.84,20250105204432
利物浦 vs 曼彻斯特联,2-2,0-0,伟*,1.02,1.5,0.85,20250105204127
利物浦 vs 曼彻斯特联,2-2,0-0,伟*,1.03,1.5,0.84,20250105202437
利物浦 vs 曼彻斯特联,2-2,0-0,伟*,1.04,1.5,0.84,20250105202220
利物浦 vs 曼彻斯特联,2-2,0-0,伟*,1.05,1.5,0.83,20250105202004
利物浦 vs 曼彻斯特联,2-2,0-0,伟*,1.06,1.5,0.82,20250105200627
利物浦 vs 曼彻斯特联,2-2,0-0,伟*,0.82,1.25,1.06,20250105200519
利物浦 vs 曼彻斯特联,2-2,0-0,伟*,1.06,1.5,0.82,20250105195131
利物浦 vs 曼彻斯特联,2-2,0-0,伟*,0.82,1.25,1.06,20250105193939
利物浦 vs 曼彻斯特联,2-2,0-0,伟*,0.82,1.25,1.05,20250105193723
利物浦 vs 曼彻斯特联,2-2,0-0,伟*,0.83,1.25,1.05,20250105193614
利物浦 vs 曼彻斯特联,2-2,0-0,伟*,0.82,1.25,1.06,20250105193507
利物浦 vs 曼彻斯特联,2-2,0-0,伟*,1.05,1.5,0.83,20250105193405
利物浦 vs 曼彻斯特联,2-2,0-0,伟*,1.05,1.5,0.82,20250105193250
利物浦 vs 曼彻斯特联,2-2,0-0,伟*,1.05,1.5,0.83,20250105190935
利物浦 vs 曼彻斯特联,2-2,0-0,伟*,1.05,1.5,0.82,20250105190818
利物浦 vs 曼彻斯特联,2-2,0-0,伟*,1.05,1.5,0.83,20250105185439
利物浦 vs 曼彻斯特联,2-2,0-0,伟*,0.82,1.25,1.06,20250105185112
利物浦 vs 曼彻斯特联,2-2,0-0,伟*,0.84,1.25,1.03,20250105184944
利物浦 vs 曼彻斯特联,2-2,0-0,伟*,0.85,1.25,1.02,20250105183811
利物浦 vs 曼彻斯特联,2-2,0-0,伟*,0.85,1.25,1.03,20250105183554
利物浦 vs 曼彻斯特联,2-2,0-0,伟*,0.85,1.25,1.02,20250105182441
利物浦 vs 曼彻斯特联,2-2,0-0,伟*,0.86,1.25,1.01,20250105175147
利物浦 vs 曼彻斯特联,2-2,0-0,伟*,0.85,1.25,1.02,20250105175033
利物浦 vs 曼彻斯特联,2-2,0-0,伟*,0.86,1.25,1.01,20250105174516
利物浦 vs 曼彻斯特联,2-2,0-0,伟*,0.85,1.25,1.02,20250105173003
利物浦 vs 曼彻斯特联,2-2,0-0,伟*,0.84,1.25,1.03,20250105172855
利物浦 vs 曼彻斯特联,2-2,0-0,伟*,0.84,1.25,1.04,20250105172652
利物浦 vs 曼彻斯特联,2-2,0-0,伟*,0.83,1.25,1.05,20250105172438
利物浦 vs 曼彻斯特联,2-2,0-0,伟*,0.82,1.25,1.06,20250105164634
利物浦 vs 曼彻斯特联,2-2,0-0,伟*,0.83,1.25,1.05,20250105155200
利物浦 vs 曼彻斯特联,2-2,0-0,伟*,0.82,1.25,1.06,20250105153545
利物浦 vs 曼彻斯特联,2-2,0-0,伟*,0.83,1.25,1.05,20250105153432
利物浦 vs 曼彻斯特联,2-2,0-0,伟*,0.82,1.25,1.06,20250105151606
利物浦 vs 曼彻斯特联,2-2,0-0,伟*,1.06,1.5,0.82,20250105145951
利物浦 vs 曼彻斯特联,2-2,0-0,伟*,1.05,1.5,0.83,20250105145449
利物浦 vs 曼彻斯特联,2-2,0-0,伟*,1.03,1.5,0.84,20250105143842
利物浦 vs 曼彻斯特联,2-2,0-0,伟*,1.02,1.5,0.85,20250105142100
利物浦 vs 曼彻斯特联,2-2,0-0,伟*,1.01,1.5,0.86,20250105141849
利物浦 vs 曼彻斯特联,2-2,0-0,伟*,1.0,1.5,0.87,20250105141202
利物浦 vs 曼彻斯特联,2-2,0-0,伟*,1.01,1.5,0.86,20250105140006
利物浦 vs 曼彻斯特联,2-2,0-0,伟*,0.98,1.5,0.89,20250105135625
利物浦 vs 曼彻斯特联,2-2,0-0,伟*,0.96,1.5,0.91,20250105135437
利物浦 vs 曼彻斯特联,2-2,0-0,伟*,0.95,1.5,0.91,20250105135106
利物浦 vs 曼彻斯特联,2-2,0-0,伟*,0.96,1.5,0.91,20250105134942
利物浦 vs 曼彻斯特联,2-2,0-0,伟*,0.95,1.5,0.91,20250105134826
利物浦 vs 曼彻斯特联,2-2,0-0,伟*,0.96,1.5,0.91,20250105134142
利物浦 vs 曼彻斯特联,2-2,0-0,伟*,0.95,1.5,0.92,20250105133937
利物浦 vs 曼彻斯特联,2-2,0-0,伟*,0.94,1.5,0.92,20250105132757
利物浦 vs 曼彻斯特联,2-2,0-0,伟*,0.93,1.5,0.93,20250105125001
利物浦 vs 曼彻斯特联,2-2,0-0,伟*,0.94,1.5,0.92,20250105123803
利物浦 vs 曼彻斯特联,2-2,0-0,伟*,0.93,1.5,0.93,20250105123009
利物浦 vs 曼彻斯特联,2-2,0-0,伟*,0.92,1.5,0.94,20250105122415
利物浦 vs 曼彻斯特联,2-2,0-0,伟*,0.92,1.5,0.95,20250105121625
利物浦 vs 曼彻斯特联,2-2,0-0,伟*,0.91,1.5,0.96,20250105121333
利物浦 vs 曼彻斯特联,2-2,0-0,伟*,0.91,1.5,0.95,20250105121211
利物浦 vs 曼彻斯特联,2-2,0-0,伟*,0.91,1.5,0.96,20250105120612
利物浦 vs 曼彻斯特联,2-2,0-0,伟*,0.9,1.5,0.96,20250105120030
利物浦 vs 曼彻斯特联,2-2,0-0,伟*,0.91,1.5,0.96,20250105115925
利物浦 vs 曼彻斯特联,2-2,0-0,伟*,0.9,1.5,0.97,20250105113514
利物浦 vs 曼彻斯特联,2-2,0-0,伟*,0.89,1.5,0.98,20250105113111
利物浦 vs 曼彻斯特联,2-2,0-0,伟*,0.88,1.5,0.98,20250105113009
利物浦 vs 曼彻斯特联,2-2,0-0,伟*,0.88,1.5,0.99,20250105092744
利物浦 vs 曼彻斯特联,2-2,0-0,伟*,0.87,1.5,1.0,20250105091928
利物浦 vs 曼彻斯特联,2-2,0-0,伟*,0.88,1.5,0.99,20250105091733
利物浦 vs 曼彻斯特联,2-2,0-0,伟*,0.87,1.5,1.0,20250105091626
利物浦 vs 曼彻斯特联,2-2,0-0,伟*,0.88,1.5,0.99,20250105091428
利物浦 vs 曼彻斯特联,2-2,0-0,伟*,0.87,1.5,1.0,20250105091326
利物浦 vs 曼彻斯特联,2-2,0-0,伟*,0.88,1.5,0.99,20250105091137
利物浦 vs 曼彻斯特联,2-2,0-0,伟*,0.87,1.5,1.0,20250105090415
利物浦 vs 曼彻斯特联,2-2,0-0,伟*,0.88,1.5,0.99,20250105090150
利物浦 vs 曼彻斯特联,2-2,0-0,伟*,0.87,1.5,1.0,20250105085541
利物浦 vs 曼彻斯特联,2-2,0-0,伟*,0.88,1.5,0.99,20250105085334
利物浦 vs 曼彻斯特联,2-2,0-0,伟*,0.87,1.5,1.0,20250105084400
利物浦 vs 曼彻斯特联,2-2,0-0,伟*,0.88,1.5,0.99,20250105084252
利物浦 vs 曼彻斯特联,2-2,0-0,伟*,0.87,1.5,1.0,20250105083733
利物浦 vs 曼彻斯特联,2-2,0-0,伟*,0.88,1.5,0.99,20250105083637
利物浦 vs 曼彻斯特联,2-2,0-0,伟*,0.87,1.5,1.0,20250105082732
利物浦 vs 曼彻斯特联,2-2,0-0,伟*,0.88,1.5,0.99,20250105082623
利物浦 vs 曼彻斯特联,2-2,0-0,伟*,0.87,1.5,1.0,20250105082408
利物浦 vs 曼彻斯特联,2-2,0-0,伟*,0.88,1.5,0.99,20250105082309
利物浦 vs 曼彻斯特联,2-2,0-0,伟*,0.87,1.5,1.0,20250105081958
利物浦 vs 曼彻斯特联,2-2,0-0,伟*,0.88,1.5,0.99,20250105081753
利物浦 vs 曼彻斯特联,2-2,0-0,伟*,0.87,1.5,1.0,20250105081648
利物浦 vs 曼彻斯特联,2-2,0-0,伟*,0.88,1.5,0.99,20250105081335
利物浦 vs 曼彻斯特联,2-2,0-0,伟*,0.87,1.5,1.0,20250105072048
利物浦 vs 曼彻斯特联,2-2,0-0,伟*,0.86,1.5,1.01,20250105062541
利物浦 vs 曼彻斯特联,2-2,0-0,伟*,0.87,1.5,1.0,20250105061423
利物浦 vs 曼彻斯特联,2-2,0-0,伟*,0.86,1.5,1.0,20250105061132
利物浦 vs 曼彻斯特联,2-2,0-0,伟*,0.87,1.5,1.0,20250105060054
利物浦 vs 曼彻斯特联,2-2,0-0,伟*,0.86,1.5,1.0,20250105055731
利物浦 vs 曼彻斯特联,2-2,0-0,伟*,0.87,1.5,1.0,20250105040320
利物浦 vs 曼彻斯特联,2-2,0-0,伟*,0.86,1.5,1.0,20250105040114
利物浦 vs 曼彻斯特联,2-2,0-0,伟*,0.87,1.5,1.0,20250105035908
利物浦 vs 曼彻斯特联,2-2,0-0,伟*,0.86,1.5,1.0,20250105035658
利物浦 vs 曼彻斯特联,2-2,0-0,伟*,0.87,1.5,1.0,20250105033645
利物浦 vs 曼彻斯特联,2-2,0-0,伟*,0.86,1.5,1.01,20250105033327
利物浦 vs 曼彻斯特联,2-2,0-0,伟*,0.85,1.5,1.02,20250105033227
利物浦 vs 曼彻斯特联,2-2,0-0,伟*,0.84,1.5,1.03,20250105032905
利物浦 vs 曼彻斯特联,2-2,0-0,伟*,1.03,1.75,0.84,20250105032803
利物浦 vs 曼彻斯特联,2-2,0-0,伟*,1.02,1.75,0.85,20250105003152
利物浦 vs 曼彻斯特联,2-2,0-0,伟*,0.98,1.75,0.82,20250104233442
利物浦 vs 曼彻斯特联,2-2,0-0,伟*,0.97,1.75,0.83,20250104233041
利物浦 vs 曼彻斯特联,2-2,0-0,伟*,0.96,1.75,0.84,20250104221502
利物浦 vs 曼彻斯特联,2-2,0-0,伟*,0.96,1.75,0.83,20250104221259
利物浦 vs 曼彻斯特联,2-2,0-0,伟*,0.96,1.75,0.84,20250104210136
利物浦 vs 曼彻斯特联,2-2,0-0,伟*,0.97,1.75,0.83,20250104205512
利物浦 vs 曼彻斯特联,2-2,0-0,伟*,0.96,1.75,0.84,20250104205320
利物浦 vs 曼彻斯特联,2-2,0-0,伟*,0.97,1.75,0.83,20250104202959
利物浦 vs 曼彻斯特联,2-2,0-0,伟*,0.98,1.75,0.82,20250104202803
利物浦 vs 曼彻斯特联,2-2,0-0,伟*,0.99,1.75,0.81,20250104202541
利物浦 vs 曼彻斯特联,2-2,0-0,伟*,0.98,1.75,0.81,20250104201806
利物浦 vs 曼彻斯特联,2-2,0-0,伟*,0.97,1.75,0.83,20250104165438
利物浦 vs 曼彻斯特联,2-2,0-0,伟*,0.98,1.75,0.82,20250104155152
利物浦 vs 曼彻斯特联,2-2,0-0,伟*,0.97,1.75,0.83,20250104154743
利物浦 vs 曼彻斯特联,2-2,0-0,伟*,0.98,1.75,0.82,20250104153926
利物浦 vs 曼彻斯特联,2-2,0-0,伟*,0.97,1.75,0.83,20250104151443
利物浦 vs 曼彻斯特联,2-2,0-0,伟*,0.98,1.75,0.82,20250104111308
利物浦 vs 曼彻斯特联,2-2,0-0,伟*,0.97,1.75,0.83,20250104111058
利物浦 vs 曼彻斯特联,2-2,0-0,伟*,0.98,1.75,0.82,20250104062115
利物浦 vs 曼彻斯特联,2-2,0-0,伟*,1.0,1.75,0.8,20250104052618
利物浦 vs 曼彻斯特联,2-2,0-0,伟*,1.01,1.75,0.79,20250104052219
利物浦 vs 曼彻斯特联,2-2,0-0,伟*,0.77,1.5,0.98,20250104030755
利物浦 vs 曼彻斯特联,2-2,0-0,伟*,0.99,1.75,0.81,20250104002734
利物浦 vs 曼彻斯特联,2-2,0-0,伟*,1.0,1.75,0.8,20250104002340
利物浦 vs 曼彻斯特联,2-2,0-0,伟*,0.79,1.5,1.01,20250104000927
利物浦 vs 曼彻斯特联,2-2,0-0,伟*,0.8,1.5,1.0,20250103223122
利物浦 vs 曼彻斯特联,2-2,0-0,伟*,1.0,1.75,0.8,20250103222834
利物浦 vs 曼彻斯特联,2-2,0-0,伟*,0.99,1.75,0.81,20250103222436
利物浦 vs 曼彻斯特联,2-2,0-0,伟*,0.97,1.75,0.83,20250103222028
利物浦 vs 曼彻斯特联,2-2,0-0,伟*,0.95,1.75,0.84,20250103214036
利物浦 vs 曼彻斯特联,2-2,0-0,伟*,0.96,1.75,0.84,20250103213638
利物浦 vs 曼彻斯特联,2-2,0-0,伟*,0.97,1.75,0.83,20250103213342
利物浦 vs 曼彻斯特联,2-2,0-0,伟*,0.99,1.75,0.81,20250103203621
利物浦 vs 曼彻斯特联,2-2,0-0,伟*,0.98,1.75,0.82,20250103203054
利物浦 vs 曼彻斯特联,2-2,0-0,伟*,0.97,1.75,0.83,20250103174750
利物浦 vs 曼彻斯特联,2-2,0-0,伟*,0.96,1.75,0.84,20250103174256
利物浦 vs 曼彻斯特联,2-2,0-0,伟*,0.97,1.75,0.83,20250103171137
利物浦 vs 曼彻斯特联,2-2,0-0,伟*,0.95,1.75,0.84,20250103170703
利物浦 vs 曼彻斯特联,2-2,0-0,伟*,0.94,1.75,0.85,20250103113924
利物浦 vs 曼彻斯特联,2-2,0-0,伟*,0.95,1.75,0.84,20250103091116
利物浦 vs 曼彻斯特联,2-2,0-0,伟*,0.95,1.75,0.85,20250103090700
利物浦 vs 曼彻斯特联,2-2,0-0,伟*,0.95,1.75,0.84,20250103085322
利物浦 vs 曼彻斯特联,2-2,0-0,伟*,0.94,1.75,0.85,20250102215228
利物浦 vs 曼彻斯特联,2-2,0-0,伟*,0.93,1.75,0.86,20250102200242
利物浦 vs 曼彻斯特联,2-2,0-0,伟*,0.94,1.75,0.85,20250102195637
利物浦 vs 曼彻斯特联,2-2,0-0,伟*,0.93,1.75,0.86,20250102195434
利物浦 vs 曼彻斯特联,2-2,0-0,伟*,0.92,1.75,0.87,20250102195204
利物浦 vs 曼彻斯特联,2-2,0-0,伟*,0.91,1.75,0.88,20250102195011
利物浦 vs 曼彻斯特联,2-2,0-0,伟*,0.88,1.75,0.91,20250102172854
利物浦 vs 曼彻斯特联,2-2,0-0,伟*,0.88,1.75,0.92,20250102171502
利物浦 vs 曼彻斯特联,2-2,0-0,伟*,0.88,1.75,0.91,20250102120802
利物浦 vs 曼彻斯特联,2-2,0-0,伟*,0.87,1.75,0.92,20250102111230
利物浦 vs 曼彻斯特联,2-2,0-0,伟*,0.86,1.75,0.93,20250102110043
利物浦 vs 曼彻斯特联,2-2,0-0,伟*,0.87,1.75,0.93,20250102105804
利物浦 vs 曼彻斯特联,2-2,0-0,伟*,0.87,1.75,0.92,20250102094251
利物浦 vs 曼彻斯特联,2-2,0-0,伟*,0.86,1.75,0.93,20250102081106
利物浦 vs 曼彻斯特联,2-2,0-0,伟*,0.87,1.75,0.93,20250102080856
利物浦 vs 曼彻斯特联,2-2,0-0,伟*,0.87,1.75,0.92,20250102010741
利物浦 vs 曼彻斯特联,2-2,0-0,伟*,0.86,1.75,0.93,20250102004242
利物浦 vs 曼彻斯特联,2-2,0-0,伟*,0.84,1.75,0.96,20250102004025
利物浦 vs 曼彻斯特联,2-2,0-0,伟*,0.83,1.75,0.97,20250102003809
利物浦 vs 曼彻斯特联,2-2,0-0,伟*,0.81,1.75,0.99,20250101213934
利物浦 vs 曼彻斯特联,2-2,0-0,伟*,0.79,1.75,1.01,20250101213257
利物浦 vs 曼彻斯特联,2-2,0-0,伟*,0.8,1.75,1.0,20250101211749
利物浦 vs 曼彻斯特联,2-2,0-0,伟*,0.79,1.75,1.01,20250101211524
利物浦 vs 曼彻斯特联,2-2,0-0,伟*,0.79,1.75,1.02,20250101210924
利物浦 vs 曼彻斯特联,2-2,0-0,伟*,0.78,1.75,1.03,20250101210718
利物浦 vs 曼彻斯特联,2-2,0-0,伟*,1.02,2.0,0.79,20250101184639
利物浦 vs 曼彻斯特联,2-2,0-0,伟*,1.02,2.0,0.78,20250101184427
利物浦 vs 曼彻斯特联,2-2,0-0,伟*,1.01,2.0,0.79,20250101182229
利物浦 vs 曼彻斯特联,2-2,0-0,伟*,1.02,2.0,0.79,20250101182040
利物浦 vs 曼彻斯特联,2-2,0-0,伟*,0.79,1.75,1.01,20250101165841
利物浦 vs 曼彻斯特联,2-2,0-0,伟*,1.01,2.0,0.79,20250101164212
利物浦 vs 曼彻斯特联,2-2,0-0,伟*,1.02,2.0,0.79,20250101152315
利物浦 vs 曼彻斯特联,2-2,0-0,伟*,1.01,2.0,0.79,20250101141604
利物浦 vs 曼彻斯特联,2-2,0-0,伟*,1.02,2.0,0.79,20250101140802
利物浦 vs 曼彻斯特联,2-2,0-0,伟*,1.01,2.0,0.79,20250101140548
利物浦 vs 曼彻斯特联,2-2,0-0,伟*,1.0,2.0,0.8,20250101140348
利物浦 vs 曼彻斯特联,2-2,0-0,伟*,1.01,2.0,0.79,20250101140127
利物浦 vs 曼彻斯特联,2-2,0-0,伟*,0.79,1.75,1.02,20250101135919
利物浦 vs 曼彻斯特联,2-2,0-0,伟*,0.81,1.75,0.99,20250101132642
利物浦 vs 曼彻斯特联,2-2,0-0,伟*,0.8,1.75,1.0,20250101132428
利物浦 vs 曼彻斯特联,2-2,0-0,伟*,0.81,1.75,0.99,20250101123415
利物浦 vs 曼彻斯特联,2-2,0-0,伟*,0.81,1.75,1.0,20250101122611
利物浦 vs 曼彻斯特联,2-2,0-0,伟*,0.8,1.75,1.0,20250101121918
利物浦 vs 曼彻斯特联,2-2,0-0,伟*,0.81,1.75,0.99,20250101121631
利物浦 vs 曼彻斯特联,2-2,0-0,伟*,0.81,1.75,0.98,20250101121325
利物浦 vs 曼彻斯特联,2-2,0-0,伟*,0.82,1.75,0.98,20250101120624
利物浦 vs 曼彻斯特联,2-2,0-0,伟*,0.83,1.75,0.97,20250101082249
利物浦 vs 曼彻斯特联,2-2,0-0,伟*,0.82,1.75,0.98,20250101082037
利物浦 vs 曼彻斯特联,2-2,0-0,伟*,0.83,1.75,0.97,20250101081831
利物浦 vs 曼彻斯特联,2-2,0-0,伟*,0.85,1.75,0.94,20250101081602
利物浦 vs 曼彻斯特联,2-2,0-0,伟*,0.91,1.75,0.88,20250101071812
利物浦 vs 曼彻斯特联,2-2,0-0,伟*,0.92,1.75,0.87,20250101040310
利物浦 vs 曼彻斯特联,2-2,0-0,伟*,0.92,1.75,0.88,20250101040104
利物浦 vs 曼彻斯特联,2-2,0-0,伟*,0.92,1.75,0.87,20250101012320
利物浦 vs 曼彻斯特联,2-2,0-0,伟*,0.91,1.75,0.88,20250101011059
利物浦 vs 曼彻斯特联,2-2,0-0,伟*,0.87,1.75,0.92,20250101010820
利物浦 vs 曼彻斯特联,2-2,0-0,伟*,0.89,1.75,0.91,20250101010538
利物浦 vs 曼彻斯特联,2-2,0-0,伟*,0.92,1.75,0.87,20250101010305
利物浦 vs 曼彻斯特联,2-2,0-0,伟*,0.93,1.75,0.86,20241231235549
利物浦 vs 曼彻斯特联,2-2,0-0,伟*,0.94,1.75,0.85,20241231220301
利物浦 vs 曼彻斯特联,2-2,0-0,伟*,0.92,1.75,0.87,20241231220042
利物浦 vs 曼彻斯特联,2-2,0-0,伟*,0.91,1.75,0.88,20241231215839
利物浦 vs 曼彻斯特联,2-2,0-0,伟*,0.89,1.75,0.9,20241231203848
利物浦 vs 曼彻斯特联,2-2,0-0,伟*,0.9,1.75,0.89,20241231200339
利物浦 vs 曼彻斯特联,2-2,0-0,伟*,0.91,1.75,0.88,20241231194741
利物浦 vs 曼彻斯特联,2-2,0-0,伟*,0.92,1.75,0.87,20241231154018
利物浦 vs 曼彻斯特联,2-2,0-0,伟*,0.93,1.75,0.86,20241231151308
利物浦 vs 曼彻斯特联,2-2,0-0,伟*,0.92,1.75,0.87,20241231091819
利物浦 vs 曼彻斯特联,2-2,0-0,伟*,0.91,1.75,0.88,20241231081808
利物浦 vs 曼彻斯特联,2-2,0-0,伟*,0.9,1.75,0.89,20241231071136
利物浦 vs 曼彻斯特联,2-2,0-0,伟*,0.88,1.75,0.91,20241231062659
利物浦 vs 曼彻斯特联,2-2,0-0,伟*,0.89,1.75,0.9,20241231062259
利物浦 vs 曼彻斯特联,2-2,0-0,伟*,0.9,1.75,0.9,20241231061853
利物浦 vs 曼彻斯特联,2-2,0-0,伟*,0.9,1.75,0.89,20241231061651
利物浦 vs 曼彻斯特联,2-2,0-0,伟*,0.91,1.75,0.88,20241231061032
利物浦 vs 曼彻斯特联,2-2,0-0,伟*,0.92,1.75,0.87,20241231053153
利物浦 vs 曼彻斯特联,2-2,0-0,伟*,0.92,1.75,0.88,20241231044245
利物浦 vs 曼彻斯特联,2-2,0-0,伟*,0.92,1.75,0.87,20241231043845
利物浦 vs 曼彻斯特联,2-2,0-0,伟*,0.93,1.75,0.86,20241231043236
利物浦 vs 曼彻斯特联,2-2,0-0,伟*,0.97,1.75,0.83,20241231043041
利物浦 vs 曼彻斯特联,2-2,0-0,伟*,1.0,1.75,0.8,20241231040827
利物浦 vs 曼彻斯特联,2-2,0-0,伟*,0.8,1.5,1.0,20241231022251
利物浦 vs 曼彻斯特联,2-2,0-0,伟*,0.99,1.75,0.77,20241231022040
利物浦 vs 曼彻斯特联,2-2,0-0,伟*,0.8,1.5,1.0,20241230165722
利物浦 vs 曼彻斯特联,2-2,0-0,伟*,0.77,1.5,0.98,20241230164808
利物浦 vs 曼彻斯特联,2-2,0-0,伟*,0.99,1.75,0.81,20241230163115
利物浦 vs 曼彻斯特联,2-2,0-0,伟*,1.0,1.75,0.8,20241230162854
利物浦 vs 曼彻斯特联,2-2,0-0,伟*,0.99,1.75,0.81,20241230101445
利物浦 vs 曼彻斯特联,2-2,0-0,伟*,0.96,1.75,0.84,20241230101105
利物浦 vs 曼彻斯特联,2-2,0-0,伟*,0.94,1.75,0.85,20241230100810
利物浦 vs 曼彻斯特联,2-2,0-0,伟*,0.93,1.75,0.86,20241230100105
利物浦 vs 曼彻斯特联,2-2,0-0,伟*,0.92,1.75,0.87,20241230091551
利物浦 vs 曼彻斯特联,2-2,0-0,伟*,0.93,1.75,0.87,20241230060809
利物浦 vs 曼彻斯特联,2-2,0-0,伟*,0.93,1.75,0.86,20241230055734
利物浦 vs 曼彻斯特联,2-2,0-0,伟*,0.94,1.75,0.85,20241230051521
利物浦 vs 曼彻斯特联,2-2,0-0,伟*,0.94,1.75,0.86,20241230050930
利物浦 vs 曼彻斯特联,2-2,0-0,伟*,0.93,1.75,0.86,20241230040819
利物浦 vs 曼彻斯特联,2-2,0-0,伟*,0.94,1.75,0.85,20241230040432
利物浦 vs 曼彻斯特联,2-2,0-0,伟*,0.95,1.75,0.84,20241230040037
利物浦 vs 曼彻斯特联,2-2,0-0,伟*,0.94,1.75,0.85,20241230035235
利物浦 vs 曼彻斯特联,2-2,0-0,伟*,0.95,1.75,0.85,20241230023252
利物浦 vs 曼彻斯特联,2-2,0-0,伟*,0.96,1.75,0.84,20241230022125
利物浦 vs 曼彻斯特联,2-2,0-0,伟*,0.98,1.75,0.82,20241230021745
利物浦 vs 曼彻斯特联,2-2,0-0,伟*,0.82,1.5,0.97,20241230020710
利物浦 vs 曼彻斯特联,2-2,0-0,伟*,0.86,1.5,0.93,20241230011816
利物浦 vs 曼彻斯特联,2-2,0-0,伟*,0.85,1.5,0.94,20241230003918
利物浦 vs 曼彻斯特联,2-2,0-0,伟*,0.84,1.5,0.95,20241230003719
利物浦 vs 曼彻斯特联,2-2,0-0,伟*,0.82,1.5,0.98,20241230003519
利物浦 vs 曼彻斯特联,2-2,0-0,伟*,0.8,1.5,1.0,20241229185610
利物浦 vs 曼彻斯特联,2-2,0-0,伟*,1.0,1.75,0.8,20241229181746
利物浦 vs 曼彻斯特联,2-2,0-0,伟*,0.8,1.5,1.0,20241228135933
利物浦 vs 曼彻斯特联,2-2,0-0,伟*,0.81,1.5,0.99,20241228123049
利物浦 vs 曼彻斯特联,2-2,0-0,伟*,0.82,1.5,0.98,20241228122904
利物浦 vs 曼彻斯特联,2-2,0-0,伟*,0.81,1.5,0.99,20241228081734
利物浦 vs 曼彻斯特联,2-2,0-0,伟*,0.99,1.75,0.81,20241228071014
利物浦 vs 曼彻斯特联,2-2,0-0,伟*,0.81,1.5,0.99,20241228065814
利物浦 vs 曼彻斯特联,2-2,0-0,伟*,0.81,1.5,0.98,20241228011609
利物浦 vs 曼彻斯特联,2-2,0-0,伟*,0.82,1.5,0.98,20241227222528
利物浦 vs 曼彻斯特联,2-2,0-0,伟*,0.98,1.75,0.82,20241227212721
利物浦 vs 曼彻斯特联,2-2,0-0,伟*,0.97,1.75,0.83,20241227211429
利物浦 vs 曼彻斯特联,2-2,0-0,伟*,0.98,1.75,0.82,20241227210809
利物浦 vs 曼彻斯特联,2-2,0-0,伟*,0.84,1.5,0.95,20241227210559
利物浦 vs 曼彻斯特联,2-2,0-0,伟*,0.84,1.5,0.96,20241227210352
利物浦 vs 曼彻斯特联,2-2,0-0,伟*,0.86,1.5,0.94,20241227205747
利物浦 vs 曼彻斯特联,2-2,0-0,伟*,0.87,1.5,0.92,20241227205535
利物浦 vs 曼彻斯特联,2-2,0-0,伟*,0.89,1.5,0.9,20241227201732
利物浦 vs 曼彻斯特联,2-2,0-0,伟*,0.91,1.5,0.88,20241227201146
利物浦 vs 曼彻斯特联,2-2,0-0,伟*,0.92,1.5,0.87,20241227154300
利物浦 vs 曼彻斯特联,2-2,0-0,伟*,0.93,1.5,0.86,20241227154040
利物浦 vs 曼彻斯特联,2-2,0-0,伟*,0.94,1.5,0.85,20241227100243
利物浦 vs 曼彻斯特联,2-2,0-0,伟*,0.95,1.5,0.84,20241227094742
利物浦 vs 曼彻斯特联,2-2,0-0,伟*,0.97,1.5,0.83,20241227092401
利物浦 vs 曼彻斯特联,2-2,0-0,伟*,0.96,1.5,0.84,20241227091751
利物浦 vs 曼彻斯特联,2-2,0-0,伟*,0.95,1.5,0.84,20241227063248
利物浦 vs 曼彻斯特联,2-2,0-0,伟*,0.96,1.5,0.84,20241227061755
利物浦 vs 曼彻斯特联,2-2,0-0,伟*,0.96,1.5,0.83,20241227061548
利物浦 vs 曼彻斯特联,2-2,0-0,伟*,0.96,1.5,0.84,20241227053217
利物浦 vs 曼彻斯特联,2-2,0-0,伟*,0.95,1.5,0.84,20241227053020
利物浦 vs 曼彻斯特联,2-2,0-0,伟*,0.97,1.5,0.83,20241227052833
利物浦 vs 曼彻斯特联,2-2,0-0,伟*,0.98,1.5,0.82,20241227052647
利物浦 vs 曼彻斯特联,2-2,0-0,伟*,0.8,1.25,1.0,20241227051634
利物浦 vs 曼彻斯特联,2-2,0-0,伟*,0.82,1.25,0.98,20241227051240
利物浦 vs 曼彻斯特联,2-2,0-0,伟*,0.82,1.25,0.97,20241227050835
利物浦 vs 曼彻斯特联,2-2,0-0,伟*,0.83,1.25,0.97,20241227050425
利物浦 vs 曼彻斯特联,2-2,0-0,伟*,0.88,1.25,0.91,20241227050231
利物浦 vs 曼彻斯特联,2-2,0-0,伟*,0.9,1.25,0.89,20241227034551
利物浦 vs 曼彻斯特联,2-2,0-0,伟*,0.93,1.25,0.86,20241227034352
利物浦 vs 曼彻斯特联,2-2,0-0,伟*,0.96,1.25,0.84,20241227010825
利物浦 vs 曼彻斯特联,2-2,0-0,伟*,0.95,1.25,0.84,20241227010232
利物浦 vs 曼彻斯特联,2-2,0-0,明*,1.04,1.5,0.88,20250106002959
利物浦 vs 曼彻斯特联,2-2,0-0,明*,1.05,1.5,0.88,20250106002606
利物浦 vs 曼彻斯特联,2-2,0-0,明*,1.06,1.5,0.87,20250106002052
利物浦 vs 曼彻斯特联,2-2,0-0,明*,1.05,1.5,0.88,20250106000721
利物浦 vs 曼彻斯特联,2-2,0-0,明*,1.06,1.5,0.87,20250106000622
利物浦 vs 曼彻斯特联,2-2,0-0,明*,1.07,1.5,0.86,20250106000547
利物浦 vs 曼彻斯特联,2-2,0-0,明*,1.02,1.5,0.91,20250106000506
利物浦 vs 曼彻斯特联,2-2,0-0,明*,1.06,1.5,0.87,20250106000330
利物浦 vs 曼彻斯特联,2-2,0-0,明*,1.07,1.5,0.86,20250106000252
利物浦 vs 曼彻斯特联,2-2,0-0,明*,1.09,1.5,0.84,20250106000213
利物浦 vs 曼彻斯特联,2-2,0-0,明*,1.05,1.5,0.88,20250105235153
利物浦 vs 曼彻斯特联,2-2,0-0,明*,1.11,1.5,0.83,20250105234241
利物浦 vs 曼彻斯特联,2-2,0-0,明*,1.13,1.5,0.81,20250105234034
利物浦 vs 曼彻斯特联,2-2,0-0,明*,1.12,1.5,0.82,20250105234003
利物浦 vs 曼彻斯特联,2-2,0-0,明*,1.13,1.5,0.81,20250105233928
利物浦 vs 曼彻斯特联,2-2,0-0,明*,1.11,1.5,0.83,20250105233857
利物浦 vs 曼彻斯特联,2-2,0-0,明*,1.12,1.5,0.82,20250105233554
利物浦 vs 曼彻斯特联,2-2,0-0,明*,1.09,1.5,0.84,20250105233500
利物浦 vs 曼彻斯特联,2-2,0-0,明*,0.86,1.25,1.07,20250105232459
利物浦 vs 曼彻斯特联,2-2,0-0,明*,0.87,1.25,1.06,20250105232353
利物浦 vs 曼彻斯特联,2-2,0-0,明*,0.83,1.25,1.11,20250105232220
利物浦 vs 曼彻斯特联,2-2,0-0,明*,0.82,1.25,1.12,20250105232018
利物浦 vs 曼彻斯特联,2-2,0-0,明*,0.86,1.25,1.07,20250105225444
利物浦 vs 曼彻斯特联,2-2,0-0,明*,0.84,1.25,1.09,20250105225238
利物浦 vs 曼彻斯特联,2-2,0-0,明*,1.11,1.5,0.83,20250105224927
利物浦 vs 曼彻斯特联,2-2,0-0,明*,1.12,1.5,0.82,20250105223823
利物浦 vs 曼彻斯特联,2-2,0-0,明*,1.13,1.5,0.81,20250105223716
利物浦 vs 曼彻斯特联,2-2,0-0,明*,1.11,1.5,0.83,20250105223609
利物浦 vs 曼彻斯特联,2-2,0-0,明*,1.14,1.5,0.8,20250105222642
利物浦 vs 曼彻斯特联,2-2,0-0,明*,1.13,1.5,0.81,20250105222032
利物浦 vs 曼彻斯特联,2-2,0-0,明*,1.07,1.5,0.86,20250105221849
利物浦 vs 曼彻斯特联,2-2,0-0,明*,1.08,1.5,0.85,20250105221647
利物浦 vs 曼彻斯特联,2-2,0-0,明*,1.07,1.5,0.86,20250105211921
利物浦 vs 曼彻斯特联,2-2,0-0,明*,1.05,1.5,0.88,20250105211017
利物浦 vs 曼彻斯特联,2-2,0-0,明*,1.06,1.5,0.87,20250105210809
利物浦 vs 曼彻斯特联,2-2,0-0,明*,0.82,1.25,1.13,20250105210024
利物浦 vs 曼彻斯特联,2-2,0-0,明*,0.81,1.25,1.13,20250105202022
利物浦 vs 曼彻斯特联,2-2,0-0,明*,0.82,1.25,1.12,20250105201946
利物浦 vs 曼彻斯特联,2-2,0-0,明*,0.84,1.25,1.09,20250105193738
利物浦 vs 曼彻斯特联,2-2,0-0,明*,0.83,1.25,1.11,20250105193706
利物浦 vs 曼彻斯特联,2-2,0-0,明*,0.85,1.25,1.08,20250105193608
利物浦 vs 曼彻斯特联,2-2,0-0,明*,0.84,1.25,1.09,20250105190554
利物浦 vs 曼彻斯特联,2-2,0-0,明*,0.85,1.25,1.08,20250105185433
利物浦 vs 曼彻斯特联,2-2,0-0,明*,0.84,1.25,1.09,20250105184916
利物浦 vs 曼彻斯特联,2-2,0-0,明*,0.88,1.25,1.05,20250105184843
利物浦 vs 曼彻斯特联,2-2,0-0,明*,0.89,1.25,1.04,20250105184633
利物浦 vs 曼彻斯特联,2-2,0-0,明*,0.9,1.25,1.03,20250105184529
利物浦 vs 曼彻斯特联,2-2,0-0,明*,0.92,1.25,1.01,20250105184458
利物浦 vs 曼彻斯特联,2-2,0-0,明*,0.9,1.25,1.03,20250105184429
利物浦 vs 曼彻斯特联,2-2,0-0,明*,0.88,1.25,1.05,20250105183011
利物浦 vs 曼彻斯特联,2-2,0-0,明*,0.87,1.25,1.06,20250105182936
利物浦 vs 曼彻斯特联,2-2,0-0,明*,0.88,1.25,1.05,20250105182512
利物浦 vs 曼彻斯特联,2-2,0-0,明*,0.89,1.25,1.04,20250105181827
利物浦 vs 曼彻斯特联,2-2,0-0,明*,0.88,1.25,1.05,20250105181726
利物浦 vs 曼彻斯特联,2-2,0-0,明*,0.89,1.25,1.04,20250105181551
利物浦 vs 曼彻斯特联,2-2,0-0,明*,1.14,1.5,0.8,20250105180313
利物浦 vs 曼彻斯特联,2-2,0-0,明*,1.13,1.5,0.82,20250105180035
利物浦 vs 曼彻斯特联,2-2,0-0,明*,1.13,1.5,0.81,20250105175932
利物浦 vs 曼彻斯特联,2-2,0-0,明*,1.14,1.5,0.8,20250105172901
利物浦 vs 曼彻斯特联,2-2,0-0,明*,1.16,1.5,0.79,20250105172758
利物浦 vs 曼彻斯特联,2-2,0-0,明*,1.12,1.5,0.82,20250105172723
利物浦 vs 曼彻斯特联,2-2,0-0,明*,1.09,1.5,0.84,20250105172651
利物浦 vs 曼彻斯特联,2-2,0-0,明*,1.11,1.5,0.83,20250105172342
利物浦 vs 曼彻斯特联,2-2,0-0,明*,1.12,1.5,0.82,20250105172058
利物浦 vs 曼彻斯特联,2-2,0-0,明*,1.09,1.5,0.84,20250105171739
利物浦 vs 曼彻斯特联,2-2,0-0,明*,1.11,1.5,0.83,20250105164422
利物浦 vs 曼彻斯特联,2-2,0-0,明*,1.12,1.5,0.82,20250105163451
利物浦 vs 曼彻斯特联,2-2,0-0,明*,1.13,1.5,0.81,20250105161812
利物浦 vs 曼彻斯特联,2-2,0-0,明*,1.12,1.5,0.82,20250105161708
利物浦 vs 曼彻斯特联,2-2,0-0,明*,1.13,1.5,0.81,20250105161637
利物浦 vs 曼彻斯特联,2-2,0-0,明*,1.12,1.5,0.82,20250105161602
利物浦 vs 曼彻斯特联,2-2,0-0,明*,1.11,1.5,0.83,20250105153836
利物浦 vs 曼彻斯特联,2-2,0-0,明*,1.09,1.5,0.84,20250105153629
利物浦 vs 曼彻斯特联,2-2,0-0,明*,1.11,1.5,0.83,20250105151601
利物浦 vs 曼彻斯特联,2-2,0-0,明*,1.09,1.5,0.84,20250105151529
利物浦 vs 曼彻斯特联,2-2,0-0,明*,1.11,1.5,0.83,20250105151454
利物浦 vs 曼彻斯特联,2-2,0-0,明*,1.08,1.5,0.85,20250105150347
利物浦 vs 曼彻斯特联,2-2,0-0,明*,1.08,1.5,0.84,20250105145311
利物浦 vs 曼彻斯特联,2-2,0-0,明*,1.11,1.5,0.82,20250105145211
利物浦 vs 曼彻斯特联,2-2,0-0,明*,1.06,1.5,0.86,20250105143307
利物浦 vs 曼彻斯特联,2-2,0-0,明*,1.04,1.5,0.88,20250105143237
利物浦 vs 曼彻斯特联,2-2,0-0,明*,1.02,1.5,0.9,20250105135509
利物浦 vs 曼彻斯特联,2-2,0-0,明*,1.0,1.5,0.92,20250105135439
利物浦 vs 曼彻斯特联,2-2,0-0,明*,0.97,1.5,0.95,20250105134655
利物浦 vs 曼彻斯特联,2-2,0-0,明*,0.98,1.5,0.94,20250105134049
利物浦 vs 曼彻斯特联,2-2,0-0,明*,0.97,1.5,0.95,20250105132051
利物浦 vs 曼彻斯特联,2-2,0-0,明*,0.96,1.5,0.96,20250105122941
利物浦 vs 曼彻斯特联,2-2,0-0,明*,0.98,1.5,0.94,20250105122837
利物浦 vs 曼彻斯特联,2-2,0-0,明*,0.96,1.5,0.96,20250105122433
利物浦 vs 曼彻斯特联,2-2,0-0,明*,0.95,1.5,0.97,20250105121956
利物浦 vs 曼彻斯特联,2-2,0-0,明*,0.94,1.5,0.98,20250105121429
利物浦 vs 曼彻斯特联,2-2,0-0,明*,0.95,1.5,0.97,20250105121300
利物浦 vs 曼彻斯特联,2-2,0-0,明*,0.96,1.5,0.96,20250105121158
利物浦 vs 曼彻斯特联,2-2,0-0,明*,0.94,1.5,0.98,20250105120936
利物浦 vs 曼彻斯特联,2-2,0-0,明*,0.95,1.5,0.97,20250105120312
利物浦 vs 曼彻斯特联,2-2,0-0,明*,0.94,1.5,0.98,20250105120235
利物浦 vs 曼彻斯特联,2-2,0-0,明*,0.93,1.5,0.97,20250105120107
利物浦 vs 曼彻斯特联,2-2,0-0,明*,0.92,1.5,0.98,20250105115800
利物浦 vs 曼彻斯特联,2-2,0-0,明*,0.91,1.5,0.99,20250105113908
利物浦 vs 曼彻斯特联,2-2,0-0,明*,0.92,1.5,0.98,20250105113107
利物浦 vs 曼彻斯特联,2-2,0-0,明*,0.94,1.5,0.96,20250105113007
利物浦 vs 曼彻斯特联,2-2,0-0,明*,0.91,1.5,0.99,20250105112609
利物浦 vs 曼彻斯特联,2-2,0-0,明*,1.14,1.75,0.77,20250105112430
利物浦 vs 曼彻斯特联,2-2,0-0,明*,1.12,1.75,0.79,20250105110013
利物浦 vs 曼彻斯特联,2-2,0-0,明*,1.13,1.75,0.78,20250105092358
利物浦 vs 曼彻斯特联,2-2,0-0,明*,1.12,1.75,0.79,20250105090708
利物浦 vs 曼彻斯特联,2-2,0-0,明*,1.09,1.75,0.81,20250105090540
利物浦 vs 曼彻斯特联,2-2,0-0,明*,1.12,1.75,0.79,20250105085109
利物浦 vs 曼彻斯特联,2-2,0-0,明*,0.88,1.5,1.02,20250105082929
利物浦 vs 曼彻斯特联,2-2,0-0,明*,0.86,1.5,1.04,20250105082651
利物浦 vs 曼彻斯特联,2-2,0-0,明*,0.87,1.5,1.03,20250105080405
利物浦 vs 曼彻斯特联,2-2,0-0,明*,1.12,1.75,0.79,20250105062824
利物浦 vs 曼彻斯特联,2-2,0-0,明*,1.13,1.75,0.78,20250105033147
利物浦 vs 曼彻斯特联,2-2,0-0,明*,1.11,1.75,0.8,20250105032722
利物浦 vs 曼彻斯特联,2-2,0-0,明*,1.06,1.75,0.84,20250105032640
利物浦 vs 曼彻斯特联,2-2,0-0,明*,1.03,1.75,0.87,20250105023520
利物浦 vs 曼彻斯特联,2-2,0-0,明*,1.0,1.75,0.9,20250105012153
利物浦 vs 曼彻斯特联,2-2,0-0,明*,1.02,1.75,0.88,20250105005717
利物浦 vs 曼彻斯特联,2-2,0-0,明*,1.01,1.75,0.89,20250104232825
利物浦 vs 曼彻斯特联,2-2,0-0,明*,0.99,1.75,0.91,20250104225625
利物浦 vs 曼彻斯特联,2-2,0-0,明*,1.0,1.75,0.9,20250104204758
利物浦 vs 曼彻斯特联,2-2,0-0,明*,1.01,1.75,0.89,20250104204614
利物浦 vs 曼彻斯特联,2-2,0-0,明*,1.02,1.75,0.88,20250104202433
利物浦 vs 曼彻斯特联,2-2,0-0,明*,1.04,1.75,0.86,20250104201221
利物浦 vs 曼彻斯特联,2-2,0-0,明*,1.01,1.75,0.89,20250104171416
利物浦 vs 曼彻斯特联,2-2,0-0,明*,1.02,1.75,0.88,20250104171045
利物浦 vs 曼彻斯特联,2-2,0-0,明*,1.03,1.75,0.87,20250104170136
利物浦 vs 曼彻斯特联,2-2,0-0,明*,1.01,1.75,0.89,20250104130409
利物浦 vs 曼彻斯特联,2-2,0-0,明*,0.99,1.75,0.89,20250104120136
利物浦 vs 曼彻斯特联,2-2,0-0,明*,1.01,1.75,0.87,20250104082151
利物浦 vs 曼彻斯特联,2-2,0-0,明*,1.03,1.75,0.85,20250104082106
利物浦 vs 曼彻斯特联,2-2,0-0,明*,1.01,1.75,0.87,20250104062739
利物浦 vs 曼彻斯特联,2-2,0-0,明*,1.02,1.75,0.86,20250104061659
利物浦 vs 曼彻斯特联,2-2,0-0,明*,1.04,1.75,0.84,20250104052208
利物浦 vs 曼彻斯特联,2-2,0-0,明*,1.05,1.75,0.83,20250104030350
利物浦 vs 曼彻斯特联,2-2,0-0,明*,1.02,1.75,0.86,20250104010124
利物浦 vs 曼彻斯特联,2-2,0-0,明*,1.03,1.75,0.85,20250104002227
利物浦 vs 曼彻斯特联,2-2,0-0,明*,1.06,1.75,0.82,20250103231221
利物浦 vs 曼彻斯特联,2-2,0-0,明*,1.08,1.75,0.8,20250103222334
利物浦 vs 曼彻斯特联,2-2,0-0,明*,1.05,1.75,0.83,20250103222240
利物浦 vs 曼彻斯特联,2-2,0-0,明*,1.03,1.75,0.85,20250103221732
利物浦 vs 曼彻斯特联,2-2,0-0,明*,1.02,1.75,0.86,20250103215103
利物浦 vs 曼彻斯特联,2-2,0-0,明*,1.01,1.75,0.87,20250103213606
利物浦 vs 曼彻斯特联,2-2,0-0,明*,1.0,1.75,0.88,20250103213229
利物浦 vs 曼彻斯特联,2-2,0-0,明*,1.03,1.75,0.85,20250103213127
利物浦 vs 曼彻斯特联,2-2,0-0,明*,1.04,1.75,0.84,20250103202722
利物浦 vs 曼彻斯特联,2-2,0-0,明*,1.02,1.75,0.86,20250103184202
利物浦 vs 曼彻斯特联,2-2,0-0,明*,1.03,1.75,0.85,20250103171737
利物浦 vs 曼彻斯特联,2-2,0-0,明*,1.01,1.75,0.87,20250103131353
利物浦 vs 曼彻斯特联,2-2,0-0,明*,1.03,1.75,0.85,20250103085057
利物浦 vs 曼彻斯特联,2-2,0-0,明*,1.02,1.75,0.86,20250102230653
利物浦 vs 曼彻斯特联,2-2,0-0,明*,1.01,1.75,0.87,20250102213932
利物浦 vs 曼彻斯特联,2-2,0-0,明*,0.99,1.75,0.89,20250102204005
利物浦 vs 曼彻斯特联,2-2,0-0,明*,1.0,1.75,0.88,20250102202601
利物浦 vs 曼彻斯特联,2-2,0-0,明*,0.97,1.75,0.91,20250102194853
利物浦 vs 曼彻斯特联,2-2,0-0,明*,0.92,1.75,0.96,20250102163801
利物浦 vs 曼彻斯特联,2-2,0-0,明*,0.93,1.75,0.95,20250102120315
利物浦 vs 曼彻斯特联,2-2,0-0,明*,0.9,1.75,0.98,20250102070333
利物浦 vs 曼彻斯特联,2-2,0-0,明*,0.89,1.75,0.99,20250102020539
利物浦 vs 曼彻斯特联,2-2,0-0,明*,0.62,1.5,1.35,20250101222517
利物浦 vs 曼彻斯特联,2-2,0-0,明*,0.66,1.5,1.28,20250101213455
利物浦 vs 曼彻斯特联,2-2,0-0,明*,0.65,1.5,1.29,20250101211325
利物浦 vs 曼彻斯特联,2-2,0-0,明*,0.64,1.5,1.31,20250101140215
利物浦 vs 曼彻斯特联,2-2,0-0,明*,0.63,1.5,1.33,20250101135853
利物浦 vs 曼彻斯特联,2-2,0-0,明*,0.67,1.5,1.26,20250101121749
利物浦 vs 曼彻斯特联,2-2,0-0,明*,0.65,1.5,1.29,20250101121522
利物浦 vs 曼彻斯特联,2-2,0-0,明*,0.66,1.5,1.28,20250101121441
利物浦 vs 曼彻斯特联,2-2,0-0,明*,0.68,1.5,1.25,20250101082007
利物浦 vs 曼彻斯特联,2-2,0-0,明*,0.67,1.5,1.26,20250101081807
利物浦 vs 曼彻斯特联,2-2,0-0,明*,0.66,1.5,1.28,20250101081707
利物浦 vs 曼彻斯特联,2-2,0-0,明*,0.69,1.5,1.23,20250101081521
利物浦 vs 曼彻斯特联,2-2,0-0,明*,0.7,1.5,1.22,20250101081422
利物浦 vs 曼彻斯特联,2-2,0-0,明*,0.72,1.5,1.19,20250101081328
利物浦 vs 曼彻斯特联,2-2,0-0,明*,0.77,1.5,1.12,20250101012342
利物浦 vs 曼彻斯特联,2-2,0-0,明*,0.76,1.5,1.13,20250101010655
利物浦 vs 曼彻斯特联,2-2,0-0,明*,0.75,1.5,1.14,20250101010601
利物浦 vs 曼彻斯特联,2-2,0-0,明*,0.73,1.5,1.17,20250101010428
利物浦 vs 曼彻斯特联,2-2,0-0,明*,0.77,1.5,1.12,20250101010330
利物浦 vs 曼彻斯特联,2-2,0-0,明*,0.73,1.5,1.17,20250101010144
利物浦 vs 曼彻斯特联,2-2,0-0,明*,0.76,1.5,1.13,20241231235434
利物浦 vs 曼彻斯特联,2-2,0-0,明*,0.77,1.5,1.12,20241231215911
利物浦 vs 曼彻斯特联,2-2,0-0,明*,0.78,1.5,1.11,20241231215830
利物浦 vs 曼彻斯特联,2-2,0-0,明*,0.75,1.5,1.14,20241231215545
利物浦 vs 曼彻斯特联,2-2,0-0,明*,0.73,1.5,1.17,20241231202907
利物浦 vs 曼彻斯特联,2-2,0-0,明*,0.74,1.5,1.16,20241231201037
利物浦 vs 曼彻斯特联,2-2,0-0,明*,0.75,1.5,1.14,20241231194311
利物浦 vs 曼彻斯特联,2-2,0-0,明*,0.77,1.5,1.12,20241231173134
利物浦 vs 曼彻斯特联,2-2,0-0,明*,0.81,1.5,1.07,20241231172818
利物浦 vs 曼彻斯特联,2-2,0-0,明*,0.8,1.5,1.08,20241231133312
利物浦 vs 曼彻斯特联,2-2,0-0,明*,0.76,1.5,1.13,20241231081353
利物浦 vs 曼彻斯特联,2-2,0-0,明*,0.74,1.5,1.16,20241231071047
利物浦 vs 曼彻斯特联,2-2,0-0,明*,0.73,1.5,1.17,20241231062506
利物浦 vs 曼彻斯特联,2-2,0-0,明*,0.72,1.5,1.19,20241231062331
利物浦 vs 曼彻斯特联,2-2,0-0,明*,0.74,1.5,1.16,20241231061528
利物浦 vs 曼彻斯特联,2-2,0-0,明*,0.75,1.5,1.14,20241231061428
利物浦 vs 曼彻斯特联,2-2,0-0,明*,0.76,1.5,1.13,20241231060657
利物浦 vs 曼彻斯特联,2-2,0-0,明*,0.83,1.5,1.05,20241230191318
利物浦 vs 曼彻斯特联,2-2,0-0,明*,0.82,1.5,1.06,20241230133521
利物浦 vs 曼彻斯特联,2-2,0-0,明*,0.83,1.5,1.05,20241230101022
利物浦 vs 曼彻斯特联,2-2,0-0,明*,0.8,1.5,1.08,20241230070128
利物浦 vs 曼彻斯特联,2-2,0-0,明*,0.79,1.5,1.09,20241230060547
利物浦 vs 曼彻斯特联,2-2,0-0,明*,0.81,1.5,1.07,20241230041814
利物浦 vs 曼彻斯特联,2-2,0-0,明*,0.86,1.5,1.02,20241229223226
利物浦 vs 曼彻斯特联,2-2,0-0,明*,1.07,1.75,0.81,20241229223127
利物浦 vs 曼彻斯特联,2-2,0-0,明*,0.86,1.5,1.02,20241228065552
利物浦 vs 曼彻斯特联,2-2,0-0,明*,0.87,1.5,1.01,20241228002222
利物浦 vs 曼彻斯特联,2-2,0-0,明*,0.88,1.5,1.0,20241227230441
利物浦 vs 曼彻斯特联,2-2,0-0,明*,0.87,1.5,1.01,20241227222302
利物浦 vs 曼彻斯特联,2-2,0-0,明*,0.86,1.5,1.02,20241227211645
利物浦 vs 曼彻斯特联,2-2,0-0,明*,0.6,1.25,1.38,20241227210339
利物浦 vs 曼彻斯特联,2-2,0-0,明*,0.67,1.25,1.26,20241227205123
利物浦 vs 曼彻斯特联,2-2,0-0,明*,0.71,1.25,1.2,20241227201134
利物浦 vs 曼彻斯特联,2-2,0-0,明*,0.75,1.25,1.14,20241227153804
利物浦 vs 曼彻斯特联,2-2,0-0,明*,0.79,1.25,1.09,20241227063106
利物浦 vs 曼彻斯特联,2-2,0-0,金宝*,1.01,1.5,0.91,20250106002833
利物浦 vs 曼彻斯特联,2-2,0-0,金宝*,1.03,1.5,0.89,20250106002731
利物浦 vs 曼彻斯特联,2-2,0-0,金宝*,1.04,1.5,0.88,20250106001615
利物浦 vs 曼彻斯特联,2-2,0-0,金宝*,1.03,1.5,0.89,20250106001139
利物浦 vs 曼彻斯特联,2-2,0-0,金宝*,1.02,1.5,0.9,20250106001037
利物浦 vs 曼彻斯特联,2-2,0-0,金宝*,1.03,1.5,0.89,20250106000733
利物浦 vs 曼彻斯特联,2-2,0-0,金宝*,1.04,1.5,0.88,20250106000358
利物浦 vs 曼彻斯特联,2-2,0-0,金宝*,1.05,1.5,0.87,20250106000226
利物浦 vs 曼彻斯特联,2-2,0-0,金宝*,1.03,1.5,0.89,20250106000155
利物浦 vs 曼彻斯特联,2-2,0-0,金宝*,1.02,1.5,0.9,20250106000054
利物浦 vs 曼彻斯特联,2-2,0-0,金宝*,1.03,1.5,0.89,20250105235720
利物浦 vs 曼彻斯特联,2-2,0-0,金宝*,1.02,1.5,0.9,20250105235346
利物浦 vs 曼彻斯特联,2-2,0-0,金宝*,1.03,1.5,0.89,20250105233959
利物浦 vs 曼彻斯特联,2-2,0-0,金宝*,1.05,1.5,0.87,20250105233656
利物浦 vs 曼彻斯特联,2-2,0-0,金宝*,1.04,1.5,0.88,20250105233555
利物浦 vs 曼彻斯特联,2-2,0-0,金宝*,1.03,1.5,0.89,20250105233453
利物浦 vs 曼彻斯特联,2-2,0-0,金宝*,1.02,1.5,0.9,20250105232036
利物浦 vs 曼彻斯特联,2-2,0-0,金宝*,1.01,1.5,0.91,20250105232005
利物浦 vs 曼彻斯特联,2-2,0-0,金宝*,1.0,1.5,0.92,20250105231701
利物浦 vs 曼彻斯特联,2-2,0-0,金宝*,1.05,1.5,0.87,20250105230849
利物浦 vs 曼彻斯特联,2-2,0-0,金宝*,1.06,1.5,0.86,20250105225427
利物浦 vs 曼彻斯特联,2-2,0-0,金宝*,1.04,1.5,0.88,20250105225325
利物浦 vs 曼彻斯特联,2-2,0-0,金宝*,1.03,1.5,0.89,20250105224949
利物浦 vs 曼彻斯特联,2-2,0-0,金宝*,1.05,1.5,0.87,20250105223522
利物浦 vs 曼彻斯特联,2-2,0-0,金宝*,1.06,1.5,0.86,20250105222911
利物浦 vs 曼彻斯特联,2-2,0-0,金宝*,1.05,1.5,0.87,20250105222159
利物浦 vs 曼彻斯特联,2-2,0-0,金宝*,1.06,1.5,0.86,20250105221515
利物浦 vs 曼彻斯特联,2-2,0-0,金宝*,1.07,1.5,0.85,20250105221050
利物浦 vs 曼彻斯特联,2-2,0-0,金宝*,1.06,1.5,0.86,20250105214551
利物浦 vs 曼彻斯特联,2-2,0-0,金宝*,1.05,1.5,0.87,20250105213702
利物浦 vs 曼彻斯特联,2-2,0-0,金宝*,1.06,1.5,0.86,20250105211711
利物浦 vs 曼彻斯特联,2-2,0-0,金宝*,1.05,1.5,0.87,20250105205235
利物浦 vs 曼彻斯特联,2-2,0-0,金宝*,1.06,1.5,0.86,20250105204309
利物浦 vs 曼彻斯特联,2-2,0-0,金宝*,1.05,1.5,0.87,20250105204034
利物浦 vs 曼彻斯特联,2-2,0-0,金宝*,1.06,1.5,0.86,20250105201940
利物浦 vs 曼彻斯特联,2-2,0-0,金宝*,1.08,1.5,0.84,20250105201837
利物浦 vs 曼彻斯特联,2-2,0-0,金宝*,0.85,1.25,1.07,20250105193920
利物浦 vs 曼彻斯特联,2-2,0-0,金宝*,0.86,1.25,1.06,20250105193337
利物浦 vs 曼彻斯特联,2-2,0-0,金宝*,1.09,1.5,0.83,20250105193132
利物浦 vs 曼彻斯特联,2-2,0-0,金宝*,1.08,1.5,0.84,20250105192339
利物浦 vs 曼彻斯特联,2-2,0-0,金宝*,1.09,1.5,0.83,20250105190007
利物浦 vs 曼彻斯特联,2-2,0-0,金宝*,1.08,1.5,0.84,20250105185111
利物浦 vs 曼彻斯特联,2-2,0-0,金宝*,1.06,1.5,0.86,20250105184936
利物浦 vs 曼彻斯特联,2-2,0-0,金宝*,0.83,1.25,1.09,20250105184904
利物浦 vs 曼彻斯特联,2-2,0-0,金宝*,0.86,1.25,1.06,20250105184800
利物浦 vs 曼彻斯特联,2-2,0-0,金宝*,0.87,1.25,1.05,20250105184729
利物浦 vs 曼彻斯特联,2-2,0-0,金宝*,0.88,1.25,1.04,20250105184657
利物浦 vs 曼彻斯特联,2-2,0-0,金宝*,0.87,1.25,1.05,20250105184625
利物浦 vs 曼彻斯特联,2-2,0-0,金宝*,0.89,1.25,1.03,20250105184523
利物浦 vs 曼彻斯特联,2-2,0-0,金宝*,0.9,1.25,1.02,20250105184420
利物浦 vs 曼彻斯特联,2-2,0-0,金宝*,0.89,1.25,1.03,20250105184349
利物浦 vs 曼彻斯特联,2-2,0-0,金宝*,0.88,1.25,1.04,20250105184245
利物浦 vs 曼彻斯特联,2-2,0-0,金宝*,0.89,1.25,1.03,20250105183657
利物浦 vs 曼彻斯特联,2-2,0-0,金宝*,0.88,1.25,1.04,20250105182350
利物浦 vs 曼彻斯特联,2-2,0-0,金宝*,0.89,1.25,1.03,20250105181905
利物浦 vs 曼彻斯特联,2-2,0-0,金宝*,0.9,1.25,1.02,20250105175142
利物浦 vs 曼彻斯特联,2-2,0-0,金宝*,0.89,1.25,1.03,20250105172703
利物浦 vs 曼彻斯特联,2-2,0-0,金宝*,0.88,1.25,1.04,20250105172529
利物浦 vs 曼彻斯特联,2-2,0-0,金宝*,0.87,1.25,1.05,20250105172355
利物浦 vs 曼彻斯特联,2-2,0-0,金宝*,0.86,1.25,1.06,20250105165639
利物浦 vs 曼彻斯特联,2-2,0-0,金宝*,0.85,1.25,1.07,20250105165156
利物浦 vs 曼彻斯特联,2-2,0-0,金宝*,0.86,1.25,1.06,20250105161748
利物浦 vs 曼彻斯特联,2-2,0-0,金宝*,1.11,1.5,0.82,20250105161717
利物浦 vs 曼彻斯特联,2-2,0-0,金宝*,1.09,1.5,0.83,20250105151001
利物浦 vs 曼彻斯特联,2-2,0-0,金宝*,1.08,1.5,0.84,20250105150722
利物浦 vs 曼彻斯特联,2-2,0-0,金宝*,1.07,1.5,0.85,20250105150204
利物浦 vs 曼彻斯特联,2-2,0-0,金宝*,1.06,1.5,0.86,20250105150133
利物浦 vs 曼彻斯特联,2-2,0-0,金宝*,1.07,1.5,0.85,20250105143930
利物浦 vs 曼彻斯特联,2-2,0-0,金宝*,1.08,1.5,0.84,20250105143724
利物浦 vs 曼彻斯特联,2-2,0-0,金宝*,1.07,1.5,0.85,20250105143343
利物浦 vs 曼彻斯特联,2-2,0-0,金宝*,1.06,1.5,0.86,20250105143105
利物浦 vs 曼彻斯特联,2-2,0-0,金宝*,1.07,1.5,0.85,20250105142653
利物浦 vs 曼彻斯特联,2-2,0-0,金宝*,1.06,1.5,0.86,20250105141932
利物浦 vs 曼彻斯特联,2-2,0-0,金宝*,1.05,1.5,0.87,20250105141654
利物浦 vs 曼彻斯特联,2-2,0-0,金宝*,1.04,1.5,0.88,20250105140800
利物浦 vs 曼彻斯特联,2-2,0-0,金宝*,1.03,1.5,0.89,20250105135453
利物浦 vs 曼彻斯特联,2-2,0-0,金宝*,0.99,1.5,0.93,20250105135318
利物浦 vs 曼彻斯特联,2-2,0-0,金宝*,0.98,1.5,0.94,20250105135247
利物浦 vs 曼彻斯特联,2-2,0-0,金宝*,0.97,1.5,0.95,20250105124754
利物浦 vs 曼彻斯特联,2-2,0-0,金宝*,0.98,1.5,0.94,20250105122936
利物浦 vs 曼彻斯特联,2-2,0-0,金宝*,0.97,1.5,0.95,20250105122905
利物浦 vs 曼彻斯特联,2-2,0-0,金宝*,0.96,1.5,0.96,20250105122216
利物浦 vs 曼彻斯特联,2-2,0-0,金宝*,0.95,1.5,0.97,20250105122011
利物浦 vs 曼彻斯特联,2-2,0-0,金宝*,0.96,1.5,0.96,20250105121940
利物浦 vs 曼彻斯特联,2-2,0-0,金宝*,0.95,1.5,0.97,20250105121152
利物浦 vs 曼彻斯特联,2-2,0-0,金宝*,0.97,1.5,0.95,20250105121121
利物浦 vs 曼彻斯特联,2-2,0-0,金宝*,0.95,1.5,0.97,20250105120521
利物浦 vs 曼彻斯特联,2-2,0-0,金宝*,0.94,1.5,0.98,20250105113050
利物浦 vs 曼彻斯特联,2-2,0-0,金宝*,0.92,1.5,1.0,20250105103410
利物浦 vs 曼彻斯特联,2-2,0-0,金宝*,0.91,1.5,1.01,20250105100315
利物浦 vs 曼彻斯特联,2-2,0-0,金宝*,0.9,1.5,1.02,20250105075456
利物浦 vs 曼彻斯特联,2-2,0-0,金宝*,1.13,1.75,0.8,20250105075355
利物浦 vs 曼彻斯特联,2-2,0-0,金宝*,0.9,1.5,1.02,20250105072707
利物浦 vs 曼彻斯特联,2-2,0-0,金宝*,0.91,1.5,1.01,20250105072200
利物浦 vs 曼彻斯特联,2-2,0-0,金宝*,0.92,1.5,1.0,20250105065009
利物浦 vs 曼彻斯特联,2-2,0-0,金宝*,0.91,1.5,1.01,20250105053746
利物浦 vs 曼彻斯特联,2-2,0-0,金宝*,0.9,1.5,1.0,20250105033618
利物浦 vs 曼彻斯特联,2-2,0-0,金宝*,0.88,1.5,1.02,20250105032919
利物浦 vs 曼彻斯特联,2-2,0-0,金宝*,1.05,1.75,0.85,20250105032719
利物浦 vs 曼彻斯特联,2-2,0-0,金宝*,1.04,1.75,0.86,20250104134656
利物浦 vs 曼彻斯特联,2-2,0-0,金宝*,1.06,1.75,0.84,20250103222643
利物浦 vs 曼彻斯特联,2-2,0-0,金宝*,1.05,1.75,0.85,20250103222339
利物浦 vs 曼彻斯特联,2-2,0-0,金宝*,1.03,1.75,0.87,20250103213647
利物浦 vs 曼彻斯特联,2-2,0-0,金宝*,1.06,1.75,0.84,20250103213445
利物浦 vs 曼彻斯特联,2-2,0-0,金宝*,1.07,1.75,0.83,20250103203625
利物浦 vs 曼彻斯特联,2-2,0-0,金宝*,1.03,1.75,0.87,20250103180653
利物浦 vs 曼彻斯特联,2-2,0-0,金宝*,0.96,1.75,0.94,20250103180451
利物浦 vs 曼彻斯特联,2-2,0-0,金宝*,0.99,1.75,0.91,20250102195355
利物浦 vs 曼彻斯特联,2-2,0-0,金宝*,0.98,1.75,0.92,20250102195002
利物浦 vs 曼彻斯特联,2-2,0-0,金宝*,0.94,1.75,0.96,20250102041734
利物浦 vs 曼彻斯特联,2-2,0-0,金宝*,0.93,1.75,0.97,20250102003740
利物浦 vs 曼彻斯特联,2-2,0-0,金宝*,0.87,1.75,1.03,20250101210722
利物浦 vs 曼彻斯特联,2-2,0-0,金宝*,0.84,1.75,1.06,20250101140234
利物浦 vs 曼彻斯特联,2-2,0-0,金宝*,0.86,1.75,1.04,20250101140138
利物浦 vs 曼彻斯特联,2-2,0-0,金宝*,0.88,1.75,1.02,20250101121736
利物浦 vs 曼彻斯特联,2-2,0-0,金宝*,0.87,1.75,1.03,20250101121640
利物浦 vs 曼彻斯特联,2-2,0-0,金宝*,0.89,1.75,1.01,20250101121300
利物浦 vs 曼彻斯特联,2-2,0-0,金宝*,0.9,1.75,1.0,20250101121109
利物浦 vs 曼彻斯特联,2-2,0-0,金宝*,0.88,1.75,1.02,20250101114911
利物浦 vs 曼彻斯特联,2-2,0-0,金宝*,0.91,1.75,0.99,20250101081610
利物浦 vs 曼彻斯特联,2-2,0-0,金宝*,0.97,1.75,0.93,20250101010446
利物浦 vs 曼彻斯特联,2-2,0-0,金宝*,0.99,1.75,0.91,20250101010248
利物浦 vs 曼彻斯特联,2-2,0-0,金宝*,1.01,1.75,0.89,20241231215832
利物浦 vs 曼彻斯特联,2-2,0-0,金宝*,0.96,1.75,0.94,20241231203802
利物浦 vs 曼彻斯特联,2-2,0-0,金宝*,0.99,1.75,0.91,20241231091730
利物浦 vs 曼彻斯特联,2-2,0-0,金宝*,0.95,1.75,0.95,20241231071623
利物浦 vs 曼彻斯特联,2-2,0-0,金宝*,0.94,1.75,0.96,20241231061554
利物浦 vs 曼彻斯特联,2-2,0-0,金宝*,0.84,1.5,1.06,20241231021514
利物浦 vs 曼彻斯特联,2-2,0-0,金宝*,0.87,1.5,1.03,20241230170545
利物浦 vs 曼彻斯特联,2-2,0-0,金宝*,0.86,1.5,1.04,20241230170355
利物浦 vs 曼彻斯特联,2-2,0-0,金宝*,1.07,1.75,0.83,20241230164730
利物浦 vs 曼彻斯特联,2-2,0-0,金宝*,1.02,1.75,0.88,20241230100214
利物浦 vs 曼彻斯特联,2-2,0-0,金宝*,1.01,1.75,0.89,20241230095817
利物浦 vs 曼彻斯特联,2-2,0-0,金宝*,0.98,1.75,0.92,20241230040658
利物浦 vs 曼彻斯特联,2-2,0-0,金宝*,1.01,1.75,0.89,20241230040208
利物浦 vs 曼彻斯特联,2-2,0-0,金宝*,1.04,1.75,0.86,20241230040109
利物浦 vs 曼彻斯特联,2-2,0-0,金宝*,0.88,1.5,1.02,20241228135532
利物浦 vs 曼彻斯特联,2-2,0-0,金宝*,0.91,1.5,0.99,20241228122924
利物浦 vs 曼彻斯特联,2-2,0-0,金宝*,0.97,1.5,0.93,20241228122733
利物浦 vs 曼彻斯特联,2-2,0-0,金宝*,0.91,1.5,0.99,20241228011418
利物浦 vs 曼彻斯特联,2-2,0-0,金宝*,0.92,1.5,0.98,20241227222516
利物浦 vs 曼彻斯特联,2-2,0-0,金宝*,0.95,1.5,0.95,20241227222119
利物浦 vs 曼彻斯特联,2-2,0-0,12*,1.03,1.5,0.91,20250106002942
利物浦 vs 曼彻斯特联,2-2,0-0,12*,1.06,1.5,0.88,20250106002852
利物浦 vs 曼彻斯特联,2-2,0-0,12*,1.04,1.5,0.9,20250106002801
利物浦 vs 曼彻斯特联,2-2,0-0,12*,1.07,1.5,0.87,20250106001423
利物浦 vs 曼彻斯特联,2-2,0-0,12*,1.06,1.5,0.88,20250106001333
利物浦 vs 曼彻斯特联,2-2,0-0,12*,1.07,1.5,0.87,20250106001242
利物浦 vs 曼彻斯特联,2-2,0-0,12*,1.06,1.5,0.88,20250106001152
利物浦 vs 曼彻斯特联,2-2,0-0,12*,1.05,1.5,0.89,20250106001058
利物浦 vs 曼彻斯特联,2-2,0-0,12*,1.06,1.5,0.88,20250106000806
利物浦 vs 曼彻斯特联,2-2,0-0,12*,1.07,1.5,0.87,20250106000716
利物浦 vs 曼彻斯特联,2-2,0-0,12*,1.08,1.5,0.86,20250106000625
利物浦 vs 曼彻斯特联,2-2,0-0,12*,1.07,1.5,0.87,20250106000354
利物浦 vs 曼彻斯特联,2-2,0-0,12*,1.09,1.5,0.85,20250106000304
利物浦 vs 曼彻斯特联,2-2,0-0,12*,1.06,1.5,0.88,20250105235005
利物浦 vs 曼彻斯特联,2-2,0-0,12*,1.07,1.5,0.87,20250105234914
利物浦 vs 曼彻斯特联,2-2,0-0,12*,1.06,1.5,0.88,20250105234459
利物浦 vs 曼彻斯特联,2-2,0-0,12*,1.07,1.5,0.87,20250105234031
利物浦 vs 曼彻斯特联,2-2,0-0,12*,1.08,1.5,0.86,20250105233941
利物浦 vs 曼彻斯特联,2-2,0-0,12*,1.07,1.5,0.87,20250105233710
利物浦 vs 曼彻斯特联,2-2,0-0,12*,1.06,1.5,0.88,20250105232636
利物浦 vs 曼彻斯特联,2-2,0-0,12*,1.05,1.5,0.89,20250105232220
利物浦 vs 曼彻斯特联,2-2,0-0,12*,1.02,1.5,0.92,20250105231941
利物浦 vs 曼彻斯特联,2-2,0-0,12*,1.04,1.5,0.9,20250105231850
利物浦 vs 曼彻斯特联,2-2,0-0,12*,1.05,1.5,0.89,20250105231800
利物浦 vs 曼彻斯特联,2-2,0-0,12*,1.08,1.5,0.86,20250105225421
利物浦 vs 曼彻斯特联,2-2,0-0,12*,1.06,1.5,0.88,20250105225101
利物浦 vs 曼彻斯特联,2-2,0-0,12*,1.07,1.5,0.87,20250105223938
利物浦 vs 曼彻斯特联,2-2,0-0,12*,1.08,1.5,0.86,20250105223617
利物浦 vs 曼彻斯特联,2-2,0-0,12*,1.09,1.5,0.85,20250105223137
利物浦 vs 曼彻斯特联,2-2,0-0,12*,1.08,1.5,0.86,20250105222309
利物浦 vs 曼彻斯特联,2-2,0-0,12*,1.09,1.5,0.85,20250105221656
利物浦 vs 曼彻斯特联,2-2,0-0,12*,1.08,1.5,0.86,20250105211910
利物浦 vs 曼彻斯特联,2-2,0-0,12*,1.06,1.5,0.88,20250105211132
利物浦 vs 曼彻斯特联,2-2,0-0,12*,1.07,1.5,0.87,20250105210007
利物浦 vs 曼彻斯特联,2-2,0-0,12*,1.08,1.5,0.86,20250105205826
利物浦 vs 曼彻斯特联,2-2,0-0,12*,1.07,1.5,0.86,20250105204200
利物浦 vs 曼彻斯特联,2-2,0-0,12*,1.06,1.5,0.87,20250105204109
利物浦 vs 曼彻斯特联,2-2,0-0,12*,1.07,1.5,0.86,20250105203603
利物浦 vs 曼彻斯特联,2-2,0-0,12*,1.08,1.5,0.85,20250105202808
利物浦 vs 曼彻斯特联,2-2,0-0,12*,1.07,1.5,0.86,20250105202627
利物浦 vs 曼彻斯特联,2-2,0-0,12*,0.81,1.25,1.13,20250105202210
利物浦 vs 曼彻斯特联,2-2,0-0,12*,0.83,1.25,1.11,20250105201928
利物浦 vs 曼彻斯特联,2-2,0-0,12*,0.84,1.25,1.09,20250105193917
利物浦 vs 曼彻斯特联,2-2,0-0,12*,0.85,1.25,1.08,20250105193737
利物浦 vs 曼彻斯特联,2-2,0-0,12*,0.84,1.25,1.09,20250105190831
利物浦 vs 曼彻斯特联,2-2,0-0,12*,0.85,1.25,1.08,20250105185636
利物浦 vs 曼彻斯特联,2-2,0-0,12*,0.84,1.25,1.09,20250105185021
利物浦 vs 曼彻斯特联,2-2,0-0,12*,0.88,1.25,1.05,20250105184930
利物浦 vs 曼彻斯特联,2-2,0-0,12*,0.89,1.25,1.04,20250105184749
利物浦 vs 曼彻斯特联,2-2,0-0,12*,0.9,1.25,1.03,20250105184608
利物浦 vs 曼彻斯特联,2-2,0-0,12*,0.88,1.25,1.05,20250105182707
利物浦 vs 曼彻斯特联,2-2,0-0,12*,0.89,1.25,1.04,20250105181922
利物浦 vs 曼彻斯特联,2-2,0-0,12*,0.88,1.25,1.05,20250105181832
利物浦 vs 曼彻斯特联,2-2,0-0,12*,0.89,1.25,1.04,20250105181510
利物浦 vs 曼彻斯特联,2-2,0-0,12*,0.9,1.25,1.03,20250105175936
利物浦 vs 曼彻斯特联,2-2,0-0,12*,0.89,1.25,1.04,20250105174150
利物浦 vs 曼彻斯特联,2-2,0-0,12*,0.88,1.25,1.05,20250105172807
利物浦 vs 曼彻斯特联,2-2,0-0,12*,1.13,1.5,0.81,20250105172716
利物浦 vs 曼彻斯特联,2-2,0-0,12*,1.11,1.5,0.83,20250105172445
利物浦 vs 曼彻斯特联,2-2,0-0,12*,1.12,1.5,0.82,20250105172210
利物浦 vs 曼彻斯特联,2-2,0-0,12*,1.09,1.5,0.84,20250105171836
利物浦 vs 曼彻斯特联,2-2,0-0,12*,1.11,1.5,0.83,20250105164513
利物浦 vs 曼彻斯特联,2-2,0-0,12*,1.12,1.5,0.82,20250105163727
利物浦 vs 曼彻斯特联,2-2,0-0,12*,1.13,1.5,0.81,20250105162757
利物浦 vs 曼彻斯特联,2-2,0-0,12*,1.12,1.5,0.82,20250105162617
利物浦 vs 曼彻斯特联,2-2,0-0,12*,1.13,1.5,0.81,20250105161737
利物浦 vs 曼彻斯特联,2-2,0-0,12*,1.11,1.5,0.83,20250105151739
利物浦 vs 曼彻斯特联,2-2,0-0,12*,1.09,1.5,0.84,20250105151649
利物浦 vs 曼彻斯特联,2-2,0-0,12*,1.11,1.5,0.83,20250105151558
利物浦 vs 曼彻斯特联,2-2,0-0,12*,1.08,1.5,0.85,20250105150425
利物浦 vs 曼彻斯特联,2-2,0-0,12*,1.09,1.5,0.84,20250105150335
利物浦 vs 曼彻斯特联,2-2,0-0,12*,1.08,1.5,0.84,20250105145357
利物浦 vs 曼彻斯特联,2-2,0-0,12*,1.11,1.5,0.82,20250105145307
利物浦 vs 曼彻斯特联,2-2,0-0,12*,1.06,1.5,0.86,20250105143415
利物浦 vs 曼彻斯特联,2-2,0-0,12*,1.04,1.5,0.88,20250105143321
利物浦 vs 曼彻斯特联,2-2,0-0,12*,1.02,1.5,0.9,20250105135944
利物浦 vs 曼彻斯特联,2-2,0-0,12*,0.97,1.5,0.95,20250105132134
利物浦 vs 曼彻斯特联,2-2,0-0,12*,0.96,1.5,0.96,20250105123032
利物浦 vs 曼彻斯特联,2-2,0-0,12*,0.98,1.5,0.94,20250105122941
利物浦 vs 曼彻斯特联,2-2,0-0,12*,0.96,1.5,0.96,20250105122529
利物浦 vs 曼彻斯特联,2-2,0-0,12*,0.95,1.5,0.97,20250105122204
利物浦 vs 曼彻斯特联,2-2,0-0,12*,0.94,1.5,0.98,20250105121502
利物浦 vs 曼彻斯特联,2-2,0-0,12*,0.95,1.5,0.97,20250105121412
利物浦 vs 曼彻斯特联,2-2,0-0,12*,0.96,1.5,0.96,20250105121321
利物浦 vs 曼彻斯特联,2-2,0-0,12*,0.95,1.5,0.97,20250105120426
利物浦 vs 曼彻斯特联,2-2,0-0,12*,0.94,1.5,0.98,20250105120336
利物浦 vs 曼彻斯特联,2-2,0-0,12*,0.93,1.5,0.97,20250105120155
利物浦 vs 曼彻斯特联,2-2,0-0,12*,0.92,1.5,0.98,20250105120104
利物浦 vs 曼彻斯特联,2-2,0-0,12*,0.91,1.5,0.99,20250105114540
利物浦 vs 曼彻斯特联,2-2,0-0,12*,0.92,1.5,0.98,20250105113239
利物浦 vs 曼彻斯特联,2-2,0-0,12*,0.91,1.5,0.99,20250105110818
利物浦 vs 曼彻斯特联,2-2,0-0,12*,0.9,1.5,1.0,20250105110727
利物浦 vs 曼彻斯特联,2-2,0-0,12*,0.89,1.5,1.01,20250105110134
利物浦 vs 曼彻斯特联,2-2,0-0,12*,1.13,1.75,0.78,20250105093433
利物浦 vs 曼彻斯特联,2-2,0-0,12*,1.12,1.75,0.79,20250105062912
利物浦 vs 曼彻斯特联,2-2,0-0,12*,1.13,1.75,0.78,20250105033216
利物浦 vs 曼彻斯特联,2-2,0-0,12*,1.11,1.75,0.8,20250105032748
利物浦 vs 曼彻斯特联,2-2,0-0,12*,1.03,1.75,0.87,20250105023531
利物浦 vs 曼彻斯特联,2-2,0-0,12*,1.0,1.75,0.9,20250105012233
利物浦 vs 曼彻斯特联,2-2,0-0,12*,1.01,1.75,0.89,20250105010317
利物浦 vs 曼彻斯特联,2-2,0-0,12*,1.02,1.75,0.88,20250105005811
利物浦 vs 曼彻斯特联,2-2,0-0,12*,1.01,1.75,0.89,20250104232901
利物浦 vs 曼彻斯特联,2-2,0-0,12*,0.99,1.75,0.91,20250104204944
利物浦 vs 曼彻斯特联,2-2,0-0,12*,1.0,1.75,0.9,20250104204804
利物浦 vs 曼彻斯特联,2-2,0-0,12*,1.01,1.75,0.89,20250104202528
利物浦 vs 曼彻斯特联,2-2,0-0,12*,1.03,1.75,0.87,20250104201425
利物浦 vs 曼彻斯特联,2-2,0-0,12*,1.0,1.75,0.9,20250104171529
利物浦 vs 曼彻斯特联,2-2,0-0,12*,1.01,1.75,0.89,20250104130417
利物浦 vs 曼彻斯特联,2-2,0-0,12*,0.99,1.75,0.89,20250104120221
利物浦 vs 曼彻斯特联,2-2,0-0,12*,1.01,1.75,0.87,20250104063029
利物浦 vs 曼彻斯特联,2-2,0-0,12*,1.02,1.75,0.86,20250104061905
利物浦 vs 曼彻斯特联,2-2,0-0,12*,1.04,1.75,0.84,20250104052209
利物浦 vs 曼彻斯特联,2-2,0-0,12*,1.05,1.75,0.83,20250104030456
利物浦 vs 曼彻斯特联,2-2,0-0,12*,1.02,1.75,0.86,20250104010304
利物浦 vs 曼彻斯特联,2-2,0-0,12*,1.03,1.75,0.85,20250104002337
利物浦 vs 曼彻斯特联,2-2,0-0,12*,1.06,1.75,0.82,20250103231302
利物浦 vs 曼彻斯特联,2-2,0-0,12*,1.08,1.75,0.8,20250103222521
利物浦 vs 曼彻斯特联,2-2,0-0,12*,1.05,1.75,0.83,20250103222340
利物浦 vs 曼彻斯特联,2-2,0-0,12*,1.03,1.75,0.85,20250103221836
利物浦 vs 曼彻斯特联,2-2,0-0,12*,1.02,1.75,0.86,20250103215248
利物浦 vs 曼彻斯特联,2-2,0-0,12*,1.01,1.75,0.87,20250103213705
利物浦 vs 曼彻斯特联,2-2,0-0,12*,1.0,1.75,0.88,20250103213344
利物浦 vs 曼彻斯特联,2-2,0-0,12*,1.04,1.75,0.84,20250103202932
利物浦 vs 曼彻斯特联,2-2,0-0,12*,1.02,1.75,0.86,20250103184315
利物浦 vs 曼彻斯特联,2-2,0-0,12*,1.03,1.75,0.85,20250103173545
利物浦 vs 曼彻斯特联,2-2,0-0,12*,1.01,1.75,0.87,20250103131445
利物浦 vs 曼彻斯特联,2-2,0-0,12*,1.02,1.75,0.86,20250103120810
利物浦 vs 曼彻斯特联,2-2,0-0,12*,1.03,1.75,0.85,20250103085230
利物浦 vs 曼彻斯特联,2-2,0-0,12*,1.02,1.75,0.86,20250102230710
利物浦 vs 曼彻斯特联,2-2,0-0,12*,1.01,1.75,0.87,20250102214052
利物浦 vs 曼彻斯特联,2-2,0-0,12*,0.99,1.75,0.89,20250102204215
利物浦 vs 曼彻斯特联,2-2,0-0,12*,1.0,1.75,0.88,20250102202733
利物浦 vs 曼彻斯特联,2-2,0-0,12*,0.97,1.75,0.91,20250102194923
利物浦 vs 曼彻斯特联,2-2,0-0,12*,0.92,1.75,0.96,20250102164050
利物浦 vs 曼彻斯特联,2-2,0-0,12*,0.93,1.75,0.95,20250102120416
利物浦 vs 曼彻斯特联,2-2,0-0,12*,0.9,1.75,0.98,20250102070706
利物浦 vs 曼彻斯特联,2-2,0-0,12*,0.89,1.75,0.99,20250102010841
利物浦 vs 曼彻斯特联,2-2,0-0,12*,0.88,1.75,1.0,20250102003831
利物浦 vs 曼彻斯特联,2-2,0-0,12*,0.82,1.75,1.06,20250101222552
利物浦 vs 曼彻斯特联,2-2,0-0,12*,0.66,1.5,1.28,20250101213625
利物浦 vs 曼彻斯特联,2-2,0-0,12*,0.65,1.5,1.29,20250101211640
利物浦 vs 曼彻斯特联,2-2,0-0,12*,0.64,1.5,1.31,20250101140420
利物浦 vs 曼彻斯特联,2-2,0-0,12*,0.63,1.5,1.33,20250101140240
利物浦 vs 曼彻斯特联,2-2,0-0,12*,0.62,1.5,1.35,20250101140059
利物浦 vs 曼彻斯特联,2-2,0-0,12*,0.67,1.5,1.26,20250101121810
利物浦 vs 曼彻斯特联,2-2,0-0,12*,0.65,1.5,1.29,20250101121626
利物浦 vs 曼彻斯特联,2-2,0-0,12*,0.68,1.5,1.25,20250101082116
利物浦 vs 曼彻斯特联,2-2,0-0,12*,0.67,1.5,1.26,20250101081934
利物浦 vs 曼彻斯特联,2-2,0-0,12*,0.66,1.5,1.28,20250101081756
利物浦 vs 曼彻斯特联,2-2,0-0,12*,0.7,1.5,1.21,20250101081501
利物浦 vs 曼彻斯特联,2-2,0-0,12*,0.76,1.5,1.13,20250101014721
利物浦 vs 曼彻斯特联,2-2,0-0,12*,0.77,1.5,1.12,20250101012457
利物浦 vs 曼彻斯特联,2-2,0-0,12*,0.76,1.5,1.13,20250101010845
利物浦 vs 曼彻斯特联,2-2,0-0,12*,0.75,1.5,1.14,20250101010705
利物浦 vs 曼彻斯特联,2-2,0-0,12*,0.73,1.5,1.17,20250101010520
利物浦 vs 曼彻斯特联,2-2,0-0,12*,0.74,1.5,1.16,20250101010223
利物浦 vs 曼彻斯特联,2-2,0-0,12*,0.76,1.5,1.13,20241231235742
利物浦 vs 曼彻斯特联,2-2,0-0,12*,0.77,1.5,1.12,20241231220030
利物浦 vs 曼彻斯特联,2-2,0-0,12*,0.78,1.5,1.11,20241231215850
利物浦 vs 曼彻斯特联,2-2,0-0,12*,0.75,1.5,1.14,20241231215709
利物浦 vs 曼彻斯特联,2-2,0-0,12*,0.73,1.5,1.17,20241231203033
利物浦 vs 曼彻斯特联,2-2,0-0,12*,0.74,1.5,1.16,20241231201228
利物浦 vs 曼彻斯特联,2-2,0-0,12*,0.75,1.5,1.14,20241231194517
利物浦 vs 曼彻斯特联,2-2,0-0,12*,0.77,1.5,1.12,20241231173252
利物浦 vs 曼彻斯特联,2-2,0-0,12*,0.81,1.5,1.07,20241231172932
利物浦 vs 曼彻斯特联,2-2,0-0,12*,0.8,1.5,1.08,20241231133436
利物浦 vs 曼彻斯特联,2-2,0-0,12*,0.76,1.5,1.13,20241231081506
利物浦 vs 曼彻斯特联,2-2,0-0,12*,0.74,1.5,1.16,20241231071122
利物浦 vs 曼彻斯特联,2-2,0-0,12*,0.73,1.5,1.17,20241231062545
利物浦 vs 曼彻斯特联,2-2,0-0,12*,0.72,1.5,1.19,20241231062405
利物浦 vs 曼彻斯特联,2-2,0-0,12*,0.74,1.5,1.16,20241231061559
利物浦 vs 曼彻斯特联,2-2,0-0,12*,0.76,1.5,1.13,20241231060310
利物浦 vs 曼彻斯特联,2-2,0-0,12*,0.83,1.5,1.05,20241230191419
利物浦 vs 曼彻斯特联,2-2,0-0,12*,0.82,1.5,1.06,20241230133808
利物浦 vs 曼彻斯特联,2-2,0-0,12*,0.83,1.5,1.05,20241230101155
利物浦 vs 曼彻斯特联,2-2,0-0,12*,0.8,1.5,1.08,20241230070233
利物浦 vs 曼彻斯特联,2-2,0-0,12*,0.79,1.5,1.09,20241230060643
利物浦 vs 曼彻斯特联,2-2,0-0,12*,0.81,1.5,1.07,20241230042014
利物浦 vs 曼彻斯特联,2-2,0-0,12*,0.86,1.5,1.02,20241228065729
利物浦 vs 曼彻斯特联,2-2,0-0,12*,0.87,1.5,1.01,20241228002341
利物浦 vs 曼彻斯特联,2-2,0-0,12*,0.88,1.5,1.0,20241227230607
利物浦 vs 曼彻斯特联,2-2,0-0,12*,0.87,1.5,1.01,20241227222529
利物浦 vs 曼彻斯特联,2-2,0-0,12*,0.86,1.5,1.02,20241227212025
利物浦 vs 曼彻斯特联,2-2,0-0,12*,0.6,1.25,1.38,20241227210512
利物浦 vs 曼彻斯特联,2-2,0-0,12*,0.67,1.25,1.26,20241227205352
利物浦 vs 曼彻斯特联,2-2,0-0,12*,0.71,1.25,1.2,20241227201206
利物浦 vs 曼彻斯特联,2-2,0-0,12*,0.75,1.25,1.14,20241227154012
利物浦 vs 曼彻斯特联,2-2,0-0,12*,0.79,1.25,1.09,20241227062823
利物浦 vs 曼彻斯特联,2-2,0-0,利*,1.02,1.5,0.92,20250106002916
利物浦 vs 曼彻斯特联,2-2,0-0,利*,1.03,1.5,0.91,20250106002752
利物浦 vs 曼彻斯特联,2-2,0-0,利*,1.04,1.5,0.9,20250106002405
利物浦 vs 曼彻斯特联,2-2,0-0,利*,1.03,1.5,0.91,20250106002251
利物浦 vs 曼彻斯特联,2-2,0-0,利*,1.04,1.5,0.9,20250106000903
利物浦 vs 曼彻斯特联,2-2,0-0,利*,1.05,1.5,0.89,20250106000744
利物浦 vs 曼彻斯特联,2-2,0-0,利*,1.07,1.5,0.87,20250106000626
利物浦 vs 曼彻斯特联,2-2,0-0,利*,1.06,1.5,0.88,20250106000507
利物浦 vs 曼彻斯特联,2-2,0-0,利*,1.07,1.5,0.87,20250106000352
利物浦 vs 曼彻斯特联,2-2,0-0,利*,1.04,1.5,0.9,20250106000118
利物浦 vs 曼彻斯特联,2-2,0-0,利*,1.05,1.5,0.89,20250105234855
利物浦 vs 曼彻斯特联,2-2,0-0,利*,1.04,1.5,0.9,20250105234349
利物浦 vs 曼彻斯特联,2-2,0-0,利*,1.05,1.5,0.89,20250105234117
利物浦 vs 曼彻斯特联,2-2,0-0,利*,1.06,1.5,0.88,20250105233956
利物浦 vs 曼彻斯特联,2-2,0-0,利*,1.05,1.5,0.89,20250105233714
利物浦 vs 曼彻斯特联,2-2,0-0,利*,1.04,1.5,0.9,20250105233559
利物浦 vs 曼彻斯特联,2-2,0-0,利*,1.03,1.5,0.91,20250105232927
利物浦 vs 曼彻斯特联,2-2,0-0,利*,1.04,1.5,0.9,20250105232659
利物浦 vs 曼彻斯特联,2-2,0-0,利*,1.05,1.5,0.89,20250105232542
利物浦 vs 曼彻斯特联,2-2,0-0,利*,1.04,1.5,0.9,20250105232423
利物浦 vs 曼彻斯特联,2-2,0-0,利*,1.03,1.5,0.91,20250105232312
利物浦 vs 曼彻斯特联,2-2,0-0,利*,1.02,1.5,0.92,20250105231753
利物浦 vs 曼彻斯特联,2-2,0-0,利*,1.07,1.5,0.87,20250105231631
利物浦 vs 曼彻斯特联,2-2,0-0,利*,1.06,1.5,0.88,20250105231350
利物浦 vs 曼彻斯特联,2-2,0-0,利*,1.07,1.5,0.87,20250105230426
利物浦 vs 曼彻斯特联,2-2,0-0,利*,1.05,1.5,0.89,20250105225440
利物浦 vs 曼彻斯特联,2-2,0-0,利*,1.04,1.5,0.9,20250105225312
利物浦 vs 曼彻斯特联,2-2,0-0,利*,1.06,1.5,0.88,20250105224245
利物浦 vs 曼彻斯特联,2-2,0-0,利*,1.05,1.5,0.89,20250105223513
利物浦 vs 曼彻斯特联,2-2,0-0,利*,1.06,1.5,0.88,20250105223343
利物浦 vs 曼彻斯特联,2-2,0-0,利*,1.04,1.5,0.9,20250105223213
利物浦 vs 曼彻斯特联,2-2,0-0,利*,1.06,1.5,0.88,20250105222145
利物浦 vs 曼彻斯特联,2-2,0-0,利*,1.07,1.5,0.87,20250105221840
利物浦 vs 曼彻斯特联,2-2,0-0,利*,1.06,1.5,0.88,20250105213928
利物浦 vs 曼彻斯特联,2-2,0-0,利*,1.05,1.5,0.89,20250105213323
利物浦 vs 曼彻斯特联,2-2,0-0,利*,1.04,1.5,0.9,20250105213154
利物浦 vs 曼彻斯特联,2-2,0-0,利*,1.06,1.5,0.88,20250105212253
利物浦 vs 曼彻斯特联,2-2,0-0,利*,1.07,1.5,0.87,20250105212112
利物浦 vs 曼彻斯特联,2-2,0-0,利*,1.06,1.5,0.88,20250105211942
利物浦 vs 曼彻斯特联,2-2,0-0,利*,1.05,1.5,0.89,20250105211155
利物浦 vs 曼彻斯特联,2-2,0-0,利*,1.04,1.5,0.9,20250105211016
利物浦 vs 曼彻斯特联,2-2,0-0,利*,1.05,1.5,0.89,20250105210052
利物浦 vs 曼彻斯特联,2-2,0-0,利*,1.06,1.5,0.88,20250105205911
利物浦 vs 曼彻斯特联,2-2,0-0,利*,1.05,1.5,0.88,20250105204937
利物浦 vs 曼彻斯特联,2-2,0-0,利*,1.06,1.5,0.87,20250105204753
利物浦 vs 曼彻斯特联,2-2,0-0,利*,1.05,1.5,0.88,20250105203610
利物浦 vs 曼彻斯特联,2-2,0-0,利*,1.04,1.5,0.89,20250105203433
利物浦 vs 曼彻斯特联,2-2,0-0,利*,1.06,1.5,0.87,20250105202601
利物浦 vs 曼彻斯特联,2-2,0-0,利*,1.07,1.5,0.86,20250105202429
利物浦 vs 曼彻斯特联,2-2,0-0,利*,1.08,1.5,0.85,20250105194800
利物浦 vs 曼彻斯特联,2-2,0-0,利*,0.83,1.25,1.11,20250105194617
利物浦 vs 曼彻斯特联,2-2,0-0,利*,1.11,1.5,0.83,20250105193950
利物浦 vs 曼彻斯特联,2-2,0-0,利*,1.12,1.5,0.82,20250105193752
利物浦 vs 曼彻斯特联,2-2,0-0,利*,1.11,1.5,0.83,20250105193606
利物浦 vs 曼彻斯特联,2-2,0-0,利*,1.09,1.5,0.84,20250105191421
利物浦 vs 曼彻斯特联,2-2,0-0,利*,1.11,1.5,0.83,20250105190756
利物浦 vs 曼彻斯特联,2-2,0-0,利*,1.09,1.5,0.84,20250105190142
利物浦 vs 曼彻斯特联,2-2,0-0,利*,1.08,1.5,0.85,20250105185017
利物浦 vs 曼彻斯特联,2-2,0-0,利*,0.88,1.25,1.05,20250105184718
利物浦 vs 曼彻斯特联,2-2,0-0,利*,0.9,1.25,1.03,20250105184544
利物浦 vs 曼彻斯特联,2-2,0-0,利*,0.87,1.25,1.06,20250105183144
利物浦 vs 曼彻斯特联,2-2,0-0,利*,0.88,1.25,1.05,20250105175240
利物浦 vs 曼彻斯特联,2-2,0-0,利*,0.87,1.25,1.06,20250105173029
利物浦 vs 曼彻斯特联,2-2,0-0,利*,0.88,1.25,1.05,20250105172904
利物浦 vs 曼彻斯特联,2-2,0-0,利*,0.85,1.25,1.08,20250105172610
利物浦 vs 曼彻斯特联,2-2,0-0,利*,1.09,1.5,0.84,20250105165348
利物浦 vs 曼彻斯特联,2-2,0-0,利*,0.84,1.25,1.09,20250105164756
利物浦 vs 曼彻斯特联,2-2,0-0,利*,1.09,1.5,0.84,20250105163816
利物浦 vs 曼彻斯特联,2-2,0-0,利*,0.84,1.25,1.09,20250105163646
利物浦 vs 曼彻斯特联,2-2,0-0,利*,1.11,1.5,0.83,20250105162512
利物浦 vs 曼彻斯特联,2-2,0-0,利*,0.81,1.25,1.13,20250105162340
利物浦 vs 曼彻斯特联,2-2,0-0,利*,0.84,1.25,1.09,20250105162211
利物浦 vs 曼彻斯特联,2-2,0-0,利*,0.86,1.25,1.07,20250105161921
利物浦 vs 曼彻斯特联,2-2,0-0,利*,0.82,1.25,1.12,20250105161453
利物浦 vs 曼彻斯特联,2-2,0-0,利*,1.12,1.5,0.82,20250105161330
利物浦 vs 曼彻斯特联,2-2,0-0,利*,0.82,1.25,1.12,20250105160910
利物浦 vs 曼彻斯特联,2-2,0-0,利*,0.84,1.25,1.09,20250105153749
利物浦 vs 曼彻斯特联,2-2,0-0,利*,0.85,1.25,1.08,20250105153504
利物浦 vs 曼彻斯特联,2-2,0-0,利*,1.11,1.5,0.83,20250105152517
利物浦 vs 曼彻斯特联,2-2,0-0,利*,1.09,1.5,0.84,20250105152231
利物浦 vs 曼彻斯特联,2-2,0-0,利*,0.83,1.25,1.11,20250105151810
利物浦 vs 曼彻斯特联,2-2,0-0,利*,1.12,1.5,0.82,20250105151648
利物浦 vs 曼彻斯特联,2-2,0-0,利*,1.11,1.5,0.83,20250105151530
利物浦 vs 曼彻斯特联,2-2,0-0,利*,1.08,1.5,0.85,20250105150042
利物浦 vs 曼彻斯特联,2-2,0-0,利*,1.07,1.5,0.85,20250105145501
利物浦 vs 曼彻斯特联,2-2,0-0,利*,1.05,1.5,0.87,20250105141828
利物浦 vs 曼彻斯特联,2-2,0-0,利*,1.0,1.5,0.92,20250105141016
利物浦 vs 曼彻斯特联,2-2,0-0,利*,1.04,1.5,0.88,20250105135858
利物浦 vs 曼彻斯特联,2-2,0-0,利*,1.02,1.5,0.9,20250105135613
利物浦 vs 曼彻斯特联,2-2,0-0,利*,1.0,1.5,0.92,20250105135455
利物浦 vs 曼彻斯特联,2-2,0-0,利*,0.95,1.5,0.97,20250105133452
利物浦 vs 曼彻斯特联,2-2,0-0,利*,0.96,1.5,0.96,20250105132927
利物浦 vs 曼彻斯特联,2-2,0-0,利*,0.94,1.5,0.98,20250105131621
利物浦 vs 曼彻斯特联,2-2,0-0,利*,0.97,1.5,0.95,20250105123746
利物浦 vs 曼彻斯特联,2-2,0-0,利*,0.96,1.5,0.96,20250105120631
利物浦 vs 曼彻斯特联,2-2,0-0,利*,0.94,1.5,0.96,20250105113022
利物浦 vs 曼彻斯特联,2-2,0-0,利*,0.89,1.5,1.01,20250105104942
利物浦 vs 曼彻斯特联,2-2,0-0,利*,0.92,1.5,0.98,20250105102717
利物浦 vs 曼彻斯特联,2-2,0-0,利*,0.9,1.5,1.0,20250105091906
利物浦 vs 曼彻斯特联,2-2,0-0,利*,0.91,1.5,0.99,20250105091757
利物浦 vs 曼彻斯特联,2-2,0-0,利*,0.9,1.5,1.0,20250105081008
利物浦 vs 曼彻斯特联,2-2,0-0,利*,0.87,1.5,1.03,20250105071941
利物浦 vs 曼彻斯特联,2-2,0-0,利*,0.84,1.5,1.06,20250105062559
利物浦 vs 曼彻斯特联,2-2,0-0,利*,0.86,1.5,1.04,20250105044339
利物浦 vs 曼彻斯特联,2-2,0-0,利*,0.85,1.5,1.05,20250105035251
利物浦 vs 曼彻斯特联,2-2,0-0,利*,0.84,1.5,1.06,20250105035147
利物浦 vs 曼彻斯特联,2-2,0-0,利*,0.86,1.5,1.04,20250105034432
利物浦 vs 曼彻斯特联,2-2,0-0,利*,0.87,1.5,1.03,20250105032807
利物浦 vs 曼彻斯特联,2-2,0-0,利*,1.05,1.75,0.85,20250104171530
利物浦 vs 曼彻斯特联,2-2,0-0,利*,1.07,1.75,0.83,20250103222349
利物浦 vs 曼彻斯特联,2-2,0-0,利*,1.03,1.75,0.87,20250103202758
利物浦 vs 曼彻斯特联,2-2,0-0,利*,0.98,1.75,0.92,20250103120031
利物浦 vs 曼彻斯特联,2-2,0-0,利*,1.01,1.75,0.89,20250103085311
利物浦 vs 曼彻斯特联,2-2,0-0,利*,0.98,1.75,0.92,20250102230644
利物浦 vs 曼彻斯特联,2-2,0-0,利*,0.97,1.75,0.93,20250102214223
利物浦 vs 曼彻斯特联,2-2,0-0,利*,0.92,1.75,0.98,20250102164015
利物浦 vs 曼彻斯特联,2-2,0-0,利*,0.93,1.75,0.97,20250102120554
利物浦 vs 曼彻斯特联,2-2,0-0,利*,0.88,1.75,1.02,20250102010800
利物浦 vs 曼彻斯特联,2-2,0-0,利*,0.85,1.75,1.05,20250102003841
利物浦 vs 曼彻斯特联,2-2,0-0,利*,0.82,1.75,1.08,20250101184241
利物浦 vs 曼彻斯特联,2-2,0-0,利*,0.86,1.75,1.04,20250101164829
利物浦 vs 曼彻斯特联,2-2,0-0,利*,0.81,1.75,1.09,20250101160830
利物浦 vs 曼彻斯特联,2-2,0-0,利*,0.82,1.75,1.08,20250101140248
利物浦 vs 曼彻斯特联,2-2,0-0,利*,0.84,1.75,1.06,20250101140034
利物浦 vs 曼彻斯特联,2-2,0-0,利*,0.86,1.75,1.04,20250101121801
利物浦 vs 曼彻斯特联,2-2,0-0,利*,0.88,1.75,1.02,20250101121541
利物浦 vs 曼彻斯特联,2-2,0-0,利*,0.9,1.75,1.0,20250101081741
利物浦 vs 曼彻斯特联,2-2,0-0,利*,0.94,1.75,0.96,20250101071708
利物浦 vs 曼彻斯特联,2-2,0-0,利*,0.95,1.75,0.95,20250101010647
利物浦 vs 曼彻斯特联,2-2,0-0,利*,0.98,1.75,0.92,20241231061703
利物浦 vs 曼彻斯特联,2-2,0-0,利*,0.99,1.75,0.91,20241231061455
利物浦 vs 曼彻斯特联,2-2,0-0,利*,1.0,1.75,0.9,20241231061039
利物浦 vs 曼彻斯特联,2-2,0-0,利*,1.03,1.75,0.87,20241231043825
利物浦 vs 曼彻斯特联,2-2,0-0,利*,1.07,1.75,0.83,20241230100903
利物浦 vs 曼彻斯特联,2-2,0-0,利*,0.82,1.5,1.08,20241230060747
利物浦 vs 曼彻斯特联,2-2,0-0,利*,0.86,1.5,1.04,20241230022252
利物浦 vs 曼彻斯特联,2-2,0-0,利*,0.88,1.5,1.02,20241228065804
利物浦 vs 曼彻斯特联,2-2,0-0,利*,0.91,1.5,0.99,20241228002349
利物浦 vs 曼彻斯特联,2-2,0-0,利*,0.92,1.5,0.98,20241227210655
利物浦 vs 曼彻斯特联,2-2,0-0,利*,0.91,1.5,0.99,20241227210439
利物浦 vs 曼彻斯特联,2-2,0-0,利*,0.94,1.5,0.96,20241227100217
利物浦 vs 曼彻斯特联,2-2,0-0,利*,0.97,1.5,0.93,20241227061818
利物浦 vs 曼彻斯特联,2-2,0-0,利*,0.99,1.5,0.91,20241227050605
利物浦 vs 曼彻斯特联,2-2,0-0,利*,0.96,1.5,0.94,20241227050328
利物浦 vs 曼彻斯特联,2-2,0-0,利*,0.85,1.5,1.05,20241227034119
利物浦 vs 曼彻斯特联,2-2,0-0,盈*,1.04,1.5,0.88,20250106002927
利物浦 vs 曼彻斯特联,2-2,0-0,盈*,1.02,1.5,0.9,20250106002840
利物浦 vs 曼彻斯特联,2-2,0-0,盈*,1.03,1.5,0.89,20250106002706
利物浦 vs 曼彻斯特联,2-2,0-0,盈*,1.06,1.5,0.86,20250106001356
利物浦 vs 曼彻斯特联,2-2,0-0,盈*,1.05,1.5,0.87,20250106001308
利物浦 vs 曼彻斯特联,2-2,0-0,盈*,1.06,1.5,0.86,20250106001221
利物浦 vs 曼彻斯特联,2-2,0-0,盈*,1.05,1.5,0.87,20250106001048
利物浦 vs 曼彻斯特联,2-2,0-0,盈*,1.04,1.5,0.88,20250106001002
利物浦 vs 曼彻斯特联,2-2,0-0,盈*,1.05,1.5,0.87,20250106000737
利物浦 vs 曼彻斯特联,2-2,0-0,盈*,1.06,1.5,0.86,20250106000649
利物浦 vs 曼彻斯特联,2-2,0-0,盈*,1.07,1.5,0.85,20250106000600
利物浦 vs 曼彻斯特联,2-2,0-0,盈*,1.06,1.5,0.86,20250106000338
利物浦 vs 曼彻斯特联,2-2,0-0,盈*,1.05,1.5,0.87,20250105234240
利物浦 vs 曼彻斯特联,2-2,0-0,盈*,1.06,1.5,0.86,20250105234045
利物浦 vs 曼彻斯特联,2-2,0-0,盈*,1.07,1.5,0.85,20250105233947
利物浦 vs 曼彻斯特联,2-2,0-0,盈*,1.06,1.5,0.86,20250105233850
利物浦 vs 曼彻斯特联,2-2,0-0,盈*,1.04,1.5,0.88,20250105232149
利物浦 vs 曼彻斯特联,2-2,0-0,盈*,1.03,1.5,0.89,20250105231955
利物浦 vs 曼彻斯特联,2-2,0-0,盈*,1.02,1.5,0.9,20250105231857
利物浦 vs 曼彻斯特联,2-2,0-0,盈*,1.04,1.5,0.88,20250105231800
利物浦 vs 曼彻斯特联,2-2,0-0,盈*,1.07,1.5,0.85,20250105225622
利物浦 vs 曼彻斯特联,2-2,0-0,盈*,1.05,1.5,0.87,20250105225143
利物浦 vs 曼彻斯特联,2-2,0-0,盈*,1.06,1.5,0.86,20250105223709
利物浦 vs 曼彻斯特联,2-2,0-0,盈*,0.86,1.25,1.06,20250105221628
利物浦 vs 曼彻斯特联,2-2,0-0,盈*,1.07,1.5,0.85,20250105213331
利物浦 vs 曼彻斯特联,2-2,0-0,盈*,1.06,1.5,0.86,20250105210549
利物浦 vs 曼彻斯特联,2-2,0-0,盈*,1.07,1.5,0.85,20250105204638
利物浦 vs 曼彻斯特联,2-2,0-0,盈*,1.06,1.5,0.86,20250105202351
利物浦 vs 曼彻斯特联,2-2,0-0,盈*,0.85,1.25,1.07,20250105200204
利物浦 vs 曼彻斯特联,2-2,0-0,盈*,1.06,1.5,0.86,20250105193827
利物浦 vs 曼彻斯特联,2-2,0-0,盈*,0.87,1.25,1.05,20250105193658
利物浦 vs 曼彻斯特联,2-2,0-0,盈*,1.06,1.5,0.86,20250105190320
利物浦 vs 曼彻斯特联,2-2,0-0,盈*,1.07,1.5,0.85,20250105185621
利物浦 vs 曼彻斯特联,2-2,0-0,盈*,0.86,1.25,1.06,20250105185038
利物浦 vs 曼彻斯特联,2-2,0-0,盈*,0.87,1.25,1.05,20250105184700
利物浦 vs 曼彻斯特联,2-2,0-0,盈*,0.9,1.25,1.02,20250105184450
利物浦 vs 曼彻斯特联,2-2,0-0,盈*,0.89,1.25,1.03,20250105175746
利物浦 vs 曼彻斯特联,2-2,0-0,盈*,0.87,1.25,1.05,20250105172806
利物浦 vs 曼彻斯特联,2-2,0-0,盈*,0.85,1.25,1.07,20250105172129
利物浦 vs 曼彻斯特联,2-2,0-0,盈*,0.86,1.25,1.06,20250105171812
利物浦 vs 曼彻斯特联,2-2,0-0,盈*,0.87,1.25,1.05,20250105165454
利物浦 vs 曼彻斯特联,2-2,0-0,盈*,1.06,1.5,0.86,20250105164501
利物浦 vs 曼彻斯特联,2-2,0-0,盈*,1.05,1.5,0.87,20250105163333
利物浦 vs 曼彻斯特联,2-2,0-0,盈*,1.04,1.5,0.86,20250105161906
利物浦 vs 曼彻斯特联,2-2,0-0,盈*,0.88,1.25,1.02,20250105161721
利物浦 vs 曼彻斯特联,2-2,0-0,盈*,0.86,1.25,1.04,20250105154038
利物浦 vs 曼彻斯特联,2-2,0-0,盈*,0.85,1.25,1.05,20250105153657
利物浦 vs 曼彻斯特联,2-2,0-0,盈*,0.86,1.25,1.04,20250105153130
利物浦 vs 曼彻斯特联,2-2,0-0,盈*,1.05,1.5,0.85,20250105152411
利物浦 vs 曼彻斯特联,2-2,0-0,盈*,0.85,1.25,1.05,20250105152221
利物浦 vs 曼彻斯特联,2-2,0-0,盈*,1.05,1.5,0.85,20250105151703
利物浦 vs 曼彻斯特联,2-2,0-0,盈*,1.06,1.5,0.84,20250105145718
利物浦 vs 曼彻斯特联,2-2,0-0,盈*,1.04,1.5,0.86,20250105141931
利物浦 vs 曼彻斯特联,2-2,0-0,盈*,1.01,1.5,0.89,20250105135659
利物浦 vs 曼彻斯特联,2-2,0-0,盈*,0.95,1.5,0.95,20250105132715
利物浦 vs 曼彻斯特联,2-2,0-0,盈*,0.94,1.5,0.96,20250105122607
利物浦 vs 曼彻斯特联,2-2,0-0,盈*,0.87,1.5,1.03,20250105033152
利物浦 vs 曼彻斯特联,2-2,0-0,盈*,1.04,1.75,0.86,20250105003208
利物浦 vs 曼彻斯特联,2-2,0-0,盈*,1.02,1.75,0.86,20250104213557
利物浦 vs 曼彻斯特联,2-2,0-0,盈*,1.03,1.75,0.85,20250104213259
利物浦 vs 曼彻斯特联,2-2,0-0,盈*,1.02,1.75,0.86,20250103203039
利物浦 vs 曼彻斯特联,2-2,0-0,盈*,1.0,1.75,0.88,20250103181013
利物浦 vs 曼彻斯特联,2-2,0-0,盈*,0.97,1.75,0.91,20250102214114
利物浦 vs 曼彻斯特联,2-2,0-0,盈*,0.95,1.75,0.93,20250102195635
利物浦 vs 曼彻斯特联,2-2,0-0,盈*,0.94,1.75,0.94,20250102195334
利物浦 vs 曼彻斯特联,2-2,0-0,盈*,0.92,1.75,0.96,20250102120659
利物浦 vs 曼彻斯特联,2-2,0-0,盈*,0.88,1.75,1.0,20250102003929
利物浦 vs 曼彻斯特联,2-2,0-0,盈*,0.84,1.75,1.04,20250101164935
利物浦 vs 曼彻斯特联,2-2,0-0,盈*,0.91,1.75,0.97,20250101081710
利物浦 vs 曼彻斯特联,2-2,0-0,盈*,0.98,1.75,0.9,20241231220130
利物浦 vs 曼彻斯特联,2-2,0-0,盈*,0.97,1.75,0.91,20241231194853
利物浦 vs 曼彻斯特联,2-2,0-0,盈*,0.95,1.75,0.93,20241231061928
利物浦 vs 曼彻斯特联,2-2,0-0,盈*,0.97,1.75,0.91,20241231061628
利物浦 vs 曼彻斯特联,2-2,0-0,盈*,0.99,1.75,0.89,20241231061329
利物浦 vs 曼彻斯特联,2-2,0-0,盈*,1.02,1.75,0.86,20241231044027
利物浦 vs 曼彻斯特联,2-2,0-0,盈*,0.85,1.5,1.03,20241231034634
利物浦 vs 曼彻斯特联,2-2,0-0,盈*,1.04,1.75,0.84,20241230165752
利物浦 vs 曼彻斯特联,2-2,0-0,盈*,0.85,1.5,1.03,20241230164855
利物浦 vs 曼彻斯特联,2-2,0-0,盈*,1.03,1.75,0.85,20241230163347
利物浦 vs 曼彻斯特联,2-2,0-0,盈*,0.84,1.5,1.04,20241230163029
利物浦 vs 曼彻斯特联,2-2,0-0,盈*,1.03,1.75,0.85,20241230131611
利物浦 vs 曼彻斯特联,2-2,0-0,盈*,1.02,1.75,0.86,20241230101037
利物浦 vs 曼彻斯特联,2-2,0-0,盈*,1.0,1.75,0.88,20241230100108
利物浦 vs 曼彻斯特联,2-2,0-0,盈*,0.97,1.75,0.91,20241230060215
利物浦 vs 曼彻斯特联,2-2,0-0,盈*,0.98,1.75,0.9,20241230040911
利物浦 vs 曼彻斯特联,2-2,0-0,盈*,1.0,1.75,0.88,20241230040332
利物浦 vs 曼彻斯特联,2-2,0-0,盈*,1.02,1.75,0.86,20241230023338
利物浦 vs 曼彻斯特联,2-2,0-0,盈*,0.86,1.5,1.02,20241230021831
利物浦 vs 曼彻斯特联,2-2,0-0,盈*,0.87,1.5,1.01,20241228203609
利物浦 vs 曼彻斯特联,2-2,0-0,盈*,0.88,1.5,1.0,20241228123102
利物浦 vs 曼彻斯特联,2-2,0-0,盈*,0.89,1.5,0.99,20241228011639
利物浦 vs 曼彻斯特联,2-2,0-0,盈*,0.9,1.5,0.98,20241227222637
利物浦 vs 曼彻斯特联,2-2,0-0,盈*,0.91,1.5,0.97,20241227222345
利物浦 vs 曼彻斯特联,2-2,0-0,盈*,0.9,1.5,0.98,20241227210644
利物浦 vs 曼彻斯特联,2-2,0-0,盈*,0.93,1.5,0.95,20241227205233
利物浦 vs 曼彻斯特联,2-2,0-0,盈*,0.94,1.5,0.94,20241227100357
利物浦 vs 曼彻斯特联,2-2,0-0,盈*,0.97,1.5,0.91,20241227071242
利物浦 vs 曼彻斯特联,2-2,0-0,18*,0.97,1.5,0.83,20250106002954
利物浦 vs 曼彻斯特联,2-2,0-0,18*,0.99,1.5,0.85,20250106002942
利物浦 vs 曼彻斯特联,2-2,0-0,18*,0.97,1.5,0.87,20250106002818
利物浦 vs 曼彻斯特联,2-2,0-0,18*,0.98,1.5,0.86,20250106002729
利物浦 vs 曼彻斯特联,2-2,0-0,18*,0.99,1.5,0.85,20250106001545
利物浦 vs 曼彻斯特联,2-2,0-0,18*,0.98,1.5,0.86,20250106001253
利物浦 vs 曼彻斯特联,2-2,0-0,18*,0.98,1.5,0.87,20250106001158
利物浦 vs 曼彻斯特联,2-2,0-0,18*,0.98,1.5,0.86,20250106000920
利物浦 vs 曼彻斯特联,2-2,0-0,18*,0.99,1.5,0.85,20250106000504
利物浦 vs 曼彻斯特联,2-2,0-0,18*,0.99,1.5,0.86,20250106000256
利物浦 vs 曼彻斯特联,2-2,0-0,18*,0.99,1.5,0.85,20250106000206
利物浦 vs 曼彻斯特联,2-2,0-0,18*,0.99,1.5,0.86,20250106000113
利物浦 vs 曼彻斯特联,2-2,0-0,18*,0.98,1.5,0.86,20250105234842
利物浦 vs 曼彻斯特联,2-2,0-0,18*,0.99,1.5,0.85,20250105234243
利物浦 vs 曼彻斯特联,2-2,0-0,18*,1.0,1.5,0.84,20250105233849
利物浦 vs 曼彻斯特联,2-2,0-0,18*,0.99,1.5,0.85,20250105233613
利物浦 vs 曼彻斯特联,2-2,0-0,18*,0.98,1.5,0.86,20250105232117
利物浦 vs 曼彻斯特联,2-2,0-0,18*,1.0,1.5,0.84,20250105225505
利物浦 vs 曼彻斯特联,2-2,0-0,18*,0.99,1.5,0.85,20250105225416
利物浦 vs 曼彻斯特联,2-2,0-0,18*,0.99,1.5,0.86,20250105225323
利物浦 vs 曼彻斯特联,2-2,0-0,18*,0.98,1.5,0.86,20250105225142
利物浦 vs 曼彻斯特联,2-2,0-0,18*,0.99,1.5,0.85,20250105224957
利物浦 vs 曼彻斯特联,2-2,0-0,18*,1.0,1.5,0.84,20250105221648
利物浦 vs 曼彻斯特联,2-2,0-0,18*,1.01,1.5,0.84,20250105221232
利物浦 vs 曼彻斯特联,2-2,0-0,18*,1.0,1.5,0.84,20250105212309
利物浦 vs 曼彻斯特联,2-2,0-0,18*,0.99,1.5,0.85,20250105211004
利物浦 vs 曼彻斯特联,2-2,0-0,18*,1.0,1.5,0.84,20250105203748
利物浦 vs 曼彻斯特联,2-2,0-0,18*,1.02,1.5,0.83,20250105202117
利物浦 vs 曼彻斯特联,2-2,0-0,18*,1.03,1.5,0.82,20250105202027
利物浦 vs 曼彻斯特联,2-2,0-0,18*,1.04,1.5,0.81,20250105201935
利物浦 vs 曼彻斯特联,2-2,0-0,18*,1.02,1.5,0.83,20250105201845
利物浦 vs 曼彻斯特联,2-2,0-0,18*,1.03,1.5,0.82,20250105201618
利物浦 vs 曼彻斯特联,2-2,0-0,18*,1.04,1.5,0.82,20250105195451
利物浦 vs 曼彻斯特联,2-2,0-0,18*,0.81,1.25,1.05,20250105195401
利物浦 vs 曼彻斯特联,2-2,0-0,18*,1.04,1.5,0.82,20250105194136
利物浦 vs 曼彻斯特联,2-2,0-0,18*,0.82,1.25,1.03,20250105193543
利物浦 vs 曼彻斯特联,2-2,0-0,18*,1.05,1.5,0.81,20250105193354
利物浦 vs 曼彻斯特联,2-2,0-0,18*,1.04,1.5,0.81,20250105193305
利物浦 vs 曼彻斯特联,2-2,0-0,18*,1.04,1.5,0.82,20250105190414
利物浦 vs 曼彻斯特联,2-2,0-0,18*,0.81,1.25,1.04,20250105190234
利物浦 vs 曼彻斯特联,2-2,0-0,18*,1.04,1.5,0.82,20250105185605
利物浦 vs 曼彻斯特联,2-2,0-0,18*,0.82,1.25,1.04,20250105185257
利物浦 vs 曼彻斯特联,2-2,0-0,18*,1.02,1.5,0.83,20250105185203
利物浦 vs 曼彻斯特联,2-2,0-0,18*,0.84,1.25,1.01,20250105185113
利物浦 vs 曼彻斯特联,2-2,0-0,18*,0.83,1.25,1.02,20250105185024
利物浦 vs 曼彻斯特联,2-2,0-0,18*,0.84,1.25,1.01,20250105184929
利物浦 vs 曼彻斯特联,2-2,0-0,18*,0.86,1.25,0.99,20250105184656
利物浦 vs 曼彻斯特联,2-2,0-0,18*,0.86,1.25,0.98,20250105184609
利物浦 vs 曼彻斯特联,2-2,0-0,18*,0.86,1.25,0.99,20250105184516
利物浦 vs 曼彻斯特联,2-2,0-0,18*,0.85,1.25,0.99,20250105182014
利物浦 vs 曼彻斯特联,2-2,0-0,18*,0.84,1.25,1.0,20250105172914
利物浦 vs 曼彻斯特联,2-2,0-0,18*,0.84,1.25,1.01,20250105172639
利物浦 vs 曼彻斯特联,2-2,0-0,18*,0.83,1.25,1.02,20250105172133
利物浦 vs 曼彻斯特联,2-2,0-0,18*,0.82,1.25,1.03,20250105165815
利物浦 vs 曼彻斯特联,2-2,0-0,18*,0.82,1.25,1.04,20250105165545
利物浦 vs 曼彻斯特联,2-2,0-0,18*,0.82,1.25,1.03,20250105164835
利物浦 vs 曼彻斯特联,2-2,0-0,18*,0.83,1.25,1.02,20250105161849
利物浦 vs 曼彻斯特联,2-2,0-0,18*,0.82,1.25,1.03,20250105153814
利物浦 vs 曼彻斯特联,2-2,0-0,18*,0.82,1.25,1.04,20250105151643
利物浦 vs 曼彻斯特联,2-2,0-0,18*,1.03,1.5,0.82,20250105151201
利物浦 vs 曼彻斯特联,2-2,0-0,18*,1.02,1.5,0.83,20250105145321
利物浦 vs 曼彻斯特联,2-2,0-0,18*,1.01,1.5,0.84,20250105143921
利物浦 vs 曼彻斯特联,2-2,0-0,18*,1.0,1.5,0.84,20250105143737
利物浦 vs 曼彻斯特联,2-2,0-0,18*,1.0,1.5,0.85,20250105143415
利物浦 vs 曼彻斯特联,2-2,0-0,18*,1.0,1.5,0.84,20250105142832
利物浦 vs 曼彻斯特联,2-2,0-0,18*,1.0,1.5,0.85,20250105142107
利物浦 vs 曼彻斯特联,2-2,0-0,18*,0.98,1.5,0.87,20250105140956
利物浦 vs 曼彻斯特联,2-2,0-0,18*,0.97,1.5,0.87,20250105135648
利物浦 vs 曼彻斯特联,2-2,0-0,18*,0.96,1.5,0.89,20250105135507
利物浦 vs 曼彻斯特联,2-2,0-0,18*,0.94,1.5,0.91,20250105134638
利物浦 vs 曼彻斯特联,2-2,0-0,18*,0.94,1.5,0.9,20250105134330
利物浦 vs 曼彻斯特联,2-2,0-0,18*,0.93,1.5,0.92,20250105134054
利物浦 vs 曼彻斯特联,2-2,0-0,18*,0.91,1.5,0.93,20250105133823
利物浦 vs 曼彻斯特联,2-2,0-0,18*,0.92,1.5,0.93,20250105132554
利物浦 vs 曼彻斯特联,2-2,0-0,18*,0.91,1.5,0.94,20250105125404
利物浦 vs 曼彻斯特联,2-2,0-0,18*,0.92,1.5,0.93,20250105123047
利物浦 vs 曼彻斯特联,2-2,0-0,18*,0.91,1.5,0.94,20250105122445
利物浦 vs 曼彻斯特联,2-2,0-0,18*,0.9,1.5,0.95,20250105122051
利物浦 vs 曼彻斯特联,2-2,0-0,18*,0.89,1.5,0.95,20250105121909
利物浦 vs 曼彻斯特联,2-2,0-0,18*,0.89,1.5,0.96,20250105121746
利物浦 vs 曼彻斯特联,2-2,0-0,18*,0.89,1.5,0.95,20250105121606
利物浦 vs 曼彻斯特联,2-2,0-0,18*,0.9,1.5,0.95,20250105121515
利物浦 vs 曼彻斯特联,2-2,0-0,18*,0.89,1.5,0.95,20250105121425
利物浦 vs 曼彻斯特联,2-2,0-0,18*,0.89,1.5,0.96,20250105121330
利物浦 vs 曼彻斯特联,2-2,0-0,18*,0.91,1.5,0.94,20250105121237
利物浦 vs 曼彻斯特联,2-2,0-0,18*,0.89,1.5,0.95,20250105120731
利物浦 vs 曼彻斯特联,2-2,0-0,18*,0.89,1.5,0.96,20250105113648
利物浦 vs 曼彻斯特联,2-2,0-0,18*,0.87,1.5,0.98,20250105113326
利物浦 vs 曼彻斯特联,2-2,0-0,18*,0.86,1.5,0.99,20250105113206
利物浦 vs 曼彻斯特联,2-2,0-0,18*,0.86,1.5,0.98,20250105113024
利物浦 vs 曼彻斯特联,2-2,0-0,18*,0.86,1.5,0.99,20250105103635
利物浦 vs 曼彻斯特联,2-2,0-0,18*,0.85,1.5,1.0,20250105093305
利物浦 vs 曼彻斯特联,2-2,0-0,18*,0.84,1.5,0.99,20250105081139
利物浦 vs 曼彻斯特联,2-2,0-0,18*,0.84,1.5,0.98,20250105065503
利物浦 vs 曼彻斯特联,2-2,0-0,18*,0.84,1.5,0.99,20250105033800
利物浦 vs 曼彻斯特联,2-2,0-0,18*,0.82,1.5,1.01,20250105033127
利物浦 vs 曼彻斯特联,2-2,0-0,18*,0.81,1.5,1.03,20250105032807
利物浦 vs 曼彻斯特联,2-2,0-0,18*,1.0,1.75,0.83,20250104233512
利物浦 vs 曼彻斯特联,2-2,0-0,18*,0.98,1.75,0.82,20250104204846
利物浦 vs 曼彻斯特联,2-2,0-0,18*,0.99,1.75,0.82,20250104202454
利物浦 vs 曼彻斯特联,2-2,0-0,18*,1.0,1.75,0.81,20250104201503
利物浦 vs 曼彻斯特联,2-2,0-0,18*,0.98,1.75,0.82,20250104181831
利物浦 vs 曼彻斯特联,2-2,0-0,18*,0.99,1.75,0.82,20250104061912
利物浦 vs 曼彻斯特联,2-2,0-0,18*,1.02,1.75,0.8,20250104035017
利物浦 vs 曼彻斯特联,2-2,0-0,18*,1.0,1.75,0.81,20250104002346
利物浦 vs 曼彻斯特联,2-2,0-0,18*,1.02,1.75,0.8,20250103224309
利物浦 vs 曼彻斯特联,2-2,0-0,18*,0.8,1.5,1.01,20250103223321
利物浦 vs 曼彻斯特联,2-2,0-0,18*,1.03,1.75,0.79,20250103223001
利物浦 vs 曼彻斯特联,2-2,0-0,18*,1.02,1.75,0.8,20250103222646
利物浦 vs 曼彻斯特联,2-2,0-0,18*,1.01,1.75,0.8,20250103222327
利物浦 vs 曼彻斯特联,2-2,0-0,18*,0.97,1.75,0.83,20250103214122
利物浦 vs 曼彻斯特联,2-2,0-0,18*,0.99,1.75,0.82,20250103213718
利物浦 vs 曼彻斯特联,2-2,0-0,18*,0.98,1.75,0.82,20250103213358
利物浦 vs 曼彻斯特联,2-2,0-0,18*,1.01,1.75,0.8,20250103204034
利物浦 vs 曼彻斯特联,2-2,0-0,18*,1.0,1.75,0.81,20250103180946
利物浦 vs 曼彻斯特联,2-2,0-0,18*,0.97,1.75,0.83,20250103180632
利物浦 vs 曼彻斯特联,2-2,0-0,18*,0.98,1.75,0.82,20250103171339
利物浦 vs 曼彻斯特联,2-2,0-0,18*,0.97,1.75,0.84,20250103170614
利物浦 vs 曼彻斯特联,2-2,0-0,18*,0.95,1.75,0.85,20250103120412
利物浦 vs 曼彻斯特联,2-2,0-0,18*,0.96,1.75,0.84,20250102233512
利物浦 vs 曼彻斯特联,2-2,0-0,18*,0.94,1.75,0.82,20250102220808
利物浦 vs 曼彻斯特联,2-2,0-0,18*,0.94,1.75,0.83,20250102204404
利物浦 vs 曼彻斯特联,2-2,0-0,18*,0.94,1.75,0.82,20250102195417
利物浦 vs 曼彻斯特联,2-2,0-0,18*,0.91,1.75,0.86,20250102195145
利物浦 vs 曼彻斯特联,2-2,0-0,18*,0.85,1.75,0.92,20250102194916
利物浦 vs 曼彻斯特联,2-2,0-0,18*,0.85,1.75,0.91,20250102164244
利物浦 vs 曼彻斯特联,2-2,0-0,18*,0.86,1.75,0.9,20250102121854
利物浦 vs 曼彻斯特联,2-2,0-0,18*,0.85,1.75,0.91,20250102004307
利物浦 vs 曼彻斯特联,2-2,0-0,18*,0.81,1.75,0.95,20250102003635
利物浦 vs 曼彻斯特联,2-2,0-0,18*,0.79,1.75,0.98,20250101213640
利物浦 vs 曼彻斯特联,2-2,0-0,18*,0.78,1.75,0.99,20250101211408
利物浦 vs 曼彻斯特联,2-2,0-0,18*,0.77,1.75,1.01,20250101204828
利物浦 vs 曼彻斯特联,2-2,0-0,18*,0.78,1.75,1.0,20250101183932
利物浦 vs 曼彻斯特联,2-2,0-0,18*,0.77,1.75,1.01,20250101140440
利物浦 vs 曼彻斯特联,2-2,0-0,18*,1.01,2.0,0.77,20250101135747
利物浦 vs 曼彻斯特联,2-2,0-0,18*,0.78,1.75,0.99,20250101121325
利物浦 vs 曼彻斯特联,2-2,0-0,18*,0.79,1.75,0.98,20250101121001
利物浦 vs 曼彻斯特联,2-2,0-0,18*,0.81,1.75,0.95,20250101115331
利物浦 vs 曼彻斯特联,2-2,0-0,18*,0.82,1.75,0.94,20250101081721
利物浦 vs 曼彻斯特联,2-2,0-0,18*,0.86,1.75,0.91,20250101081400
利物浦 vs 曼彻斯特联,2-2,0-0,18*,0.91,1.75,0.86,20250101025643
利物浦 vs 曼彻斯特联,2-2,0-0,18*,0.9,1.75,0.86,20250101010027
利物浦 vs 曼彻斯特联,2-2,0-0,18*,0.91,1.75,0.85,20250101001334
利物浦 vs 曼彻斯特联,2-2,0-0,18*,0.92,1.75,0.84,20241231235257
利物浦 vs 曼彻斯特联,2-2,0-0,18*,0.93,1.75,0.84,20241231221353
利物浦 vs 曼彻斯特联,2-2,0-0,18*,0.88,1.75,0.89,20241231210214
利物浦 vs 曼彻斯特联,2-2,0-0,18*,0.88,1.75,0.88,20241231202547
利物浦 vs 曼彻斯特联,2-2,0-0,18*,0.92,1.75,0.84,20241231134110
利物浦 vs 曼彻斯特联,2-2,0-0,18*,0.92,1.75,0.85,20241231132905
利物浦 vs 曼彻斯特联,2-2,0-0,18*,0.92,1.75,0.84,20241231092749
利物浦 vs 曼彻斯特联,2-2,0-0,18*,0.92,1.75,0.85,20241231090118
利物浦 vs 曼彻斯特联,2-2,0-0,18*,0.9,1.75,0.86,20241231072843
利物浦 vs 曼彻斯特联,2-2,0-0,18*,0.88,1.75,0.88,20241231062407
利物浦 vs 曼彻斯特联,2-2,0-0,18*,0.93,1.75,0.83,20241231044837
利物浦 vs 曼彻斯特联,2-2,0-0,18*,0.97,1.75,0.8,20241231042913
利物浦 vs 曼彻斯特联,2-2,0-0,18*,0.78,1.5,0.99,20241231042520
利物浦 vs 曼彻斯特联,2-2,0-0,18*,0.79,1.5,0.98,20241230193730
利物浦 vs 曼彻斯特联,2-2,0-0,18*,1.0,1.75,0.77,20241230171922
利物浦 vs 曼彻斯特联,2-2,0-0,18*,0.99,1.75,0.78,20241230101813
利物浦 vs 曼彻斯特联,2-2,0-0,18*,0.94,1.75,0.82,20241230043019
利物浦 vs 曼彻斯特联,2-2,0-0,18*,0.96,1.75,0.81,20241230032336
利物浦 vs 曼彻斯特联,2-2,0-0,18*,0.98,1.75,0.79,20241230024402
利物浦 vs 曼彻斯特联,2-2,0-0,18*,1.0,1.75,0.78,20241230021632
利物浦 vs 曼彻斯特联,2-2,0-0,18*,0.8,1.5,0.97,20241230021250
利物浦 vs 曼彻斯特联,2-2,0-0,18*,0.81,1.5,0.96,20241230020447
利物浦 vs 曼彻斯特联,2-2,0-0,18*,0.83,1.5,0.94,20241230004226
利物浦 vs 曼彻斯特联,2-2,0-0,18*,0.78,1.5,0.99,20241228012313
利物浦 vs 曼彻斯特联,2-2,0-0,18*,0.79,1.5,0.98,20241228001014
利物浦 vs 曼彻斯特联,2-2,0-0,18*,0.78,1.5,0.99,20241227223113
利物浦 vs 曼彻斯特联,2-2,0-0,18*,0.79,1.5,0.98,20241227222739
利物浦 vs 曼彻斯特联,2-2,0-0,18*,0.77,1.5,1.0,20241227222324
利物浦 vs 曼彻斯特联,2-2,0-0,18*,1.0,1.75,0.78,20241227213243
利物浦 vs 曼彻斯特联,2-2,0-0,18*,0.88,1.5,0.88,20241227204602
利物浦 vs 曼彻斯特联,2-2,0-0,18*,0.92,1.5,0.85,20241227165846
利物浦 vs 曼彻斯特联,2-2,0-0,18*,0.95,1.5,0.82,20241227104723
利物浦 vs 曼彻斯特联,2-2,0-0,18*,0.97,1.5,0.8,20241227065000
利物浦 vs 曼彻斯特联,2-2,0-0,18*,0.96,1.5,0.81,20241227055654
利物浦 vs 曼彻斯特联,2-2,0-0,18*,0.81,1.25,0.96,20241227050737
利物浦 vs 曼彻斯特联,2-2,0-0,18*,0.92,1.25,0.85,20241227034225
利物浦 vs 曼彻斯特联,2-2,0-0,18*,0.96,1.25,0.81,20241227001001
利物浦 vs 曼彻斯特联,2-2,0-0,18*,0.94,1.25,0.82,20241226235843
利物浦 vs 曼彻斯特联,2-2,0-0,平*,1.03,1.5,0.9,20250106002936
利物浦 vs 曼彻斯特联,2-2,0-0,平*,1.02,1.5,0.91,20250106002801
利物浦 vs 曼彻斯特联,2-2,0-0,平*,1.03,1.5,0.89,20250106002624
利物浦 vs 曼彻斯特联,2-2,0-0,平*,1.06,1.5,0.88,20250106002552
利物浦 vs 曼彻斯特联,2-2,0-0,平*,1.05,1.5,0.88,20250106002205
利物浦 vs 曼彻斯特联,2-2,0-0,平*,1.04,1.5,0.88,20250106001435
利物浦 vs 曼彻斯特联,2-2,0-0,平*,1.01,1.5,0.91,20250106001121
利物浦 vs 曼彻斯特联,2-2,0-0,平*,1.01,1.5,0.92,20250106000945
利物浦 vs 曼彻斯特联,2-2,0-0,平*,1.02,1.5,0.9,20250106000853
利物浦 vs 曼彻斯特联,2-2,0-0,平*,1.04,1.5,0.89,20250106000613
利物浦 vs 曼彻斯特联,2-2,0-0,平*,1.03,1.5,0.89,20250106000351
利物浦 vs 曼彻斯特联,2-2,0-0,平*,1.03,1.5,0.9,20250106000217
利物浦 vs 曼彻斯特联,2-2,0-0,平*,1.03,1.5,0.89,20250106000142
利物浦 vs 曼彻斯特联,2-2,0-0,平*,1.04,1.5,0.89,20250106000111
利物浦 vs 曼彻斯特联,2-2,0-0,平*,1.03,1.5,0.89,20250106000039
利物浦 vs 曼彻斯特联,2-2,0-0,平*,1.02,1.5,0.9,20250105235536
利物浦 vs 曼彻斯特联,2-2,0-0,平*,1.02,1.5,0.91,20250105235234
利物浦 vs 曼彻斯特联,2-2,0-0,平*,1.03,1.5,0.9,20250105234826
利物浦 vs 曼彻斯特联,2-2,0-0,平*,1.04,1.5,0.88,20250105234416
利物浦 vs 曼彻斯特联,2-2,0-0,平*,1.05,1.5,0.88,20250105233539
利物浦 vs 曼彻斯特联,2-2,0-0,平*,1.03,1.5,0.89,20250105232009
利物浦 vs 曼彻斯特联,2-2,0-0,平*,1.0,1.5,0.93,20250105231827
利物浦 vs 曼彻斯特联,2-2,0-0,平*,1.01,1.5,0.91,20250105231742
利物浦 vs 曼彻斯特联,2-2,0-0,平*,1.04,1.5,0.88,20250105231637
利物浦 vs 曼彻斯特联,2-2,0-0,平*,1.06,1.5,0.87,20250105225334
利物浦 vs 曼彻斯特联,2-2,0-0,平*,1.03,1.5,0.89,20250105225300
利物浦 vs 曼彻斯特联,2-2,0-0,平*,1.03,1.5,0.9,20250105224920
利物浦 vs 曼彻斯特联,2-2,0-0,平*,1.04,1.5,0.88,20250105224847
利物浦 vs 曼彻斯特联,2-2,0-0,平*,1.06,1.5,0.88,20250105223904
利物浦 vs 曼彻斯特联,2-2,0-0,平*,1.05,1.5,0.88,20250105223755
利物浦 vs 曼彻斯特联,2-2,0-0,平*,1.06,1.5,0.87,20250105223023
利物浦 vs 曼彻斯特联,2-2,0-0,平*,1.07,1.5,0.87,20250105222948
利物浦 vs 曼彻斯特联,2-2,0-0,平*,1.07,1.5,0.86,20250105222813
利物浦 vs 曼彻斯特联,2-2,0-0,平*,1.06,1.5,0.87,20250105222622
利物浦 vs 曼彻斯特联,2-2,0-0,平*,1.06,1.5,0.88,20250105215717
利物浦 vs 曼彻斯特联,2-2,0-0,平*,1.05,1.5,0.88,20250105211830
利物浦 vs 曼彻斯特联,2-2,0-0,平*,1.04,1.5,0.89,20250105211023
利物浦 vs 曼彻斯特联,2-2,0-0,平*,1.05,1.5,0.88,20250105204026
利物浦 vs 曼彻斯特联,2-2,0-0,平*,1.04,1.5,0.88,20250105203917
利物浦 vs 曼彻斯特联,2-2,0-0,平*,1.05,1.5,0.88,20250105203122
利物浦 vs 曼彻斯特联,2-2,0-0,平*,1.06,1.5,0.87,20250105202903
利物浦 vs 曼彻斯特联,2-2,0-0,平*,1.07,1.5,0.86,20250105202644
利物浦 vs 曼彻斯特联,2-2,0-0,平*,1.06,1.5,0.88,20250105202610
利物浦 vs 曼彻斯特联,2-2,0-0,平*,1.05,1.5,0.88,20250105201918
利物浦 vs 曼彻斯特联,2-2,0-0,平*,1.07,1.5,0.86,20250105201843
利物浦 vs 曼彻斯特联,2-2,0-0,平*,1.06,1.5,0.88,20250105201734
利物浦 vs 曼彻斯特联,2-2,0-0,平*,1.08,1.5,0.86,20250105201515
利物浦 vs 曼彻斯特联,2-2,0-0,平*,1.08,1.5,0.85,20250105194851
利物浦 vs 曼彻斯特联,2-2,0-0,平*,1.09,1.5,0.85,20250105193316
利物浦 vs 曼彻斯特联,2-2,0-0,平*,0.85,1.25,1.08,20250105193136
利物浦 vs 曼彻斯特联,2-2,0-0,平*,1.07,1.5,0.86,20250105190414
利物浦 vs 曼彻斯特联,2-2,0-0,平*,1.08,1.5,0.85,20250105190046
利物浦 vs 曼彻斯特联,2-2,0-0,平*,1.07,1.5,0.86,20250105184828
利物浦 vs 曼彻斯特联,2-2,0-0,平*,0.88,1.25,1.04,20250105184506
利物浦 vs 曼彻斯特联,2-2,0-0,平*,0.92,1.25,1.01,20250105184432
利物浦 vs 曼彻斯特联,2-2,0-0,平*,0.87,1.25,1.06,20250105182944
利物浦 vs 曼彻斯特联,2-2,0-0,平*,0.88,1.25,1.05,20250105173216
利物浦 vs 曼彻斯特联,2-2,0-0,平*,0.88,1.25,1.04,20250105172633
利物浦 vs 曼彻斯特联,2-2,0-0,平*,0.85,1.25,1.08,20250105172341
利物浦 vs 曼彻斯特联,2-2,0-0,平*,0.86,1.25,1.07,20250105172051
利物浦 vs 曼彻斯特联,2-2,0-0,平*,1.08,1.5,0.85,20250105171720
利物浦 vs 曼彻斯特联,2-2,0-0,平*,1.09,1.5,0.85,20250105171246
利物浦 vs 曼彻斯特联,2-2,0-0,平*,0.85,1.25,1.09,20250105165521
利物浦 vs 曼彻斯特联,2-2,0-0,平*,1.09,1.5,0.85,20250105164406
利物浦 vs 曼彻斯特联,2-2,0-0,平*,0.85,1.25,1.07,20250105155204
利物浦 vs 曼彻斯特联,2-2,0-0,平*,0.84,1.25,1.08,20250105154742
利物浦 vs 曼彻斯特联,2-2,0-0,平*,0.85,1.25,1.07,20250105153659
利物浦 vs 曼彻斯特联,2-2,0-0,平*,0.83,1.25,1.07,20250105153338
利物浦 vs 曼彻斯特联,2-2,0-0,平*,0.84,1.25,1.08,20250105145208
利物浦 vs 曼彻斯特联,2-2,0-0,平*,0.85,1.25,1.07,20250105145133
利物浦 vs 曼彻斯特联,2-2,0-0,平*,1.05,1.5,0.86,20250105143817
利物浦 vs 曼彻斯特联,2-2,0-0,平*,1.04,1.5,0.88,20250105143743
利物浦 vs 曼彻斯特联,2-2,0-0,平*,1.03,1.5,0.88,20250105135416
利物浦 vs 曼彻斯特联,2-2,0-0,平*,1.04,1.5,0.87,20250105135342
利物浦 vs 曼彻斯特联,2-2,0-0,平*,0.99,1.5,0.91,20250105134606
利物浦 vs 曼彻斯特联,2-2,0-0,平*,1.0,1.5,0.91,20250105133752
利物浦 vs 曼彻斯特联,2-2,0-0,平*,0.98,1.5,0.93,20250105132500
利物浦 vs 曼彻斯特联,2-2,0-0,平*,0.97,1.5,0.93,20250105132425
利物浦 vs 曼彻斯特联,2-2,0-0,平*,0.96,1.5,0.94,20250105132029
利物浦 vs 曼彻斯特联,2-2,0-0,平*,0.95,1.5,0.95,20250105122451
利物浦 vs 曼彻斯特联,2-2,0-0,平*,0.94,1.5,0.96,20250105122417
利物浦 vs 曼彻斯特联,2-2,0-0,平*,0.93,1.5,0.97,20250105121949
利物浦 vs 曼彻斯特联,2-2,0-0,平*,0.92,1.5,0.99,20250105121700
利物浦 vs 曼彻斯特联,2-2,0-0,平*,0.93,1.5,0.98,20250105121412
利物浦 vs 曼彻斯特联,2-2,0-0,平*,0.92,1.5,0.99,20250105121338
利物浦 vs 曼彻斯特联,2-2,0-0,平*,0.91,1.5,1.0,20250105121303
利物浦 vs 曼彻斯特联,2-2,0-0,平*,0.93,1.5,0.97,20250105121155
利物浦 vs 曼彻斯特联,2-2,0-0,平*,0.92,1.5,0.99,20250105115526
利物浦 vs 曼彻斯特联,2-2,0-0,平*,0.9,1.5,1.0,20250105113149
利物浦 vs 曼彻斯特联,2-2,0-0,平*,0.91,1.5,1.0,20250105112959
利物浦 vs 曼彻斯特联,2-2,0-0,平*,0.88,1.5,1.03,20250105055558
利物浦 vs 曼彻斯特联,2-2,0-0,平*,0.88,1.5,1.02,20250105050340
利物浦 vs 曼彻斯特联,2-2,0-0,平*,0.89,1.5,1.02,20250105032812
利物浦 vs 曼彻斯特联,2-2,0-0,平*,0.91,1.5,1.0,20250105032719
利物浦 vs 曼彻斯特联,2-2,0-0,平*,1.03,1.75,0.86,20250104232824
利物浦 vs 曼彻斯特联,2-2,0-0,平*,1.0,1.75,0.89,20250104232729
利物浦 vs 曼彻斯特联,2-2,0-0,平*,0.99,1.75,0.9,20250104204739
利物浦 vs 曼彻斯特联,2-2,0-0,平*,1.0,1.75,0.88,20250104204552
利物浦 vs 曼彻斯特联,2-2,0-0,平*,1.01,1.75,0.88,20250104202610
利物浦 vs 曼彻斯特联,2-2,0-0,平*,1.03,1.75,0.87,20250104202420
利物浦 vs 曼彻斯特联,2-2,0-0,平*,1.05,1.75,0.84,20250104201242
利物浦 vs 曼彻斯特联,2-2,0-0,平*,1.0,1.75,0.88,20250104181509
利物浦 vs 曼彻斯特联,2-2,0-0,平*,1.01,1.75,0.88,20250104061647
利物浦 vs 曼彻斯特联,2-2,0-0,平*,0.85,1.5,1.07,20250104052134
利物浦 vs 曼彻斯特联,2-2,0-0,平*,0.85,1.5,1.06,20250104030232
利物浦 vs 曼彻斯特联,2-2,0-0,平*,1.02,1.75,0.88,20250104020045
利物浦 vs 曼彻斯特联,2-2,0-0,平*,1.03,1.75,0.87,20250104005839
利物浦 vs 曼彻斯特联,2-2,0-0,平*,1.02,1.75,0.87,20250104002204
利物浦 vs 曼彻斯特联,2-2,0-0,平*,0.86,1.5,1.05,20250104000020
利物浦 vs 曼彻斯特联,2-2,0-0,平*,0.87,1.5,1.04,20250103222547
利物浦 vs 曼彻斯特联,2-2,0-0,平*,0.86,1.5,1.05,20250103222258
利物浦 vs 曼彻斯特联,2-2,0-0,平*,1.02,1.75,0.87,20250103221905
利物浦 vs 曼彻斯特联,2-2,0-0,平*,1.03,1.75,0.86,20250103221710
利物浦 vs 曼彻斯特联,2-2,0-0,平*,0.98,1.75,0.9,20250103215022
利物浦 vs 曼彻斯特联,2-2,0-0,平*,0.98,1.75,0.91,20250103213533
利物浦 vs 曼彻斯特联,2-2,0-0,平*,0.96,1.75,0.93,20250103213227
利物浦 vs 曼彻斯特联,2-2,0-0,平*,1.01,1.75,0.88,20250103213128
利物浦 vs 曼彻斯特联,2-2,0-0,平*,1.05,1.75,0.85,20250103170505
利物浦 vs 曼彻斯特联,2-2,0-0,平*,1.0,1.75,0.88,20250102222011
利物浦 vs 曼彻斯特联,2-2,0-0,平*,1.01,1.75,0.88,20250102211714
利物浦 vs 曼彻斯特联,2-2,0-0,平*,1.02,1.75,0.88,20250102204023
利物浦 vs 曼彻斯特联,2-2,0-0,平*,1.03,1.75,0.86,20250102194914
利物浦 vs 曼彻斯特联,2-2,0-0,平*,1.02,1.75,0.87,20250102194820
利物浦 vs 曼彻斯特联,2-2,0-0,平*,0.94,1.75,0.94,20250102194726
利物浦 vs 曼彻斯特联,2-2,0-0,平*,0.93,1.75,0.95,20250102003625
利物浦 vs 曼彻斯特联,2-2,0-0,平*,0.85,1.75,1.04,20250101213329
利物浦 vs 曼彻斯特联,2-2,0-0,平*,0.84,1.75,1.06,20250101211302
利物浦 vs 曼彻斯特联,2-2,0-0,平*,0.82,1.75,1.08,20250101183815
利物浦 vs 曼彻斯特联,2-2,0-0,平*,1.08,2.0,0.83,20250101181857
利物浦 vs 曼彻斯特联,2-2,0-0,平*,1.08,2.0,0.82,20250101140114
利物浦 vs 曼彻斯特联,2-2,0-0,平*,0.94,2.0,0.86,20250101140021
利物浦 vs 曼彻斯特联,2-2,0-0,平*,0.97,2.0,0.84,20250101135928
利物浦 vs 曼彻斯特联,2-2,0-0,平*,0.98,2.0,0.83,20250101135742
利物浦 vs 曼彻斯特联,2-2,0-0,平*,0.81,1.75,1.02,20250101135649
利物浦 vs 曼彻斯特联,2-2,0-0,平*,0.84,1.75,1.06,20250101123240
利物浦 vs 曼彻斯特联,2-2,0-0,平*,0.83,1.75,1.07,20250101121842
利物浦 vs 曼彻斯特联,2-2,0-0,平*,1.05,2.0,0.85,20250101121519
利物浦 vs 曼彻斯特联,2-2,0-0,平*,1.06,2.0,0.83,20250101121420
利物浦 vs 曼彻斯特联,2-2,0-0,平*,0.82,1.75,1.09,20250101121234
利物浦 vs 曼彻斯特联,2-2,0-0,平*,0.83,1.75,1.08,20250101121140
利物浦 vs 曼彻斯特联,2-2,0-0,平*,0.83,1.75,1.07,20250101121047
利物浦 vs 曼彻斯特联,2-2,0-0,平*,0.84,1.75,1.06,20250101120901
利物浦 vs 曼彻斯特联,2-2,0-0,平*,0.85,1.75,1.05,20250101120808
利物浦 vs 曼彻斯特联,2-2,0-0,平*,0.85,1.75,1.04,20250101081943
利物浦 vs 曼彻斯特联,2-2,0-0,平*,0.84,1.75,1.06,20250101081755
利物浦 vs 曼彻斯特联,2-2,0-0,平*,0.83,1.75,1.07,20250101081701
利物浦 vs 曼彻斯特联,2-2,0-0,平*,0.82,1.75,1.08,20250101081607
利物浦 vs 曼彻斯特联,2-2,0-0,平*,0.83,1.75,1.08,20250101081513
利物浦 vs 曼彻斯特联,2-2,0-0,平*,0.83,1.75,1.07,20250101081420
利物浦 vs 曼彻斯特联,2-2,0-0,平*,0.87,1.75,1.03,20250101081326
利物浦 vs 曼彻斯特联,2-2,0-0,平*,0.93,1.75,0.95,20250101081232
利物浦 vs 曼彻斯特联,2-2,0-0,平*,0.99,1.75,0.9,20250101021250
利物浦 vs 曼彻斯特联,2-2,0-0,平*,0.99,1.75,0.89,20250101013706
利物浦 vs 曼彻斯特联,2-2,0-0,平*,1.0,1.75,0.89,20250101012104
利物浦 vs 曼彻斯特联,2-2,0-0,平*,0.98,1.75,0.91,20250101010646
利物浦 vs 曼彻斯特联,2-2,0-0,平*,0.95,1.75,0.83,20250101010552
利物浦 vs 曼彻斯特联,2-2,0-0,平*,0.82,1.75,0.97,20250101010458
利物浦 vs 曼彻斯特联,2-2,0-0,平*,0.79,1.75,1.0,20250101010402
利物浦 vs 曼彻斯特联,2-2,0-0,平*,0.96,1.75,0.93,20250101010307
利物浦 vs 曼彻斯特联,2-2,0-0,平*,0.83,1.75,0.96,20250101010208
利物浦 vs 曼彻斯特联,2-2,0-0,平*,0.88,1.75,0.94,20250101010113
利物浦 vs 曼彻斯特联,2-2,0-0,平*,0.9,1.75,0.92,20250101010019
利物浦 vs 曼彻斯特联,2-2,0-0,平*,0.99,1.75,0.89,20241231235200
利物浦 vs 曼彻斯特联,2-2,0-0,平*,1.02,1.75,0.88,20241231215825
利物浦 vs 曼彻斯特联,2-2,0-0,平*,1.03,1.75,0.86,20241231215731
利物浦 vs 曼彻斯特联,2-2,0-0,平*,0.98,1.75,0.91,20241231215452
利物浦 vs 曼彻斯特联,2-2,0-0,平*,0.93,1.75,0.96,20241231202750
利物浦 vs 曼彻斯特联,2-2,0-0,平*,0.93,1.75,0.95,20241231195720
利物浦 vs 曼彻斯特联,2-2,0-0,平*,0.94,1.75,0.94,20241231194311
利物浦 vs 曼彻斯特联,2-2,0-0,平*,0.97,1.75,0.92,20241231123700
利物浦 vs 曼彻斯特联,2-2,0-0,平*,0.98,1.75,0.91,20241231081258
利物浦 vs 曼彻斯特联,2-2,0-0,平*,0.94,1.75,0.94,20241231070647
利物浦 vs 曼彻斯特联,2-2,0-0,平*,0.92,1.75,0.97,20241231062421
利物浦 vs 曼彻斯特联,2-2,0-0,平*,0.88,1.75,1.0,20241231062328
利物浦 vs 曼彻斯特联,2-2,0-0,平*,0.93,1.75,0.95,20241231044742
利物浦 vs 曼彻斯特联,2-2,0-0,平*,0.9,1.75,0.93,20241231043754
利物浦 vs 曼彻斯特联,2-2,0-0,平*,0.92,1.75,0.92,20241231042810
利物浦 vs 曼彻斯特联,2-2,0-0,平*,1.03,1.75,0.82,20241231042531
利物浦 vs 曼彻斯特联,2-2,0-0,平*,1.04,1.75,0.83,20241231042345
利物浦 vs 曼彻斯特联,2-2,0-0,平*,0.82,1.5,1.04,20241231040327
利物浦 vs 曼彻斯特联,2-2,0-0,平*,0.83,1.5,1.03,20241230191233
利物浦 vs 曼彻斯特联,2-2,0-0,平*,0.82,1.5,1.04,20241230100806
利物浦 vs 曼彻斯特联,2-2,0-0,平*,0.94,1.75,0.88,20241230021531
利物浦 vs 曼彻斯特联,2-2,0-0,平*,0.85,1.5,1.01,20241230020208
利物浦 vs 曼彻斯特联,2-2,0-0,平*,0.91,1.5,0.94,20241230003353
利物浦 vs 曼彻斯特联,2-2,0-0,平*,1.01,1.75,0.83,20241227222300
利物浦 vs 曼彻斯特联,2-2,0-0,平*,1.0,1.75,0.84,20241227210326
利物浦 vs 曼彻斯特联,2-2,0-0,平*,0.88,1.5,0.98,20241227205135
利物浦 vs 曼彻斯特联,2-2,0-0,平*,0.91,1.5,0.94,20241227205040
利物浦 vs 曼彻斯特联,2-2,0-0,平*,0.93,1.5,0.93,20241227201012
利物浦 vs 曼彻斯特联,2-2,0-0,平*,0.95,1.5,0.9,20241227153851
利物浦 vs 曼彻斯特联,2-2,0-0,平*,0.99,1.5,0.86,20241227060432
利物浦 vs 曼彻斯特联,2-2,0-0,平*,0.97,1.5,0.85,20241227052650
利物浦 vs 曼彻斯特联,2-2,0-0,平*,0.92,1.5,0.9,20241227052458
利物浦 vs 曼彻斯特联,2-2,0-0,平*,0.83,1.25,1.0,20241227051011
利物浦 vs 曼彻斯特联,2-2,0-0,平*,0.85,1.25,0.97,20241227050349
利物浦 vs 曼彻斯特联,2-2,0-0,平*,1.0,1.5,0.82,20241227050245
利物浦 vs 曼彻斯特联,2-2,0-0,平*,1.01,1.5,0.81,20241227050147
利物浦 vs 曼彻斯特联,2-2,0-0,香港马*,1.14,1.75,0.72,20250106000003
利物浦 vs 曼彻斯特联,2-2,0-0,香港马*,1.17,1.75,0.7,20250105234606
利物浦 vs 曼彻斯特联,2-2,0-0,香港马*,1.09,1.75,0.75,20250105234156
利物浦 vs 曼彻斯特联,2-2,0-0,香港马*,1.12,1.75,0.73,20250105232037
利物浦 vs 曼彻斯特联,2-2,0-0,香港马*,1.17,1.75,0.7,20250105185133
利物浦 vs 曼彻斯特联,2-2,0-0,香港马*,1.26,1.75,0.65,20250105172857
利物浦 vs 曼彻斯特联,2-2,0-0,香港马*,1.21,1.75,0.68,20250105162104
利物浦 vs 曼彻斯特联,2-2,0-0,香港马*,1.17,1.75,0.7,20250105140503
利物浦 vs 曼彻斯特联,2-2,0-0,香港马*,1.13,1.75,0.73,20250105124736
利物浦 vs 曼彻斯特联,2-2,0-0,香港马*,1.07,1.75,0.77,20250105121434
利物浦 vs 曼彻斯特联,2-2,0-0,香港马*,1.02,1.75,0.81,20250105120315
利物浦 vs 曼彻斯特联,2-2,0-0,香港马*,0.95,1.75,0.82,20250102193207
利物浦 vs 曼彻斯特联,2-2,0-0,威*,0.8,1.25,1.02,20250106002017
利物浦 vs 曼彻斯特联,2-2,0-0,威*,0.82,1.25,1.02,20250106000946
利物浦 vs 曼彻斯特联,2-2,0-0,威*,0.81,1.25,1.03,20250105234430
利物浦 vs 曼彻斯特联,2-2,0-0,威*,1.04,1.5,0.81,20250105233158
利物浦 vs 曼彻斯特联,2-2,0-0,威*,0.83,1.25,1.01,20250105224918
利物浦 vs 曼彻斯特联,2-2,0-0,威*,0.82,1.25,1.02,20250105220912
利物浦 vs 曼彻斯特联,2-2,0-0,威*,1.05,1.5,0.8,20250105214137
利物浦 vs 曼彻斯特联,2-2,0-0,威*,0.81,1.25,1.03,20250105210625
利物浦 vs 曼彻斯特联,2-2,0-0,威*,0.83,1.25,1.01,20250105205337
利物浦 vs 曼彻斯特联,2-2,0-0,威*,0.83,1.25,1.0,20250105204705
利物浦 vs 曼彻斯特联,2-2,0-0,威*,0.84,1.25,1.0,20250105203347
利物浦 vs 曼彻斯特联,2-2,0-0,威*,0.82,1.25,0.99,20250105202026
利物浦 vs 曼彻斯特联,2-2,0-0,威*,0.83,1.25,0.99,20250105190620
利物浦 vs 曼彻斯特联,2-2,0-0,威*,0.85,1.25,0.98,20250105185150
利物浦 vs 曼彻斯特联,2-2,0-0,威*,0.87,1.25,0.97,20250105181414
利物浦 vs 曼彻斯特联,2-2,0-0,威*,0.86,1.25,0.95,20250105175046
利物浦 vs 曼彻斯特联,2-2,0-0,威*,0.85,1.25,0.96,20250105174258
利物浦 vs 曼彻斯特联,2-2,0-0,威*,0.84,1.25,1.0,20250105171159
利物浦 vs 曼彻斯特联,2-2,0-0,威*,0.84,1.25,0.97,20250105165619
利物浦 vs 曼彻斯特联,2-2,0-0,威*,0.86,1.25,0.97,20250105162512
利物浦 vs 曼彻斯特联,2-2,0-0,威*,0.85,1.25,0.96,20250105160928
利物浦 vs 曼彻斯特联,2-2,0-0,威*,0.84,1.25,0.97,20250105160134
利物浦 vs 曼彻斯特联,2-2,0-0,威*,0.84,1.25,0.98,20250105153043
利物浦 vs 曼彻斯特联,2-2,0-0,威*,0.83,1.25,0.99,20250105151507
利物浦 vs 曼彻斯特联,2-2,0-0,威*,0.8,1.25,1.04,20250105150728
利物浦 vs 曼彻斯特联,2-2,0-0,威*,0.91,1.5,0.91,20250105114009
利物浦 vs 曼彻斯特联,2-2,0-0,威*,0.89,1.5,0.91,20250105103918
利物浦 vs 曼彻斯特联,2-2,0-0,威*,0.88,1.5,0.93,20250105073630
利物浦 vs 曼彻斯特联,2-2,0-0,威*,0.88,1.5,0.92,20250105040335
利物浦 vs 曼彻斯特联,2-2,0-0,威*,0.81,1.5,0.99,20250104212239
利物浦 vs 曼彻斯特联,2-2,0-0,威*,0.81,1.5,1.0,20250104204545
利物浦 vs 曼彻斯特联,2-2,0-0,威*,1.01,1.75,0.81,20250104194125
利物浦 vs 曼彻斯特联,2-2,0-0,威*,0.81,1.5,0.99,20250104134742
利物浦 vs 曼彻斯特联,2-2,0-0,威*,0.81,1.5,1.0,20250104121010
利物浦 vs 曼彻斯特联,2-2,0-0,威*,0.82,1.5,0.98,20250104064819
利物浦 vs 曼彻斯特联,2-2,0-0,威*,0.83,1.5,0.97,20250104031609
利物浦 vs 曼彻斯特联,2-2,0-0,威*,0.82,1.5,0.98,20250104021102
利物浦 vs 曼彻斯特联,2-2,0-0,威*,0.84,1.5,0.96,20250103234626
利物浦 vs 曼彻斯特联,2-2,0-0,威*,0.8,1.5,1.05,20250103232600
利物浦 vs 曼彻斯特联,2-2,0-0,威*,0.84,1.5,0.95,20250103224527
利物浦 vs 曼彻斯特联,2-2,0-0,威*,0.81,1.5,0.99,20250103210417
利物浦 vs 曼彻斯特联,2-2,0-0,威*,1.0,1.75,0.8,20250103174546
利物浦 vs 曼彻斯特联,2-2,0-0,威*,0.99,1.75,0.81,20250103153055
利物浦 vs 曼彻斯特联,2-2,0-0,威*,0.98,1.75,0.83,20250103132215
利物浦 vs 曼彻斯特联,2-2,0-0,威*,0.8,1.5,1.05,20250102203307
利物浦 vs 曼彻斯特联,2-2,0-0,威*,0.93,1.75,0.87,20250102143344
利物浦 vs 曼彻斯特联,2-2,0-0,威*,0.93,1.75,0.86,20250102122038
利物浦 vs 曼彻斯特联,2-2,0-0,威*,0.91,1.75,0.88,20250102010953
利物浦 vs 曼彻斯特联,2-2,0-0,威*,0.84,1.75,0.92,20250101224546
利物浦 vs 曼彻斯特联,2-2,0-0,威*,0.82,1.75,0.95,20250101143008
利物浦 vs 曼彻斯特联,2-2,0-0,威*,0.85,1.75,0.92,20250101123840
利物浦 vs 曼彻斯特联,2-2,0-0,威*,0.75,1.5,1.15,20250101114245
利物浦 vs 曼彻斯特联,2-2,0-0,威*,0.89,1.75,0.88,20250101085457
利物浦 vs 曼彻斯特联,2-2,0-0,威*,0.97,1.75,0.82,20250101012432
利物浦 vs 曼彻斯特联,2-2,0-0,威*,0.98,1.75,0.81,20241231223658
利物浦 vs 曼彻斯特联,2-2,0-0,威*,0.94,1.75,0.84,20241231204625
利物浦 vs 曼彻斯特联,2-2,0-0,威*,0.83,1.5,1.05,20241231161805
利物浦 vs 曼彻斯特联,2-2,0-0,威*,0.97,1.75,0.82,20241231101156
利物浦 vs 曼彻斯特联,2-2,0-0,威*,0.95,1.75,0.83,20241231064811
利物浦 vs 曼彻斯特联,2-2,0-0,威*,0.81,1.5,0.99,20241231050035
利物浦 vs 曼彻斯特联,2-2,0-0,威*,0.86,1.5,0.94,20241230210750
利物浦 vs 曼彻斯特联,2-2,0-0,威*,0.83,1.5,0.96,20241230154258
利物浦 vs 曼彻斯特联,2-2,0-0,威*,0.82,1.5,0.97,20241230111438
利物浦 vs 曼彻斯特联,2-2,0-0,威*,0.82,1.5,0.98,20241230075942
利物浦 vs 曼彻斯特联,2-2,0-0,威*,0.82,1.5,0.97,20241230061227
利物浦 vs 曼彻斯特联,2-2,0-0,威*,0.81,1.5,0.99,20241230051900
利物浦 vs 曼彻斯特联,2-2,0-0,威*,0.83,1.5,0.98,20241230042613
利物浦 vs 曼彻斯特联,2-2,0-0,威*,0.84,1.5,0.95,20241229000134
利物浦 vs 曼彻斯特联,2-2,0-0,威*,0.85,1.5,0.95,20241228081350
利物浦 vs 曼彻斯特联,2-2,0-0,威*,0.86,1.5,0.94,20241227220326
利物浦 vs 曼彻斯特联,2-2,0-0,威*,0.93,1.5,0.84,20241227211844
利物浦 vs 曼彻斯特联,2-2,0-0,威*,0.96,1.5,0.82,20241227203348
利物浦 vs 曼彻斯特联,2-2,0-0,威*,1.01,1.5,0.79,20241227110424
利物浦 vs 曼彻斯特联,2-2,0-0,威*,0.79,1.25,1.01,20241227093520
利物浦 vs 曼彻斯特联,2-2,0-0,威*,0.79,1.25,1.0,20241227070741
利物浦 vs 曼彻斯特联,2-2,0-0,威*,0.81,1.25,1.02,20241227062255
利物浦 vs 曼彻斯特联,2-2,0-0,威*,0.84,1.25,0.99,20241227053814
利物浦 vs 曼彻斯特联,2-2,0-0,威*,0.81,1.25,1.0,20241227040856
利物浦 vs 曼彻斯特联,2-2,0-0,Interwet*,1.05,1.5,0.7,20250105235125
利物浦 vs 曼彻斯特联,2-2,0-0,Interwet*,0.97,1.5,0.77,20250105234736
利物浦 vs 曼彻斯特联,2-2,0-0,Interwet*,1.0,1.5,0.75,20250105234310
利物浦 vs 曼彻斯特联,2-2,0-0,Interwet*,0.97,1.5,0.77,20250105233316
利物浦 vs 曼彻斯特联,2-2,0-0,Interwet*,1.05,1.5,0.73,20250105230012
利物浦 vs 曼彻斯特联,2-2,0-0,Interwet*,1.0,1.5,0.73,20250105225216
利物浦 vs 曼彻斯特联,2-2,0-0,Interwet*,1.0,1.5,0.75,20250105224653
利物浦 vs 曼彻斯特联,2-2,0-0,Interwet*,1.05,1.5,0.73,20250105213101
利物浦 vs 曼彻斯特联,2-2,0-0,Interwet*,1.0,1.5,0.73,20250105211704
利物浦 vs 曼彻斯特联,2-2,0-0,Interwet*,1.05,1.5,0.73,20250105191309
利物浦 vs 曼彻斯特联,2-2,0-0,Interwet*,1.0,1.5,0.75,20250105190814
利物浦 vs 曼彻斯特联,2-2,0-0,Interwet*,1.05,1.5,0.73,20250105190342
利物浦 vs 曼彻斯特联,2-2,0-0,Interwet*,0.97,1.5,0.77,20250105185828
利物浦 vs 曼彻斯特联,2-2,0-0,Interwet*,1.05,1.5,0.73,20250105184232
利物浦 vs 曼彻斯特联,2-2,0-0,Interwet*,1.0,1.5,0.73,20250105183342
利物浦 vs 曼彻斯特联,2-2,0-0,Interwet*,1.05,1.5,0.7,20250105180504
利物浦 vs 曼彻斯特联,2-2,0-0,Interwet*,1.05,1.5,0.73,20250105173016
利物浦 vs 曼彻斯特联,2-2,0-0,Interwet*,1.0,1.5,0.75,20250105172646
利物浦 vs 曼彻斯特联,2-2,0-0,Interwet*,1.05,1.5,0.73,20250105170148
利物浦 vs 曼彻斯特联,2-2,0-0,Interwet*,0.95,1.5,0.77,20250105163151
利物浦 vs 曼彻斯特联,2-2,0-0,Interwet*,0.97,1.5,0.77,20250105162356
利物浦 vs 曼彻斯特联,2-2,0-0,Interwet*,1.0,1.5,0.75,20250105161936
利物浦 vs 曼彻斯特联,2-2,0-0,Interwet*,1.05,1.5,0.73,20250105160135
利物浦 vs 曼彻斯特联,2-2,0-0,Interwet*,0.97,1.5,0.77,20250105152208
利物浦 vs 曼彻斯特联,2-2,0-0,Interwet*,0.97,1.5,0.75,20250105151440
利物浦 vs 曼彻斯特联,2-2,0-0,Interwet*,0.97,1.5,0.77,20250105145827
利物浦 vs 曼彻斯特联,2-2,0-0,Interwet*,0.95,1.5,0.8,20250105144636
利物浦 vs 曼彻斯特联,2-2,0-0,Interwet*,0.95,1.5,0.77,20250105143849
利物浦 vs 曼彻斯特联,2-2,0-0,Interwet*,0.95,1.5,0.8,20250105141027
利物浦 vs 曼彻斯特联,2-2,0-0,Interwet*,0.95,1.5,0.83,20250105140236
利物浦 vs 曼彻斯特联,2-2,0-0,Interwet*,0.85,1.5,0.9,20250105133339
利物浦 vs 曼彻斯特联,2-2,0-0,Interwet*,0.9,1.5,0.83,20250105125714
利物浦 vs 曼彻斯特联,2-2,0-0,Interwet*,0.9,1.5,0.85,20250105123245
利物浦 vs 曼彻斯特联,2-2,0-0,Interwet*,0.85,1.5,0.9,20250105103914
利物浦 vs 曼彻斯特联,2-2,0-0,Interwet*,0.83,1.5,0.9,20250105101423
利物浦 vs 曼彻斯特联,2-2,0-0,Interwet*,0.85,1.5,0.9,20250105092831
利物浦 vs 曼彻斯特联,2-2,0-0,Interwet*,0.8,1.5,0.95,20250105090034
利物浦 vs 曼彻斯特联,2-2,0-0,Interwet*,0.85,1.5,0.9,20250105073732
利物浦 vs 曼彻斯特联,2-2,0-0,Interwet*,0.83,1.5,0.9,20250105073336
利物浦 vs 曼彻斯特联,2-2,0-0,Interwet*,0.85,1.5,0.9,20250105055229
利物浦 vs 曼彻斯特联,2-2,0-0,Interwet*,0.8,1.5,0.95,20250105040135
利物浦 vs 曼彻斯特联,2-2,0-0,Interwet*,0.83,1.5,0.9,20250105035725
利物浦 vs 曼彻斯特联,2-2,0-0,Interwet*,0.83,1.5,0.95,20250105034446
利物浦 vs 曼彻斯特联,2-2,0-0,Interwet*,0.8,1.5,0.95,20250105034039
利物浦 vs 曼彻斯特联,2-2,0-0,Interwet*,0.77,1.5,0.95,20250105033523
利物浦 vs 曼彻斯特联,2-2,0-0,Interwet*,0.77,1.5,0.97,20250105033058
利物浦 vs 曼彻斯特联,2-2,0-0,Interwet*,0.75,1.5,1.0,20250104233505
利物浦 vs 曼彻斯特联,2-2,0-0,Interwet*,0.73,1.5,1.05,20250104205608
利物浦 vs 曼彻斯特联,2-2,0-0,Interwet*,0.73,1.5,1.0,20250104203536
利物浦 vs 曼彻斯特联,2-2,0-0,Interwet*,0.75,1.5,0.97,20250104202944
利物浦 vs 曼彻斯特联,2-2,0-0,Interwet*,0.75,1.5,1.0,20250104190420
利物浦 vs 曼彻斯特联,2-2,0-0,Interwet*,0.8,1.5,0.95,20250104173118
利物浦 vs 曼彻斯特联,2-2,0-0,Interwet*,0.77,1.5,0.95,20250104135404
利物浦 vs 曼彻斯特联,2-2,0-0,Interwet*,0.8,1.5,0.95,20250104053724
利物浦 vs 曼彻斯特联,2-2,0-0,Interwet*,0.75,1.5,0.97,20250104050817
利物浦 vs 曼彻斯特联,2-2,0-0,Interwet*,0.75,1.5,1.0,20250104004626
利物浦 vs 曼彻斯特联,2-2,0-0,Interwet*,0.77,1.5,0.97,20250104000720
利物浦 vs 曼彻斯特联,2-2,0-0,Interwet*,0.75,1.5,1.0,20250103225930
利物浦 vs 曼彻斯特联,2-2,0-0,Interwet*,0.75,1.5,0.97,20250103223357
利物浦 vs 曼彻斯特联,2-2,0-0,Interwet*,0.77,1.5,0.95,20250103222910
利物浦 vs 曼彻斯特联,2-2,0-0,Interwet*,0.73,1.5,1.0,20250103222506
利物浦 vs 曼彻斯特联,2-2,0-0,Interwet*,0.75,1.5,1.0,20250103215502
利物浦 vs 曼彻斯特联,2-2,0-0,Interwet*,0.73,1.5,1.05,20250103214239
利物浦 vs 曼彻斯特联,2-2,0-0,Interwet*,0.75,1.5,0.97,20250103204440
利物浦 vs 曼彻斯特联,2-2,0-0,Interwet*,0.75,1.5,1.0,20250103180325
利物浦 vs 曼彻斯特联,2-2,0-0,Interwet*,0.73,1.5,1.0,20250103131815
利物浦 vs 曼彻斯特联,2-2,0-0,Interwet*,0.75,1.5,1.0,20250103120350
利物浦 vs 曼彻斯特联,2-2,0-0,Interwet*,0.77,1.5,0.97,20250103105801
利物浦 vs 曼彻斯特联,2-2,0-0,Interwet*,0.75,1.5,1.0,20250103085748
利物浦 vs 曼彻斯特联,2-2,0-0,Interwet*,0.73,1.5,1.05,20250103003825
利物浦 vs 曼彻斯特联,2-2,0-0,Interwet*,0.73,1.5,1.0,20250102222953
利物浦 vs 曼彻斯特联,2-2,0-0,Interwet*,0.73,1.5,1.05,20250102195932
利物浦 vs 曼彻斯特联,2-2,0-0,Interwet*,1.1,2.0,0.67,20250102192125
利物浦 vs 曼彻斯特联,2-2,0-0,Interwet*,0.7,1.5,1.1,20250102191716
利物浦 vs 曼彻斯特联,2-2,0-0,Interwet*,0.67,1.5,1.1,20250102164325
利物浦 vs 曼彻斯特联,2-2,0-0,Interwet*,0.7,1.5,1.1,20250102121006
利物浦 vs 曼彻斯特联,2-2,0-0,Interwet*,1.05,2.0,0.7,20250102095916
利物浦 vs 曼彻斯特联,2-2,0-0,Interwet*,1.1,2.0,0.67,20250102080725
利物浦 vs 曼彻斯特联,2-2,0-0,Interwet*,1.1,2.0,0.7,20250102004812
利物浦 vs 曼彻斯特联,2-2,0-0,Interwet*,1.05,2.0,0.7,20250102004132
利物浦 vs 曼彻斯特联,2-2,0-0,Interwet*,1.0,2.0,0.73,20250101211816
利物浦 vs 曼彻斯特联,2-2,0-0,Interwet*,1.0,2.0,0.75,20250101211451
利物浦 vs 曼彻斯特联,2-2,0-0,Interwet*,0.97,2.0,0.75,20250101184651
利物浦 vs 曼彻斯特联,2-2,0-0,Interwet*,0.95,2.0,0.75,20250101184343
利物浦 vs 曼彻斯特联,2-2,0-0,Interwet*,0.97,2.0,0.75,20250101140204
利物浦 vs 曼彻斯特联,2-2,0-0,Interwet*,1.0,2.0,0.73,20250101122346
利物浦 vs 曼彻斯特联,2-2,0-0,Interwet*,1.05,2.0,0.73,20250101121742
利物浦 vs 曼彻斯特联,2-2,0-0,Interwet*,1.0,2.0,0.73,20250101121206
利物浦 vs 曼彻斯特联,2-2,0-0,Interwet*,1.05,2.0,0.73,20250101115414
利物浦 vs 曼彻斯特联,2-2,0-0,Interwet*,1.05,2.0,0.7,20250101082526
利物浦 vs 曼彻斯特联,2-2,0-0,Interwet*,1.1,2.0,0.67,20250101082241
利物浦 vs 曼彻斯特联,2-2,0-0,Interwet*,0.7,1.5,1.1,20250101081835
利物浦 vs 曼彻斯特联,2-2,0-0,Interwet*,0.7,1.5,1.05,20250101014206
利物浦 vs 曼彻斯特联,2-2,0-0,Interwet*,0.73,1.5,1.05,20250101012752
利物浦 vs 曼彻斯特联,2-2,0-0,Interwet*,0.7,1.5,1.05,20250101010959
利物浦 vs 曼彻斯特联,2-2,0-0,Interwet*,0.7,1.5,1.1,20250101010608
利物浦 vs 曼彻斯特联,2-2,0-0,Interwet*,0.7,1.5,1.05,20250101000045
利物浦 vs 曼彻斯特联,2-2,0-0,Interwet*,0.73,1.5,1.05,20241231220357
利物浦 vs 曼彻斯特联,2-2,0-0,Interwet*,0.7,1.5,1.05,20241231220002
利物浦 vs 曼彻斯特联,2-2,0-0,Interwet*,1.1,2.0,0.67,20241231211453
利物浦 vs 曼彻斯特联,2-2,0-0,Interwet*,0.7,1.5,1.1,20241231200251
利物浦 vs 曼彻斯特联,2-2,0-0,Interwet*,0.7,1.5,1.05,20241231173540
利物浦 vs 曼彻斯特联,2-2,0-0,Interwet*,0.73,1.5,1.05,20241231135323
利物浦 vs 曼彻斯特联,2-2,0-0,Interwet*,0.7,1.5,1.05,20241231122942
利物浦 vs 曼彻斯特联,2-2,0-0,Interwet*,0.73,1.5,1.05,20241231092202
利物浦 vs 曼彻斯特联,2-2,0-0,Interwet*,0.7,1.5,1.05,20241231083318
利物浦 vs 曼彻斯特联,2-2,0-0,Interwet*,0.7,1.5,1.1,20241231063549
利物浦 vs 曼彻斯特联,2-2,0-0,Interwet*,0.7,1.5,1.05,20241231062045
利物浦 vs 曼彻斯特联,2-2,0-0,Interwet*,0.7,1.5,1.1,20241231061800
利物浦 vs 曼彻斯特联,2-2,0-0,Interwet*,0.73,1.5,1.05,20241231043759
利物浦 vs 曼彻斯特联,2-2,0-0,Interwet*,0.73,1.5,1.0,20241231043244
利物浦 vs 曼彻斯特联,2-2,0-0,Interwet*,0.77,1.5,0.97,20241231021903
利物浦 vs 曼彻斯特联,2-2,0-0,Interwet*,0.8,1.5,0.95,20241230193326
利物浦 vs 曼彻斯特联,2-2,0-0,Interwet*,0.77,1.5,0.97,20241230185219
利物浦 vs 曼彻斯特联,2-2,0-0,Interwet*,0.8,1.5,0.95,20241230175702
利物浦 vs 曼彻斯特联,2-2,0-0,Interwet*,0.77,1.5,0.97,20241230162622
利物浦 vs 曼彻斯特联,2-2,0-0,Interwet*,0.77,1.5,0.95,20241230135410
利物浦 vs 曼彻斯特联,2-2,0-0,Interwet*,0.75,1.5,1.0,20241230100521
利物浦 vs 曼彻斯特联,2-2,0-0,Interwet*,0.73,1.5,1.05,20241230062321
利物浦 vs 曼彻斯特联,2-2,0-0,Interwet*,0.77,1.5,0.97,20241230042406
利物浦 vs 曼彻斯特联,2-2,0-0,Interwet*,0.73,1.5,1.05,20241230042112
利物浦 vs 曼彻斯特联,2-2,0-0,Interwet*,0.77,1.5,0.95,20241230041301
利物浦 vs 曼彻斯特联,2-2,0-0,Interwet*,0.73,1.5,1.0,20241230040736
利物浦 vs 曼彻斯特联,2-2,0-0,Interwet*,0.75,1.5,1.0,20241230040455
利物浦 vs 曼彻斯特联,2-2,0-0,Interwet*,0.8,1.5,0.95,20241230023334
利物浦 vs 曼彻斯特联,2-2,0-0,Interwet*,0.77,1.5,0.97,20241230022510
利物浦 vs 曼彻斯特联,2-2,0-0,Interwet*,0.77,1.5,0.95,20241230021916
利物浦 vs 曼彻斯特联,2-2,0-0,Interwet*,0.83,1.5,0.95,20241230004353
利物浦 vs 曼彻斯特联,2-2,0-0,Interwet*,0.8,1.5,0.95,20241230003810
利物浦 vs 曼彻斯特联,2-2,0-0,Interwet*,0.77,1.5,0.95,20241228222924
利物浦 vs 曼彻斯特联,2-2,0-0,Interwet*,0.8,1.5,0.95,20241228123633
利物浦 vs 曼彻斯特联,2-2,0-0,Interwet*,0.83,1.5,0.95,20241228123316
利物浦 vs 曼彻斯特联,2-2,0-0,Interwet*,0.8,1.5,0.95,20241227223240
利物浦 vs 曼彻斯特联,2-2,0-0,Interwet*,0.83,1.5,0.95,20241227222923
利物浦 vs 曼彻斯特联,2-2,0-0,Interwet*,0.83,1.5,0.9,20241227222447
利物浦 vs 曼彻斯特联,2-2,0-0,Interwet*,0.8,1.5,0.95,20241227213913
利物浦 vs 曼彻斯特联,2-2,0-0,Interwet*,0.77,1.5,0.95,20241227212057
利物浦 vs 曼彻斯特联,2-2,0-0,Interwet*,0.75,1.5,0.97,20241227211340
利物浦 vs 曼彻斯特联,2-2,0-0,Interwet*,0.77,1.5,0.97,20241227211002
利物浦 vs 曼彻斯特联,2-2,0-0,Interwet*,0.83,1.5,0.9,20241227205729
利物浦 vs 曼彻斯特联,2-2,0-0,Interwet*,0.85,1.5,0.9,20241227201803
利物浦 vs 曼彻斯特联,2-2,0-0,Interwet*,0.9,1.5,0.85,20241227201444
利物浦 vs 曼彻斯特联,2-2,0-0,Interwet*,0.9,1.5,0.83,20241227173537
利物浦 vs 曼彻斯特联,2-2,0-0,Interwet*,0.95,1.5,0.83,20241227154339
利物浦 vs 曼彻斯特联,2-2,0-0,Interwet*,0.95,1.5,0.8,20241227081426
利物浦 vs 曼彻斯特联,2-2,0-0,Interwet*,0.95,1.5,0.77,20241227063346
利物浦 vs 曼彻斯特联,2-2,0-0,Interwet*,0.97,1.5,0.77,20241227053846
利物浦 vs 曼彻斯特联,2-2,0-0,Interwet*,0.95,1.5,0.77,20241227053601
利物浦 vs 曼彻斯特联,2-2,0-0,Interwet*,0.97,1.5,0.77,20241227052012
利物浦 vs 曼彻斯特联,2-2,0-0,Interwet*,0.97,1.5,0.75,20241227051709
利物浦 vs 曼彻斯特联,2-2,0-0,Interwet*,1.0,1.5,0.75,20241227051055
利物浦 vs 曼彻斯特联,2-2,0-0,Interwet*,0.97,1.5,0.77,20241227050814
利物浦 vs 曼彻斯特联,2-2,0-0,Interwet*,1.15,1.5,0.65,20241227034236
利物浦 vs 曼彻斯特联,2-2,0-0,Interwet*,0.65,1.0,1.1,20241227002524
利物浦 vs 曼彻斯特联,2-2,0-0,Interwet*,0.67,1.0,1.1,20241227000317
