Teams,FT Score,HT Score,Bookmaker,Home Odds,Handicap,Away Odds,Timestamp
托特纳姆热刺 vs 纽卡斯尔联,1-2,1-2,澳*,1.12,-0.5,0.74,20250104192318
托特纳姆热刺 vs 纽卡斯尔联,1-2,1-2,澳*,1.04,-0.5,0.82,20250104191747
托特纳姆热刺 vs 纽卡斯尔联,1-2,1-2,澳*,0.88,-0.75,0.98,20250104185638
托特纳姆热刺 vs 纽卡斯尔联,1-2,1-2,澳*,0.86,-0.75,1.0,20250104184242
托特纳姆热刺 vs 纽卡斯尔联,1-2,1-2,澳*,1.0,-0.5,0.86,20250104181538
托特纳姆热刺 vs 纽卡斯尔联,1-2,1-2,澳*,0.99,-0.5,0.87,20250104181449
托特纳姆热刺 vs 纽卡斯尔联,1-2,1-2,澳*,1.0,-0.5,0.86,20250104173820
托特纳姆热刺 vs 纽卡斯尔联,1-2,1-2,澳*,0.98,-0.5,0.88,20250104154631
托特纳姆热刺 vs 纽卡斯尔联,1-2,1-2,澳*,0.94,-0.5,0.92,20250104130036
托特纳姆热刺 vs 纽卡斯尔联,1-2,1-2,澳*,0.98,-0.5,0.88,20250104051932
托特纳姆热刺 vs 纽卡斯尔联,1-2,1-2,澳*,0.92,-0.5,0.94,20250104051542
托特纳姆热刺 vs 纽卡斯尔联,1-2,1-2,澳*,0.96,-0.5,0.9,20250104051317
托特纳姆热刺 vs 纽卡斯尔联,1-2,1-2,澳*,1.08,-0.25,0.78,20250104041717
托特纳姆热刺 vs 纽卡斯尔联,1-2,1-2,澳*,0.91,-0.25,0.95,20250101071311
托特纳姆热刺 vs 纽卡斯尔联,1-2,1-2,澳*,0.89,-0.25,0.97,20241231071400
托特纳姆热刺 vs 纽卡斯尔联,1-2,1-2,澳*,0.82,-0.25,1.04,20241230203558
托特纳姆热刺 vs 纽卡斯尔联,1-2,1-2,Crow*,0.97,-0.75,0.92,20250104202941
托特纳姆热刺 vs 纽卡斯尔联,1-2,1-2,Crow*,0.94,-0.75,0.95,20250104202800
托特纳姆热刺 vs 纽卡斯尔联,1-2,1-2,Crow*,0.93,-0.75,0.96,20250104202428
托特纳姆热刺 vs 纽卡斯尔联,1-2,1-2,Crow*,0.92,-0.75,0.97,20250104202222
托特纳姆热刺 vs 纽卡斯尔联,1-2,1-2,Crow*,0.91,-0.75,0.98,20250104200703
托特纳姆热刺 vs 纽卡斯尔联,1-2,1-2,Crow*,0.92,-0.75,0.97,20250104200117
托特纳姆热刺 vs 纽卡斯尔联,1-2,1-2,Crow*,0.91,-0.75,0.98,20250104195746
托特纳姆热刺 vs 纽卡斯尔联,1-2,1-2,Crow*,0.92,-0.75,0.97,20250104195618
托特纳姆热刺 vs 纽卡斯尔联,1-2,1-2,Crow*,0.93,-0.75,0.96,20250104194910
托特纳姆热刺 vs 纽卡斯尔联,1-2,1-2,Crow*,0.92,-0.75,0.97,20250104194323
托特纳姆热刺 vs 纽卡斯尔联,1-2,1-2,Crow*,0.91,-0.75,0.98,20250104194157
托特纳姆热刺 vs 纽卡斯尔联,1-2,1-2,Crow*,0.89,-0.75,1.0,20250104193239
托特纳姆热刺 vs 纽卡斯尔联,1-2,1-2,Crow*,0.9,-0.75,0.99,20250104193112
托特纳姆热刺 vs 纽卡斯尔联,1-2,1-2,Crow*,0.92,-0.75,0.97,20250104192747
托特纳姆热刺 vs 纽卡斯尔联,1-2,1-2,Crow*,0.93,-0.75,0.96,20250104192703
托特纳姆热刺 vs 纽卡斯尔联,1-2,1-2,Crow*,0.94,-0.75,0.95,20250104192414
托特纳姆热刺 vs 纽卡斯尔联,1-2,1-2,Crow*,0.95,-0.75,0.94,20250104192125
托特纳姆热刺 vs 纽卡斯尔联,1-2,1-2,Crow*,0.93,-0.75,0.96,20250104192042
托特纳姆热刺 vs 纽卡斯尔联,1-2,1-2,Crow*,0.9,-0.75,0.99,20250104192001
托特纳姆热刺 vs 纽卡斯尔联,1-2,1-2,Crow*,0.88,-0.75,1.01,20250104191920
托特纳姆热刺 vs 纽卡斯尔联,1-2,1-2,Crow*,0.86,-0.75,1.03,20250104191838
托特纳姆热刺 vs 纽卡斯尔联,1-2,1-2,Crow*,1.05,-0.5,0.84,20250104191712
托特纳姆热刺 vs 纽卡斯尔联,1-2,1-2,Crow*,1.04,-0.5,0.85,20250104191506
托特纳姆热刺 vs 纽卡斯尔联,1-2,1-2,Crow*,1.05,-0.5,0.84,20250104191424
托特纳姆热刺 vs 纽卡斯尔联,1-2,1-2,Crow*,0.85,-0.75,1.04,20250104191336
托特纳姆热刺 vs 纽卡斯尔联,1-2,1-2,Crow*,0.87,-0.75,1.02,20250104190805
托特纳姆热刺 vs 纽卡斯尔联,1-2,1-2,Crow*,0.88,-0.75,1.01,20250104190024
托特纳姆热刺 vs 纽卡斯尔联,1-2,1-2,Crow*,0.89,-0.75,1.0,20250104185726
托特纳姆热刺 vs 纽卡斯尔联,1-2,1-2,Crow*,0.9,-0.75,0.99,20250104184332
托特纳姆热刺 vs 纽卡斯尔联,1-2,1-2,Crow*,0.88,-0.75,1.01,20250104184032
托特纳姆热刺 vs 纽卡斯尔联,1-2,1-2,Crow*,0.85,-0.75,1.04,20250104183902
托特纳姆热刺 vs 纽卡斯尔联,1-2,1-2,Crow*,1.03,-0.5,0.86,20250104182752
托特纳姆热刺 vs 纽卡斯尔联,1-2,1-2,Crow*,1.04,-0.5,0.85,20250104175145
托特纳姆热刺 vs 纽卡斯尔联,1-2,1-2,Crow*,1.03,-0.5,0.86,20250104173720
托特纳姆热刺 vs 纽卡斯尔联,1-2,1-2,Crow*,1.02,-0.5,0.87,20250104173514
托特纳姆热刺 vs 纽卡斯尔联,1-2,1-2,Crow*,1.04,-0.5,0.85,20250104165601
托特纳姆热刺 vs 纽卡斯尔联,1-2,1-2,Crow*,1.03,-0.5,0.86,20250104165129
托特纳姆热刺 vs 纽卡斯尔联,1-2,1-2,Crow*,1.01,-0.5,0.88,20250104160944
托特纳姆热刺 vs 纽卡斯尔联,1-2,1-2,Crow*,0.99,-0.5,0.9,20250104155355
托特纳姆热刺 vs 纽卡斯尔联,1-2,1-2,Crow*,1.0,-0.5,0.89,20250104152740
托特纳姆热刺 vs 纽卡斯尔联,1-2,1-2,Crow*,0.99,-0.5,0.9,20250104152610
托特纳姆热刺 vs 纽卡斯尔联,1-2,1-2,Crow*,0.97,-0.5,0.92,20250104152527
托特纳姆热刺 vs 纽卡斯尔联,1-2,1-2,Crow*,0.96,-0.5,0.93,20250104150959
托特纳姆热刺 vs 纽卡斯尔联,1-2,1-2,Crow*,0.97,-0.5,0.92,20250104150622
托特纳姆热刺 vs 纽卡斯尔联,1-2,1-2,Crow*,0.98,-0.5,0.91,20250104144233
托特纳姆热刺 vs 纽卡斯尔联,1-2,1-2,Crow*,0.97,-0.5,0.92,20250104134934
托特纳姆热刺 vs 纽卡斯尔联,1-2,1-2,Crow*,0.96,-0.5,0.93,20250104133805
托特纳姆热刺 vs 纽卡斯尔联,1-2,1-2,Crow*,0.95,-0.5,0.94,20250104132624
托特纳姆热刺 vs 纽卡斯尔联,1-2,1-2,Crow*,0.96,-0.5,0.93,20250104132111
托特纳姆热刺 vs 纽卡斯尔联,1-2,1-2,Crow*,0.95,-0.5,0.94,20250104131237
托特纳姆热刺 vs 纽卡斯尔联,1-2,1-2,Crow*,0.97,-0.5,0.92,20250104130952
托特纳姆热刺 vs 纽卡斯尔联,1-2,1-2,Crow*,0.96,-0.5,0.93,20250104125833
托特纳姆热刺 vs 纽卡斯尔联,1-2,1-2,Crow*,0.97,-0.5,0.92,20250104125753
托特纳姆热刺 vs 纽卡斯尔联,1-2,1-2,Crow*,0.99,-0.5,0.9,20250104125215
托特纳姆热刺 vs 纽卡斯尔联,1-2,1-2,Crow*,0.98,-0.5,0.91,20250104124003
托特纳姆热刺 vs 纽卡斯尔联,1-2,1-2,Crow*,0.97,-0.5,0.92,20250104123739
托特纳姆热刺 vs 纽卡斯尔联,1-2,1-2,Crow*,0.96,-0.5,0.93,20250104123619
托特纳姆热刺 vs 纽卡斯尔联,1-2,1-2,Crow*,1.01,-0.5,0.88,20250104122354
托特纳姆热刺 vs 纽卡斯尔联,1-2,1-2,Crow*,1.02,-0.5,0.87,20250104122232
托特纳姆热刺 vs 纽卡斯尔联,1-2,1-2,Crow*,1.01,-0.5,0.88,20250104122149
托特纳姆热刺 vs 纽卡斯尔联,1-2,1-2,Crow*,1.02,-0.5,0.87,20250104122106
托特纳姆热刺 vs 纽卡斯尔联,1-2,1-2,Crow*,1.0,-0.5,0.89,20250104121435
托特纳姆热刺 vs 纽卡斯尔联,1-2,1-2,Crow*,0.99,-0.5,0.9,20250104121353
托特纳姆热刺 vs 纽卡斯尔联,1-2,1-2,Crow*,1.01,-0.5,0.88,20250104121309
托特纳姆热刺 vs 纽卡斯尔联,1-2,1-2,Crow*,1.0,-0.5,0.89,20250104120806
托特纳姆热刺 vs 纽卡斯尔联,1-2,1-2,Crow*,0.99,-0.5,0.9,20250104120255
托特纳姆热刺 vs 纽卡斯尔联,1-2,1-2,Crow*,0.98,-0.5,0.91,20250104105328
托特纳姆热刺 vs 纽卡斯尔联,1-2,1-2,Crow*,0.99,-0.5,0.9,20250104103918
托特纳姆热刺 vs 纽卡斯尔联,1-2,1-2,Crow*,1.0,-0.5,0.89,20250104103615
托特纳姆热刺 vs 纽卡斯尔联,1-2,1-2,Crow*,1.01,-0.5,0.88,20250104100134
托特纳姆热刺 vs 纽卡斯尔联,1-2,1-2,Crow*,1.03,-0.5,0.86,20250104095307
托特纳姆热刺 vs 纽卡斯尔联,1-2,1-2,Crow*,1.0,-0.5,0.89,20250104092110
托特纳姆热刺 vs 纽卡斯尔联,1-2,1-2,Crow*,1.01,-0.5,0.88,20250104091708
托特纳姆热刺 vs 纽卡斯尔联,1-2,1-2,Crow*,1.02,-0.5,0.87,20250104060942
托特纳姆热刺 vs 纽卡斯尔联,1-2,1-2,Crow*,1.0,-0.5,0.89,20250104053724
托特纳姆热刺 vs 纽卡斯尔联,1-2,1-2,Crow*,1.01,-0.5,0.88,20250104053442
托特纳姆热刺 vs 纽卡斯尔联,1-2,1-2,Crow*,1.0,-0.5,0.88,20250104051817
托特纳姆热刺 vs 纽卡斯尔联,1-2,1-2,Crow*,0.92,-0.5,0.96,20250104051104
托特纳姆热刺 vs 纽卡斯尔联,1-2,1-2,Crow*,0.85,-0.5,1.03,20250104044353
托特纳姆热刺 vs 纽卡斯尔联,1-2,1-2,Crow*,0.84,-0.5,1.04,20250104041626
托特纳姆热刺 vs 纽卡斯尔联,1-2,1-2,Crow*,1.04,-0.25,0.84,20250104041222
托特纳姆热刺 vs 纽卡斯尔联,1-2,1-2,Crow*,1.0,-0.25,0.88,20250104040940
托特纳姆热刺 vs 纽卡斯尔联,1-2,1-2,Crow*,0.96,-0.25,0.92,20250104035143
托特纳姆热刺 vs 纽卡斯尔联,1-2,1-2,Crow*,0.94,-0.25,0.94,20250104024245
托特纳姆热刺 vs 纽卡斯尔联,1-2,1-2,Crow*,0.91,-0.25,0.97,20250104023417
托特纳姆热刺 vs 纽卡斯尔联,1-2,1-2,Crow*,0.9,-0.25,0.98,20250104022028
托特纳姆热刺 vs 纽卡斯尔联,1-2,1-2,Crow*,0.89,-0.25,0.99,20250103235342
托特纳姆热刺 vs 纽卡斯尔联,1-2,1-2,Crow*,0.9,-0.25,0.98,20250102185801
托特纳姆热刺 vs 纽卡斯尔联,1-2,1-2,Crow*,0.89,-0.25,0.99,20250101112551
托特纳姆热刺 vs 纽卡斯尔联,1-2,1-2,Crow*,0.92,-0.25,0.96,20241231212826
托特纳姆热刺 vs 纽卡斯尔联,1-2,1-2,Crow*,0.9,-0.25,0.98,20241231060100
托特纳姆热刺 vs 纽卡斯尔联,1-2,1-2,Crow*,0.83,-0.25,1.05,20241230010552
托特纳姆热刺 vs 纽卡斯尔联,1-2,1-2,Crow*,1.05,0.0,0.83,20241229221606
托特纳姆热刺 vs 纽卡斯尔联,1-2,1-2,Crow*,1.03,0.0,0.85,20241228071639
托特纳姆热刺 vs 纽卡斯尔联,1-2,1-2,Crow*,0.99,0.0,0.89,20241228021035
托特纳姆热刺 vs 纽卡斯尔联,1-2,1-2,Crow*,0.97,0.0,0.91,20241228020924
托特纳姆热刺 vs 纽卡斯尔联,1-2,1-2,Crow*,0.94,0.0,0.94,20241228020227
托特纳姆热刺 vs 纽卡斯尔联,1-2,1-2,Crow*,0.9,0.0,0.98,20241227221743
托特纳姆热刺 vs 纽卡斯尔联,1-2,1-2,36*,0.93,-0.75,0.97,20250104202957
托特纳姆热刺 vs 纽卡斯尔联,1-2,1-2,36*,0.95,-0.75,0.95,20250104202857
托特纳姆热刺 vs 纽卡斯尔联,1-2,1-2,36*,0.92,-0.75,0.98,20250104201509
托特纳姆热刺 vs 纽卡斯尔联,1-2,1-2,36*,0.93,-0.75,1.0,20250104200952
托特纳姆热刺 vs 纽卡斯尔联,1-2,1-2,36*,0.94,-0.75,0.99,20250104200757
托特纳姆热刺 vs 纽卡斯尔联,1-2,1-2,36*,0.93,-0.75,1.0,20250104200613
托特纳姆热刺 vs 纽卡斯尔联,1-2,1-2,36*,0.94,-0.75,0.99,20250104200407
托特纳姆热刺 vs 纽卡斯尔联,1-2,1-2,36*,0.95,-0.75,0.98,20250104194835
托特纳姆热刺 vs 纽卡斯尔联,1-2,1-2,36*,0.94,-0.75,0.99,20250104194455
托特纳姆热刺 vs 纽卡斯尔联,1-2,1-2,36*,0.93,-0.75,1.0,20250104193333
托特纳姆热刺 vs 纽卡斯尔联,1-2,1-2,36*,0.95,-0.75,0.98,20250104192839
托特纳姆热刺 vs 纽卡斯尔联,1-2,1-2,36*,0.96,-0.75,0.97,20250104192609
托特纳姆热刺 vs 纽卡斯尔联,1-2,1-2,36*,0.91,-0.75,1.02,20250104192422
托特纳姆热刺 vs 纽卡斯尔联,1-2,1-2,36*,0.87,-0.75,1.06,20250104191655
托特纳姆热刺 vs 纽卡斯尔联,1-2,1-2,36*,0.89,-0.75,1.04,20250104191451
托特纳姆热刺 vs 纽卡斯尔联,1-2,1-2,36*,0.9,-0.75,1.03,20250104191014
托特纳姆热刺 vs 纽卡斯尔联,1-2,1-2,36*,0.91,-0.75,1.02,20250104190450
托特纳姆热刺 vs 纽卡斯尔联,1-2,1-2,36*,0.92,-0.75,1.01,20250104185941
托特纳姆热刺 vs 纽卡斯尔联,1-2,1-2,36*,0.93,-0.75,1.0,20250104184805
托特纳姆热刺 vs 纽卡斯尔联,1-2,1-2,36*,0.91,-0.75,1.02,20250104184603
托特纳姆热刺 vs 纽卡斯尔联,1-2,1-2,36*,0.9,-0.75,1.03,20250104184224
托特纳姆热刺 vs 纽卡斯尔联,1-2,1-2,36*,0.87,-0.75,1.06,20250104184037
托特纳姆热刺 vs 纽卡斯尔联,1-2,1-2,36*,1.06,-0.5,0.87,20250104182722
托特纳姆热刺 vs 纽卡斯尔联,1-2,1-2,36*,1.07,-0.5,0.86,20250104181652
托特纳姆热刺 vs 纽卡斯尔联,1-2,1-2,36*,0.86,-0.75,1.07,20250104180219
托特纳姆热刺 vs 纽卡斯尔联,1-2,1-2,36*,1.07,-0.5,0.86,20250104175311
托特纳姆热刺 vs 纽卡斯尔联,1-2,1-2,36*,1.06,-0.5,0.87,20250104174558
托特纳姆热刺 vs 纽卡斯尔联,1-2,1-2,36*,1.05,-0.5,0.88,20250104174028
托特纳姆热刺 vs 纽卡斯尔联,1-2,1-2,36*,1.06,-0.5,0.87,20250104171017
托特纳姆热刺 vs 纽卡斯尔联,1-2,1-2,36*,1.07,-0.5,0.86,20250104165820
托特纳姆热刺 vs 纽卡斯尔联,1-2,1-2,36*,1.06,-0.5,0.87,20250104165631
托特纳姆热刺 vs 纽卡斯尔联,1-2,1-2,36*,1.05,-0.5,0.88,20250104165442
托特纳姆热刺 vs 纽卡斯尔联,1-2,1-2,36*,1.03,-0.5,0.9,20250104164911
托特纳姆热刺 vs 纽卡斯尔联,1-2,1-2,36*,1.04,-0.5,0.89,20250104163931
托特纳姆热刺 vs 纽卡斯尔联,1-2,1-2,36*,1.03,-0.5,0.9,20250104163904
托特纳姆热刺 vs 纽卡斯尔联,1-2,1-2,36*,1.04,-0.5,0.89,20250104163543
托特纳姆热刺 vs 纽卡斯尔联,1-2,1-2,36*,1.03,-0.5,0.9,20250104162534
托特纳姆热刺 vs 纽卡斯尔联,1-2,1-2,36*,1.04,-0.5,0.89,20250104161311
托特纳姆热刺 vs 纽卡斯尔联,1-2,1-2,36*,1.02,-0.5,0.91,20250104152604
托特纳姆热刺 vs 纽卡斯尔联,1-2,1-2,36*,0.98,-0.5,0.95,20250104151702
托特纳姆热刺 vs 纽卡斯尔联,1-2,1-2,36*,0.99,-0.5,0.94,20250104135327
托特纳姆热刺 vs 纽卡斯尔联,1-2,1-2,36*,0.98,-0.5,0.95,20250104133615
托特纳姆热刺 vs 纽卡斯尔联,1-2,1-2,36*,0.95,-0.5,0.98,20250104132818
托特纳姆热刺 vs 纽卡斯尔联,1-2,1-2,36*,0.97,-0.5,0.96,20250104132237
托特纳姆热刺 vs 纽卡斯尔联,1-2,1-2,36*,0.96,-0.5,0.97,20250104131456
托特纳姆热刺 vs 纽卡斯尔联,1-2,1-2,36*,0.98,-0.5,0.95,20250104130313
托特纳姆热刺 vs 纽卡斯尔联,1-2,1-2,36*,0.99,-0.5,0.94,20250104124716
托特纳姆热刺 vs 纽卡斯尔联,1-2,1-2,36*,0.97,-0.5,0.93,20250104124325
托特纳姆热刺 vs 纽卡斯尔联,1-2,1-2,36*,0.95,-0.5,0.95,20250104124130
托特纳姆热刺 vs 纽卡斯尔联,1-2,1-2,36*,0.99,-0.5,0.91,20250104123536
托特纳姆热刺 vs 纽卡斯尔联,1-2,1-2,36*,1.01,-0.5,0.89,20250104121937
托特纳姆热刺 vs 纽卡斯尔联,1-2,1-2,36*,1.0,-0.5,0.9,20250104121619
托特纳姆热刺 vs 纽卡斯尔联,1-2,1-2,36*,1.01,-0.5,0.89,20250104121202
托特纳姆热刺 vs 纽卡斯尔联,1-2,1-2,36*,1.0,-0.5,0.9,20250104120553
托特纳姆热刺 vs 纽卡斯尔联,1-2,1-2,36*,0.99,-0.5,0.91,20250104113309
托特纳姆热刺 vs 纽卡斯尔联,1-2,1-2,36*,1.0,-0.5,0.9,20250104111502
托特纳姆热刺 vs 纽卡斯尔联,1-2,1-2,36*,0.99,-0.5,0.91,20250104105822
托特纳姆热刺 vs 纽卡斯尔联,1-2,1-2,36*,1.0,-0.5,0.9,20250104103810
托特纳姆热刺 vs 纽卡斯尔联,1-2,1-2,36*,1.01,-0.5,0.89,20250104101150
托特纳姆热刺 vs 纽卡斯尔联,1-2,1-2,36*,1.02,-0.5,0.88,20250104100227
托特纳姆热刺 vs 纽卡斯尔联,1-2,1-2,36*,1.0,-0.5,0.9,20250104094417
托特纳姆热刺 vs 纽卡斯尔联,1-2,1-2,36*,1.01,-0.5,0.89,20250104094224
托特纳姆热刺 vs 纽卡斯尔联,1-2,1-2,36*,1.0,-0.5,0.9,20250104094202
托特纳姆热刺 vs 纽卡斯尔联,1-2,1-2,36*,1.01,-0.5,0.89,20250104093615
托特纳姆热刺 vs 纽卡斯尔联,1-2,1-2,36*,1.02,-0.5,0.88,20250104090729
托特纳姆热刺 vs 纽卡斯尔联,1-2,1-2,36*,1.03,-0.5,0.87,20250104064650
托特纳姆热刺 vs 纽卡斯尔联,1-2,1-2,36*,1.02,-0.5,0.88,20250104064259
托特纳姆热刺 vs 纽卡斯尔联,1-2,1-2,36*,1.04,-0.5,0.86,20250104063139
托特纳姆热刺 vs 纽卡斯尔联,1-2,1-2,36*,1.03,-0.5,0.87,20250104061951
托特纳姆热刺 vs 纽卡斯尔联,1-2,1-2,36*,1.02,-0.5,0.88,20250104061419
托特纳姆热刺 vs 纽卡斯尔联,1-2,1-2,36*,1.04,-0.5,0.86,20250104061033
托特纳姆热刺 vs 纽卡斯尔联,1-2,1-2,36*,1.03,-0.5,0.87,20250104060648
托特纳姆热刺 vs 纽卡斯尔联,1-2,1-2,36*,1.01,-0.5,0.89,20250104060238
托特纳姆热刺 vs 纽卡斯尔联,1-2,1-2,36*,1.0,-0.5,0.9,20250104054442
托特纳姆热刺 vs 纽卡斯尔联,1-2,1-2,36*,1.01,-0.5,0.89,20250104053843
托特纳姆热刺 vs 纽卡斯尔联,1-2,1-2,36*,1.03,-0.5,0.87,20250104052045
托特纳姆热刺 vs 纽卡斯尔联,1-2,1-2,36*,1.0,-0.5,0.9,20250104051654
托特纳姆热刺 vs 纽卡斯尔联,1-2,1-2,36*,0.95,-0.5,0.95,20250104051459
托特纳姆热刺 vs 纽卡斯尔联,1-2,1-2,36*,0.91,-0.5,0.99,20250104051301
托特纳姆热刺 vs 纽卡斯尔联,1-2,1-2,36*,0.88,-0.5,1.02,20250104050524
托特纳姆热刺 vs 纽卡斯尔联,1-2,1-2,36*,0.87,-0.5,1.03,20250104043651
托特纳姆热刺 vs 纽卡斯尔联,1-2,1-2,36*,0.86,-0.5,1.04,20250104042109
托特纳姆热刺 vs 纽卡斯尔联,1-2,1-2,36*,0.85,-0.5,1.05,20250104041653
托特纳姆热刺 vs 纽卡斯尔联,1-2,1-2,36*,1.05,-0.25,0.85,20250104041439
托特纳姆热刺 vs 纽卡斯尔联,1-2,1-2,36*,1.03,-0.25,0.87,20250104041023
托特纳姆热刺 vs 纽卡斯尔联,1-2,1-2,36*,1.0,-0.25,0.9,20250104035810
托特纳姆热刺 vs 纽卡斯尔联,1-2,1-2,36*,0.99,-0.25,0.91,20250104035522
托特纳姆热刺 vs 纽卡斯尔联,1-2,1-2,36*,0.98,-0.25,0.92,20250104032134
托特纳姆热刺 vs 纽卡斯尔联,1-2,1-2,36*,0.95,-0.25,0.95,20250104024824
托特纳姆热刺 vs 纽卡斯尔联,1-2,1-2,36*,0.92,-0.25,0.98,20250104022424
托特纳姆热刺 vs 纽卡斯尔联,1-2,1-2,36*,0.91,-0.25,0.99,20250104015633
托特纳姆热刺 vs 纽卡斯尔联,1-2,1-2,36*,0.95,-0.25,0.95,20250104014334
托特纳姆热刺 vs 纽卡斯尔联,1-2,1-2,36*,0.91,-0.25,0.99,20250104013407
托特纳姆热刺 vs 纽卡斯尔联,1-2,1-2,36*,0.9,-0.25,1.0,20250104005555
托特纳姆热刺 vs 纽卡斯尔联,1-2,1-2,36*,0.89,-0.25,1.01,20250103235531
托特纳姆热刺 vs 纽卡斯尔联,1-2,1-2,36*,0.91,-0.25,0.99,20250103234133
托特纳姆热刺 vs 纽卡斯尔联,1-2,1-2,36*,0.9,-0.25,1.0,20250103233719
托特纳姆热刺 vs 纽卡斯尔联,1-2,1-2,36*,0.89,-0.25,1.01,20250103231329
托特纳姆热刺 vs 纽卡斯尔联,1-2,1-2,36*,0.88,-0.25,1.02,20250103223824
托特纳姆热刺 vs 纽卡斯尔联,1-2,1-2,36*,0.91,-0.25,0.99,20250103223610
托特纳姆热刺 vs 纽卡斯尔联,1-2,1-2,36*,0.89,-0.25,1.01,20250103223417
托特纳姆热刺 vs 纽卡斯尔联,1-2,1-2,36*,0.91,-0.25,0.99,20250103223152
托特纳姆热刺 vs 纽卡斯尔联,1-2,1-2,36*,0.9,-0.25,1.0,20250103221130
托特纳姆热刺 vs 纽卡斯尔联,1-2,1-2,36*,0.89,-0.25,1.01,20250103191158
托特纳姆热刺 vs 纽卡斯尔联,1-2,1-2,36*,0.88,-0.25,1.02,20250103131031
托特纳姆热刺 vs 纽卡斯尔联,1-2,1-2,36*,0.89,-0.25,1.01,20250103121919
托特纳姆热刺 vs 纽卡斯尔联,1-2,1-2,36*,0.88,-0.25,1.02,20250102113558
托特纳姆热刺 vs 纽卡斯尔联,1-2,1-2,36*,0.89,-0.25,1.01,20250102053748
托特纳姆热刺 vs 纽卡斯尔联,1-2,1-2,36*,0.88,-0.25,1.02,20250102044936
托特纳姆热刺 vs 纽卡斯尔联,1-2,1-2,36*,0.89,-0.25,1.01,20250102033049
托特纳姆热刺 vs 纽卡斯尔联,1-2,1-2,36*,0.9,-0.25,1.0,20250102004750
托特纳姆热刺 vs 纽卡斯尔联,1-2,1-2,36*,0.89,-0.25,1.01,20250101232314
托特纳姆热刺 vs 纽卡斯尔联,1-2,1-2,36*,0.9,-0.25,1.0,20250101183131
托特纳姆热刺 vs 纽卡斯尔联,1-2,1-2,36*,0.89,-0.25,1.01,20250101181227
托特纳姆热刺 vs 纽卡斯尔联,1-2,1-2,36*,0.88,-0.25,1.02,20250101113135
托特纳姆热刺 vs 纽卡斯尔联,1-2,1-2,36*,0.89,-0.25,1.01,20250101091409
托特纳姆热刺 vs 纽卡斯尔联,1-2,1-2,36*,0.9,-0.25,1.0,20250101035555
托特纳姆热刺 vs 纽卡斯尔联,1-2,1-2,36*,0.91,-0.25,0.99,20250101021414
托特纳姆热刺 vs 纽卡斯尔联,1-2,1-2,36*,0.92,-0.25,0.98,20250101003354
托特纳姆热刺 vs 纽卡斯尔联,1-2,1-2,36*,0.93,-0.25,0.97,20250101001016
托特纳姆热刺 vs 纽卡斯尔联,1-2,1-2,36*,0.95,-0.25,0.95,20241231213037
托特纳姆热刺 vs 纽卡斯尔联,1-2,1-2,36*,0.93,-0.25,0.97,20241231163053
托特纳姆热刺 vs 纽卡斯尔联,1-2,1-2,36*,0.95,-0.25,0.95,20241231144410
托特纳姆热刺 vs 纽卡斯尔联,1-2,1-2,36*,0.93,-0.25,0.97,20241231134454
托特纳姆热刺 vs 纽卡斯尔联,1-2,1-2,36*,0.92,-0.25,0.98,20241231130423
托特纳姆热刺 vs 纽卡斯尔联,1-2,1-2,36*,0.91,-0.25,0.99,20241231060625
托特纳姆热刺 vs 纽卡斯尔联,1-2,1-2,36*,0.83,-0.25,1.07,20241231054753
托特纳姆热刺 vs 纽卡斯尔联,1-2,1-2,36*,0.84,-0.25,1.06,20241231045944
托特纳姆热刺 vs 纽卡斯尔联,1-2,1-2,36*,0.85,-0.25,1.05,20241231042340
托特纳姆热刺 vs 纽卡斯尔联,1-2,1-2,36*,1.07,0.0,0.83,20241230213952
托特纳姆热刺 vs 纽卡斯尔联,1-2,1-2,36*,0.83,-0.25,1.07,20241230100201
托特纳姆热刺 vs 纽卡斯尔联,1-2,1-2,36*,0.84,-0.25,1.06,20241230064357
托特纳姆热刺 vs 纽卡斯尔联,1-2,1-2,36*,0.83,-0.25,1.07,20241230012133
托特纳姆热刺 vs 纽卡斯尔联,1-2,1-2,36*,1.02,0.0,0.88,20241229222356
托特纳姆热刺 vs 纽卡斯尔联,1-2,1-2,36*,1.01,0.0,0.89,20241229175452
托特纳姆热刺 vs 纽卡斯尔联,1-2,1-2,36*,1.0,0.0,0.9,20241229160509
托特纳姆热刺 vs 纽卡斯尔联,1-2,1-2,36*,1.03,0.0,0.87,20241229023538
托特纳姆热刺 vs 纽卡斯尔联,1-2,1-2,36*,1.02,0.0,0.88,20241228185517
托特纳姆热刺 vs 纽卡斯尔联,1-2,1-2,36*,1.03,0.0,0.87,20241228071703
托特纳姆热刺 vs 纽卡斯尔联,1-2,1-2,36*,1.02,0.0,0.88,20241228023447
托特纳姆热刺 vs 纽卡斯尔联,1-2,1-2,36*,0.95,0.0,0.95,20241227232958
托特纳姆热刺 vs 纽卡斯尔联,1-2,1-2,36*,0.93,0.0,0.97,20241227224432
托特纳姆热刺 vs 纽卡斯尔联,1-2,1-2,36*,0.95,0.0,0.95,20241227203103
托特纳姆热刺 vs 纽卡斯尔联,1-2,1-2,36*,0.92,0.0,0.98,20241227101657
托特纳姆热刺 vs 纽卡斯尔联,1-2,1-2,36*,0.9,0.0,1.0,20241227055550
托特纳姆热刺 vs 纽卡斯尔联,1-2,1-2,36*,1.01,0.25,0.89,20241227001126
托特纳姆热刺 vs 纽卡斯尔联,1-2,1-2,易*,0.97,-0.75,0.93,20250104202948
托特纳姆热刺 vs 纽卡斯尔联,1-2,1-2,易*,0.97,-0.75,0.95,20250104202918
托特纳姆热刺 vs 纽卡斯尔联,1-2,1-2,易*,0.95,-0.75,0.95,20250104202848
托特纳姆热刺 vs 纽卡斯尔联,1-2,1-2,易*,0.94,-0.75,0.96,20250104202758
托特纳姆热刺 vs 纽卡斯尔联,1-2,1-2,易*,0.95,-0.75,0.97,20250104202508
托特纳姆热刺 vs 纽卡斯尔联,1-2,1-2,易*,0.93,-0.75,0.97,20250104202408
托特纳姆热刺 vs 纽卡斯尔联,1-2,1-2,易*,0.96,-0.75,0.96,20250104202303
托特纳姆热刺 vs 纽卡斯尔联,1-2,1-2,易*,0.94,-0.75,0.98,20250104202132
托特纳姆热刺 vs 纽卡斯尔联,1-2,1-2,易*,0.95,-0.75,0.97,20250104201932
托特纳姆热刺 vs 纽卡斯尔联,1-2,1-2,易*,0.92,-0.75,0.98,20250104201702
托特纳姆热刺 vs 纽卡斯尔联,1-2,1-2,易*,0.93,-0.75,0.99,20250104201412
托特纳姆热刺 vs 纽卡斯尔联,1-2,1-2,易*,0.92,-0.75,0.98,20250104201046
托特纳姆热刺 vs 纽卡斯尔联,1-2,1-2,易*,0.93,-0.75,0.99,20250104200836
托特纳姆热刺 vs 纽卡斯尔联,1-2,1-2,易*,0.92,-0.75,0.99,20250104200736
托特纳姆热刺 vs 纽卡斯尔联,1-2,1-2,易*,0.94,-0.75,0.98,20250104200626
托特纳姆热刺 vs 纽卡斯尔联,1-2,1-2,易*,0.91,-0.75,0.99,20250104200556
托特纳姆热刺 vs 纽卡斯尔联,1-2,1-2,易*,0.95,-0.75,0.97,20250104200356
托特纳姆热刺 vs 纽卡斯尔联,1-2,1-2,易*,0.94,-0.75,0.96,20250104200201
托特纳姆热刺 vs 纽卡斯尔联,1-2,1-2,易*,0.92,-0.75,0.98,20250104200141
托特纳姆热刺 vs 纽卡斯尔联,1-2,1-2,易*,0.95,-0.75,0.97,20250104200011
托特纳姆热刺 vs 纽卡斯尔联,1-2,1-2,易*,0.94,-0.75,0.96,20250104195851
托特纳姆热刺 vs 纽卡斯尔联,1-2,1-2,易*,0.93,-0.75,0.98,20250104195811
托特纳姆热刺 vs 纽卡斯尔联,1-2,1-2,易*,0.95,-0.75,0.97,20250104195611
托特纳姆热刺 vs 纽卡斯尔联,1-2,1-2,易*,0.92,-0.75,0.98,20250104195531
托特纳姆热刺 vs 纽卡斯尔联,1-2,1-2,易*,0.96,-0.75,0.96,20250104195451
托特纳姆热刺 vs 纽卡斯尔联,1-2,1-2,易*,0.97,-0.75,0.95,20250104195235
托特纳姆热刺 vs 纽卡斯尔联,1-2,1-2,易*,0.94,-0.75,0.97,20250104195115
托特纳姆热刺 vs 纽卡斯尔联,1-2,1-2,易*,0.92,-0.75,0.98,20250104195035
托特纳姆热刺 vs 纽卡斯尔联,1-2,1-2,易*,0.93,-0.75,0.97,20250104194954
托特纳姆热刺 vs 纽卡斯尔联,1-2,1-2,易*,0.92,-0.75,0.98,20250104194434
托特纳姆热刺 vs 纽卡斯尔联,1-2,1-2,易*,0.91,-0.75,0.99,20250104194230
托特纳姆热刺 vs 纽卡斯尔联,1-2,1-2,易*,0.91,-0.75,1.0,20250104194110
托特纳姆热刺 vs 纽卡斯尔联,1-2,1-2,易*,0.9,-0.75,1.0,20250104193949
托特纳姆热刺 vs 纽卡斯尔联,1-2,1-2,易*,0.92,-0.75,0.98,20250104193909
托特纳姆热刺 vs 纽卡斯尔联,1-2,1-2,易*,0.92,-0.75,0.99,20250104193509
托特纳姆热刺 vs 纽卡斯尔联,1-2,1-2,易*,0.89,-0.75,1.01,20250104193429
托特纳姆热刺 vs 纽卡斯尔联,1-2,1-2,易*,0.93,-0.75,0.97,20250104193258
托特纳姆热刺 vs 纽卡斯尔联,1-2,1-2,易*,0.94,-0.75,0.98,20250104193018
托特纳姆热刺 vs 纽卡斯尔联,1-2,1-2,易*,0.92,-0.75,0.98,20250104192938
托特纳姆热刺 vs 纽卡斯尔联,1-2,1-2,易*,0.95,-0.75,0.97,20250104192617
托特纳姆热刺 vs 纽卡斯尔联,1-2,1-2,易*,0.94,-0.75,0.96,20250104192418
托特纳姆热刺 vs 纽卡斯尔联,1-2,1-2,易*,0.96,-0.75,0.96,20250104192132
托特纳姆热刺 vs 纽卡斯尔联,1-2,1-2,易*,0.9,-0.75,1.0,20250104192052
托特纳姆热刺 vs 纽卡斯尔联,1-2,1-2,易*,0.86,-0.75,1.04,20250104191932
托特纳姆热刺 vs 纽卡斯尔联,1-2,1-2,易*,0.86,-0.75,1.05,20250104191853
托特纳姆热刺 vs 纽卡斯尔联,1-2,1-2,易*,0.84,-0.75,1.06,20250104191653
托特纳姆热刺 vs 纽卡斯尔联,1-2,1-2,易*,0.85,-0.75,1.05,20250104191613
托特纳姆热刺 vs 纽卡斯尔联,1-2,1-2,易*,0.83,-0.75,1.07,20250104191451
托特纳姆热刺 vs 纽卡斯尔联,1-2,1-2,易*,0.85,-0.75,1.05,20250104191325
托特纳姆热刺 vs 纽卡斯尔联,1-2,1-2,易*,0.88,-0.75,1.03,20250104191246
托特纳姆热刺 vs 纽卡斯尔联,1-2,1-2,易*,0.89,-0.75,1.02,20250104191006
托特纳姆热刺 vs 纽卡斯尔联,1-2,1-2,易*,0.87,-0.75,1.03,20250104190806
托特纳姆热刺 vs 纽卡斯尔联,1-2,1-2,易*,0.89,-0.75,1.03,20250104190646
托特纳姆热刺 vs 纽卡斯尔联,1-2,1-2,易*,0.88,-0.75,1.02,20250104190606
托特纳姆热刺 vs 纽卡斯尔联,1-2,1-2,易*,0.9,-0.75,1.02,20250104190446
托特纳姆热刺 vs 纽卡斯尔联,1-2,1-2,易*,0.87,-0.75,1.03,20250104190406
托特纳姆热刺 vs 纽卡斯尔联,1-2,1-2,易*,0.91,-0.75,1.01,20250104190121
托特纳姆热刺 vs 纽卡斯尔联,1-2,1-2,易*,0.88,-0.75,1.02,20250104190040
托特纳姆热刺 vs 纽卡斯尔联,1-2,1-2,易*,0.91,-0.75,1.01,20250104190000
托特纳姆热刺 vs 纽卡斯尔联,1-2,1-2,易*,0.89,-0.75,1.01,20250104185920
托特纳姆热刺 vs 纽卡斯尔联,1-2,1-2,易*,0.92,-0.75,1.0,20250104185159
托特纳姆热刺 vs 纽卡斯尔联,1-2,1-2,易*,0.92,-0.75,0.99,20250104185039
托特纳姆热刺 vs 纽卡斯尔联,1-2,1-2,易*,0.91,-0.75,0.99,20250104184920
托特纳姆热刺 vs 纽卡斯尔联,1-2,1-2,易*,0.92,-0.75,1.0,20250104184719
托特纳姆热刺 vs 纽卡斯尔联,1-2,1-2,易*,0.91,-0.75,1.01,20250104184442
托特纳姆热刺 vs 纽卡斯尔联,1-2,1-2,易*,0.9,-0.75,1.02,20250104184237
托特纳姆热刺 vs 纽卡斯尔联,1-2,1-2,易*,0.88,-0.75,1.02,20250104184157
托特纳姆热刺 vs 纽卡斯尔联,1-2,1-2,易*,0.9,-0.75,1.02,20250104184117
托特纳姆热刺 vs 纽卡斯尔联,1-2,1-2,易*,1.06,-0.5,0.84,20250104184037
托特纳姆热刺 vs 纽卡斯尔联,1-2,1-2,易*,1.08,-0.5,0.84,20250104183917
托特纳姆热刺 vs 纽卡斯尔联,1-2,1-2,易*,1.04,-0.5,0.86,20250104183357
托特纳姆热刺 vs 纽卡斯尔联,1-2,1-2,易*,1.05,-0.5,0.87,20250104183112
托特纳姆热刺 vs 纽卡斯尔联,1-2,1-2,易*,1.05,-0.5,0.86,20250104182952
托特纳姆热刺 vs 纽卡斯尔联,1-2,1-2,易*,1.04,-0.5,0.85,20250104182632
托特纳姆热刺 vs 纽卡斯尔联,1-2,1-2,易*,1.05,-0.5,0.86,20250104182551
托特纳姆热刺 vs 纽卡斯尔联,1-2,1-2,易*,1.03,-0.5,0.87,20250104182432
托特纳姆热刺 vs 纽卡斯尔联,1-2,1-2,易*,1.06,-0.5,0.85,20250104182306
托特纳姆热刺 vs 纽卡斯尔联,1-2,1-2,易*,1.05,-0.5,0.86,20250104182026
托特纳姆热刺 vs 纽卡斯尔联,1-2,1-2,易*,1.07,-0.5,0.84,20250104181546
托特纳姆热刺 vs 纽卡斯尔联,1-2,1-2,易*,1.05,-0.5,0.84,20250104181507
托特纳姆热刺 vs 纽卡斯尔联,1-2,1-2,易*,1.06,-0.5,0.85,20250104181221
托特纳姆热刺 vs 纽卡斯尔联,1-2,1-2,易*,1.07,-0.5,0.84,20250104180901
托特纳姆热刺 vs 纽卡斯尔联,1-2,1-2,易*,0.99,-0.5,0.79,20250104180821
托特纳姆热刺 vs 纽卡斯尔联,1-2,1-2,易*,1.06,-0.5,0.85,20250104180301
托特纳姆热刺 vs 纽卡斯尔联,1-2,1-2,易*,1.03,-0.5,0.88,20250104180141
托特纳姆热刺 vs 纽卡斯尔联,1-2,1-2,易*,1.03,-0.5,0.86,20250104174531
托特纳姆热刺 vs 纽卡斯尔联,1-2,1-2,易*,1.05,-0.5,0.86,20250104174414
托特纳姆热刺 vs 纽卡斯尔联,1-2,1-2,易*,1.04,-0.5,0.87,20250104174249
托特纳姆热刺 vs 纽卡斯尔联,1-2,1-2,易*,1.03,-0.5,0.88,20250104174129
托特纳姆热刺 vs 纽卡斯尔联,1-2,1-2,易*,1.02,-0.5,0.89,20250104173929
托特纳姆热刺 vs 纽卡斯尔联,1-2,1-2,易*,1.03,-0.5,0.87,20250104173809
托特纳姆热刺 vs 纽卡斯尔联,1-2,1-2,易*,1.03,-0.5,0.86,20250104173649
托特纳姆热刺 vs 纽卡斯尔联,1-2,1-2,易*,1.02,-0.5,0.88,20250104173609
托特纳姆热刺 vs 纽卡斯尔联,1-2,1-2,易*,1.04,-0.5,0.87,20250104173449
托特纳姆热刺 vs 纽卡斯尔联,1-2,1-2,易*,1.05,-0.5,0.86,20250104171638
托特纳姆热刺 vs 纽卡斯尔联,1-2,1-2,易*,1.04,-0.5,0.85,20250104171438
托特纳姆热刺 vs 纽卡斯尔联,1-2,1-2,易*,1.03,-0.5,0.87,20250104171209
托特纳姆热刺 vs 纽卡斯尔联,1-2,1-2,易*,1.04,-0.5,0.85,20250104170649
托特纳姆热刺 vs 纽卡斯尔联,1-2,1-2,易*,1.05,-0.5,0.86,20250104170610
托特纳姆热刺 vs 纽卡斯尔联,1-2,1-2,易*,1.04,-0.5,0.85,20250104170529
托特纳姆热刺 vs 纽卡斯尔联,1-2,1-2,易*,1.06,-0.5,0.85,20250104170004
托特纳姆热刺 vs 纽卡斯尔联,1-2,1-2,易*,1.05,-0.5,0.86,20250104165844
托特纳姆热刺 vs 纽卡斯尔联,1-2,1-2,易*,1.04,-0.5,0.86,20250104165644
托特纳姆热刺 vs 纽卡斯尔联,1-2,1-2,易*,1.04,-0.5,0.87,20250104165243
托特纳姆热刺 vs 纽卡斯尔联,1-2,1-2,易*,1.05,-0.5,0.86,20250104165202
托特纳姆热刺 vs 纽卡斯尔联,1-2,1-2,易*,1.01,-0.5,0.9,20250104164843
托特纳姆热刺 vs 纽卡斯尔联,1-2,1-2,易*,1.02,-0.5,0.89,20250104164522
托特纳姆热刺 vs 纽卡斯尔联,1-2,1-2,易*,1.01,-0.5,0.88,20250104164237
托特纳姆热刺 vs 纽卡斯尔联,1-2,1-2,易*,1.02,-0.5,0.89,20250104163356
托特纳姆热刺 vs 纽卡斯尔联,1-2,1-2,易*,1.03,-0.5,0.88,20250104163312
托特纳姆热刺 vs 纽卡斯尔联,1-2,1-2,易*,1.01,-0.5,0.88,20250104163112
托特纳姆热刺 vs 纽卡斯尔联,1-2,1-2,易*,1.02,-0.5,0.89,20250104162912
托特纳姆热刺 vs 纽卡斯尔联,1-2,1-2,易*,1.02,-0.5,0.87,20250104162310
托特纳姆热刺 vs 纽卡斯尔联,1-2,1-2,易*,1.02,-0.5,0.89,20250104162150
托特纳姆热刺 vs 纽卡斯尔联,1-2,1-2,易*,1.03,-0.5,0.88,20250104162110
托特纳姆热刺 vs 纽卡斯尔联,1-2,1-2,易*,1.02,-0.5,0.89,20250104161550
托特纳姆热刺 vs 纽卡斯尔联,1-2,1-2,易*,1.02,-0.5,0.87,20250104161430
托特纳姆热刺 vs 纽卡斯尔联,1-2,1-2,易*,1.03,-0.5,0.88,20250104161225
托特纳姆热刺 vs 纽卡斯尔联,1-2,1-2,易*,1.01,-0.5,0.89,20250104161145
托特纳姆热刺 vs 纽卡斯尔联,1-2,1-2,易*,0.98,-0.5,0.91,20250104160945
托特纳姆热刺 vs 纽卡斯尔联,1-2,1-2,易*,0.99,-0.5,0.92,20250104160745
托特纳姆热刺 vs 纽卡斯尔联,1-2,1-2,易*,1.01,-0.5,0.9,20250104160625
托特纳姆热刺 vs 纽卡斯尔联,1-2,1-2,易*,0.99,-0.5,0.91,20250104160424
托特纳姆热刺 vs 纽卡斯尔联,1-2,1-2,易*,0.99,-0.5,0.92,20250104160339
托特纳姆热刺 vs 纽卡斯尔联,1-2,1-2,易*,0.98,-0.5,0.92,20250104160219
托特纳姆热刺 vs 纽卡斯尔联,1-2,1-2,易*,1.01,-0.5,0.9,20250104155859
托特纳姆热刺 vs 纽卡斯尔联,1-2,1-2,易*,1.0,-0.5,0.89,20250104155659
托特纳姆热刺 vs 纽卡斯尔联,1-2,1-2,易*,1.0,-0.5,0.91,20250104155259
托特纳姆热刺 vs 纽卡斯尔联,1-2,1-2,易*,0.99,-0.5,0.91,20250104155020
托特纳姆热刺 vs 纽卡斯尔联,1-2,1-2,易*,0.99,-0.5,0.9,20250104154859
托特纳姆热刺 vs 纽卡斯尔联,1-2,1-2,易*,0.99,-0.5,0.92,20250104154459
托特纳姆热刺 vs 纽卡斯尔联,1-2,1-2,易*,1.02,-0.5,0.89,20250104154419
托特纳姆热刺 vs 纽卡斯尔联,1-2,1-2,易*,0.99,-0.5,0.92,20250104154334
托特纳姆热刺 vs 纽卡斯尔联,1-2,1-2,易*,1.01,-0.5,0.9,20250104153652
托特纳姆热刺 vs 纽卡斯尔联,1-2,1-2,易*,0.99,-0.5,0.92,20250104152848
托特纳姆热刺 vs 纽卡斯尔联,1-2,1-2,易*,1.0,-0.5,0.9,20250104152728
托特纳姆热刺 vs 纽卡斯尔联,1-2,1-2,易*,0.98,-0.5,0.91,20250104152648
托特纳姆热刺 vs 纽卡斯尔联,1-2,1-2,易*,0.99,-0.5,0.91,20250104152608
托特纳姆热刺 vs 纽卡斯尔联,1-2,1-2,易*,0.99,-0.5,0.92,20250104152000
托特纳姆热刺 vs 纽卡斯尔联,1-2,1-2,易*,0.96,-0.5,0.93,20250104151840
托特纳姆热刺 vs 纽卡斯尔联,1-2,1-2,易*,0.98,-0.5,0.93,20250104151520
托特纳姆热刺 vs 纽卡斯尔联,1-2,1-2,易*,0.97,-0.5,0.92,20250104151400
托特纳姆热刺 vs 纽卡斯尔联,1-2,1-2,易*,0.98,-0.5,0.93,20250104151115
托特纳姆热刺 vs 纽卡斯尔联,1-2,1-2,易*,0.97,-0.5,0.92,20250104150834
托特纳姆热刺 vs 纽卡斯尔联,1-2,1-2,易*,0.98,-0.5,0.93,20250104150355
托特纳姆热刺 vs 纽卡斯尔联,1-2,1-2,易*,0.97,-0.5,0.93,20250104150314
托特纳姆热刺 vs 纽卡斯尔联,1-2,1-2,易*,0.98,-0.5,0.91,20250104150154
托特纳姆热刺 vs 纽卡斯尔联,1-2,1-2,易*,0.99,-0.5,0.91,20250104150034
托特纳姆热刺 vs 纽卡斯尔联,1-2,1-2,易*,0.96,-0.5,0.94,20250104145955
托特纳姆热刺 vs 纽卡斯尔联,1-2,1-2,易*,0.95,-0.5,0.93,20250104145554
托特纳姆热刺 vs 纽卡斯尔联,1-2,1-2,易*,0.96,-0.5,0.94,20250104145042
托特纳姆热刺 vs 纽卡斯尔联,1-2,1-2,易*,0.98,-0.5,0.92,20250104144156
托特纳姆热刺 vs 纽卡斯尔联,1-2,1-2,易*,0.97,-0.5,0.91,20250104144036
托特纳姆热刺 vs 纽卡斯尔联,1-2,1-2,易*,0.98,-0.5,0.92,20250104143231
托特纳姆热刺 vs 纽卡斯尔联,1-2,1-2,易*,0.97,-0.5,0.91,20250104142951
托特纳姆热刺 vs 纽卡斯尔联,1-2,1-2,易*,0.98,-0.5,0.92,20250104142304
托特纳姆热刺 vs 纽卡斯尔联,1-2,1-2,易*,0.97,-0.5,0.93,20250104140018
托特纳姆热刺 vs 纽卡斯尔联,1-2,1-2,易*,0.96,-0.5,0.92,20250104135819
托特纳姆热刺 vs 纽卡斯尔联,1-2,1-2,易*,0.97,-0.5,0.93,20250104135658
托特纳姆热刺 vs 纽卡斯尔联,1-2,1-2,易*,0.98,-0.5,0.93,20250104135216
托特纳姆热刺 vs 纽卡斯尔联,1-2,1-2,易*,0.97,-0.5,0.93,20250104134856
托特纳姆热刺 vs 纽卡斯尔联,1-2,1-2,易*,0.96,-0.5,0.92,20250104134250
托特纳姆热刺 vs 纽卡斯尔联,1-2,1-2,易*,0.97,-0.5,0.94,20250104133530
托特纳姆热刺 vs 纽卡斯尔联,1-2,1-2,易*,0.96,-0.5,0.94,20250104133450
托特纳姆热刺 vs 纽卡斯尔联,1-2,1-2,易*,0.94,-0.5,0.96,20250104133101
托特纳姆热刺 vs 纽卡斯尔联,1-2,1-2,易*,0.95,-0.5,0.93,20250104132701
托特纳姆热刺 vs 纽卡斯尔联,1-2,1-2,易*,0.94,-0.5,0.97,20250104132501
托特纳姆热刺 vs 纽卡斯尔联,1-2,1-2,易*,0.95,-0.5,0.95,20250104132421
托特纳姆热刺 vs 纽卡斯尔联,1-2,1-2,易*,0.96,-0.5,0.94,20250104131941
托特纳姆热刺 vs 纽卡斯尔联,1-2,1-2,易*,0.96,-0.5,0.95,20250104131822
托特纳姆热刺 vs 纽卡斯尔联,1-2,1-2,易*,0.95,-0.5,0.93,20250104131750
托特纳姆热刺 vs 纽卡斯尔联,1-2,1-2,易*,0.94,-0.5,0.97,20250104131500
托特纳姆热刺 vs 纽卡斯尔联,1-2,1-2,易*,0.96,-0.5,0.94,20250104131255
托特纳姆热刺 vs 纽卡斯尔联,1-2,1-2,易*,0.97,-0.5,0.94,20250104130855
托特纳姆热刺 vs 纽卡斯尔联,1-2,1-2,易*,0.97,-0.5,0.93,20250104130615
托特纳姆热刺 vs 纽卡斯尔联,1-2,1-2,易*,0.97,-0.5,0.91,20250104125849
托特纳姆热刺 vs 纽卡斯尔联,1-2,1-2,易*,0.98,-0.5,0.92,20250104125649
托特纳姆热刺 vs 纽卡斯尔联,1-2,1-2,易*,0.97,-0.5,0.93,20250104125529
托特纳姆热刺 vs 纽卡斯尔联,1-2,1-2,易*,0.99,-0.5,0.91,20250104125244
托特纳姆热刺 vs 纽卡斯尔联,1-2,1-2,易*,0.96,-0.5,0.94,20250104124604
托特纳姆热刺 vs 纽卡斯尔联,1-2,1-2,易*,0.98,-0.5,0.93,20250104124524
托特纳姆热刺 vs 纽卡斯尔联,1-2,1-2,易*,0.98,-0.5,0.92,20250104124204
托特纳姆热刺 vs 纽卡斯尔联,1-2,1-2,易*,0.94,-0.5,0.94,20250104124004
托特纳姆热刺 vs 纽卡斯尔联,1-2,1-2,易*,0.98,-0.5,0.92,20250104123923
托特纳姆热刺 vs 纽卡斯尔联,1-2,1-2,易*,0.97,-0.5,0.93,20250104123803
托特纳姆热刺 vs 纽卡斯尔联,1-2,1-2,易*,0.96,-0.5,0.94,20250104123723
托特纳姆热刺 vs 纽卡斯尔联,1-2,1-2,易*,0.98,-0.5,0.9,20250104123643
托特纳姆热刺 vs 纽卡斯尔联,1-2,1-2,易*,1.0,-0.5,0.9,20250104123121
托特纳姆热刺 vs 纽卡斯尔联,1-2,1-2,易*,0.99,-0.5,0.89,20250104123002
托特纳姆热刺 vs 纽卡斯尔联,1-2,1-2,易*,1.01,-0.5,0.87,20250104122801
托特纳姆热刺 vs 纽卡斯尔联,1-2,1-2,易*,1.02,-0.5,0.88,20250104122642
托特纳姆热刺 vs 纽卡斯尔联,1-2,1-2,易*,1.01,-0.5,0.87,20250104122441
托特纳姆热刺 vs 纽卡斯尔联,1-2,1-2,易*,1.01,-0.5,0.89,20250104122316
托特纳姆热刺 vs 纽卡斯尔联,1-2,1-2,易*,1.02,-0.5,0.88,20250104122156
托特纳姆热刺 vs 纽卡斯尔联,1-2,1-2,易*,1.01,-0.5,0.87,20250104121836
托特纳姆热刺 vs 纽卡斯尔联,1-2,1-2,易*,1.0,-0.5,0.88,20250104121636
托特纳姆热刺 vs 纽卡斯尔联,1-2,1-2,易*,1.02,-0.5,0.88,20250104121311
托特纳姆热刺 vs 纽卡斯尔联,1-2,1-2,易*,1.0,-0.5,0.9,20250104120751
托特纳姆热刺 vs 纽卡斯尔联,1-2,1-2,易*,0.99,-0.5,0.89,20250104120550
托特纳姆热刺 vs 纽卡斯尔联,1-2,1-2,易*,0.98,-0.5,0.9,20250104120511
托特纳姆热刺 vs 纽卡斯尔联,1-2,1-2,易*,0.99,-0.5,0.91,20250104120321
托特纳姆热刺 vs 纽卡斯尔联,1-2,1-2,易*,0.98,-0.5,0.9,20250104114703
托特纳姆热刺 vs 纽卡斯尔联,1-2,1-2,易*,1.0,-0.5,0.88,20250104113357
托特纳姆热刺 vs 纽卡斯尔联,1-2,1-2,易*,0.99,-0.5,0.87,20250104112230
托特纳姆热刺 vs 纽卡斯尔联,1-2,1-2,易*,1.0,-0.5,0.88,20250104111729
托特纳姆热刺 vs 纽卡斯尔联,1-2,1-2,易*,0.99,-0.5,0.87,20250104111529
托特纳姆热刺 vs 纽卡斯尔联,1-2,1-2,易*,0.99,-0.5,0.89,20250104111429
托特纳姆热刺 vs 纽卡斯尔联,1-2,1-2,易*,0.99,-0.5,0.87,20250104110140
托特纳姆热刺 vs 纽卡斯尔联,1-2,1-2,易*,1.0,-0.5,0.88,20250104105940
托特纳姆热刺 vs 纽卡斯尔联,1-2,1-2,易*,0.99,-0.5,0.87,20250104105840
托特纳姆热刺 vs 纽卡斯尔联,1-2,1-2,易*,0.98,-0.5,0.9,20250104105640
托特纳姆热刺 vs 纽卡斯尔联,1-2,1-2,易*,0.99,-0.5,0.87,20250104105134
托特纳姆热刺 vs 纽卡斯尔联,1-2,1-2,易*,0.99,-0.5,0.91,20250104105033
托特纳姆热刺 vs 纽卡斯尔联,1-2,1-2,易*,0.99,-0.5,0.89,20250104104133
托特纳姆热刺 vs 纽卡斯尔联,1-2,1-2,易*,0.98,-0.5,0.88,20250104104033
托特纳姆热刺 vs 纽卡斯尔联,1-2,1-2,易*,0.99,-0.5,0.91,20250104103732
托特纳姆热刺 vs 纽卡斯尔联,1-2,1-2,易*,0.99,-0.5,0.89,20250104103633
托特纳姆热刺 vs 纽卡斯尔联,1-2,1-2,易*,1.01,-0.5,0.87,20250104103133
托特纳姆热刺 vs 纽卡斯尔联,1-2,1-2,易*,1.0,-0.5,0.86,20250104102732
托特纳姆热刺 vs 纽卡斯尔联,1-2,1-2,易*,1.0,-0.5,0.88,20250104101631
托特纳姆热刺 vs 纽卡斯尔联,1-2,1-2,易*,1.01,-0.5,0.87,20250104100630
托特纳姆热刺 vs 纽卡斯尔联,1-2,1-2,易*,1.0,-0.5,0.86,20250104100217
托特纳姆热刺 vs 纽卡斯尔联,1-2,1-2,易*,1.01,-0.5,0.87,20250104100017
托特纳姆热刺 vs 纽卡斯尔联,1-2,1-2,易*,1.01,-0.5,0.89,20250104095817
托特纳姆热刺 vs 纽卡斯尔联,1-2,1-2,易*,1.01,-0.5,0.87,20250104095416
托特纳姆热刺 vs 纽卡斯尔联,1-2,1-2,易*,1.0,-0.5,0.86,20250104095216
托特纳姆热刺 vs 纽卡斯尔联,1-2,1-2,易*,1.03,-0.5,0.87,20250104095116
托特纳姆热刺 vs 纽卡斯尔联,1-2,1-2,易*,0.99,-0.5,0.89,20250104094916
托特纳姆热刺 vs 纽卡斯尔联,1-2,1-2,易*,1.01,-0.5,0.87,20250104093715
托特纳姆热刺 vs 纽卡斯尔联,1-2,1-2,易*,1.0,-0.5,0.86,20250104093516
托特纳姆热刺 vs 纽卡斯尔联,1-2,1-2,易*,1.0,-0.5,0.88,20250104093106
托特纳姆热刺 vs 纽卡斯尔联,1-2,1-2,易*,1.01,-0.5,0.87,20250104092506
托特纳姆热刺 vs 纽卡斯尔联,1-2,1-2,易*,1.0,-0.5,0.86,20250104092406
托特纳姆热刺 vs 纽卡斯尔联,1-2,1-2,易*,1.0,-0.5,0.9,20250104092005
托特纳姆热刺 vs 纽卡斯尔联,1-2,1-2,易*,1.01,-0.5,0.87,20250104091805
托特纳姆热刺 vs 纽卡斯尔联,1-2,1-2,易*,1.0,-0.5,0.86,20250104091705
托特纳姆热刺 vs 纽卡斯尔联,1-2,1-2,易*,1.01,-0.5,0.87,20250104091605
托特纳姆热刺 vs 纽卡斯尔联,1-2,1-2,易*,1.03,-0.5,0.85,20250104090939
托特纳姆热刺 vs 纽卡斯尔联,1-2,1-2,易*,1.01,-0.5,0.87,20250104085939
托特纳姆热刺 vs 纽卡斯尔联,1-2,1-2,易*,1.02,-0.5,0.84,20250104064329
托特纳姆热刺 vs 纽卡斯尔联,1-2,1-2,易*,1.03,-0.5,0.85,20250104063328
托特纳姆热刺 vs 纽卡斯尔联,1-2,1-2,易*,1.01,-0.5,0.87,20250104062527
托特纳姆热刺 vs 纽卡斯尔联,1-2,1-2,易*,1.0,-0.5,0.86,20250104062216
托特纳姆热刺 vs 纽卡斯尔联,1-2,1-2,易*,1.02,-0.5,0.86,20250104061915
托特纳姆热刺 vs 纽卡斯尔联,1-2,1-2,易*,1.01,-0.5,0.87,20250104061415
托特纳姆热刺 vs 纽卡斯尔联,1-2,1-2,易*,1.0,-0.5,0.86,20250104061315
托特纳姆热刺 vs 纽卡斯尔联,1-2,1-2,易*,1.02,-0.5,0.88,20250104061215
托特纳姆热刺 vs 纽卡斯尔联,1-2,1-2,易*,1.03,-0.5,0.85,20250104061115
托特纳姆热刺 vs 纽卡斯尔联,1-2,1-2,易*,1.0,-0.5,0.87,20250104060715
托特纳姆热刺 vs 纽卡斯尔联,1-2,1-2,易*,1.01,-0.5,0.87,20250104055302
托特纳姆热刺 vs 纽卡斯尔联,1-2,1-2,易*,1.03,-0.5,0.83,20250104055202
托特纳姆热刺 vs 纽卡斯尔联,1-2,1-2,易*,1.04,-0.5,0.84,20250104054401
托特纳姆热刺 vs 纽卡斯尔联,1-2,1-2,易*,0.99,-0.5,0.89,20250104054301
托特纳姆热刺 vs 纽卡斯尔联,1-2,1-2,易*,1.03,-0.5,0.83,20250104054201
托特纳姆热刺 vs 纽卡斯尔联,1-2,1-2,易*,1.0,-0.5,0.88,20250104053901
托特纳姆热刺 vs 纽卡斯尔联,1-2,1-2,易*,1.04,-0.5,0.84,20250104053701
托特纳姆热刺 vs 纽卡斯尔联,1-2,1-2,易*,1.03,-0.5,0.83,20250104053601
托特纳姆热刺 vs 纽卡斯尔联,1-2,1-2,易*,1.01,-0.5,0.89,20250104053500
托特纳姆热刺 vs 纽卡斯尔联,1-2,1-2,易*,1.0,-0.5,0.88,20250104053400
托特纳姆热刺 vs 纽卡斯尔联,1-2,1-2,易*,1.01,-0.5,0.87,20250104053300
托特纳姆热刺 vs 纽卡斯尔联,1-2,1-2,易*,1.04,-0.5,0.84,20250104052900
托特纳姆热刺 vs 纽卡斯尔联,1-2,1-2,易*,1.06,-0.5,0.82,20250104052700
托特纳姆热刺 vs 纽卡斯尔联,1-2,1-2,易*,1.02,-0.5,0.86,20250104052600
托特纳姆热刺 vs 纽卡斯尔联,1-2,1-2,易*,1.06,-0.5,0.82,20250104052500
托特纳姆热刺 vs 纽卡斯尔联,1-2,1-2,易*,1.05,-0.5,0.81,20250104052348
托特纳姆热刺 vs 纽卡斯尔联,1-2,1-2,易*,1.06,-0.5,0.82,20250104051848
托特纳姆热刺 vs 纽卡斯尔联,1-2,1-2,易*,1.0,-0.5,0.88,20250104051748
托特纳姆热刺 vs 纽卡斯尔联,1-2,1-2,易*,1.06,-0.5,0.82,20250104051548
托特纳姆热刺 vs 纽卡斯尔联,1-2,1-2,易*,1.04,-0.5,0.84,20250104051347
托特纳姆热刺 vs 纽卡斯尔联,1-2,1-2,易*,1.02,-0.5,0.86,20250104051247
托特纳姆热刺 vs 纽卡斯尔联,1-2,1-2,易*,0.97,-0.5,0.91,20250104051048
托特纳姆热刺 vs 纽卡斯尔联,1-2,1-2,易*,0.92,-0.5,0.96,20250104050947
托特纳姆热刺 vs 纽卡斯尔联,1-2,1-2,易*,1.08,-0.25,0.8,20250104050247
托特纳姆热刺 vs 纽卡斯尔联,1-2,1-2,易*,1.07,-0.25,0.72,20250104050147
托特纳姆热刺 vs 纽卡斯尔联,1-2,1-2,易*,1.07,-0.25,0.79,20250104041920
托特纳姆热刺 vs 纽卡斯尔联,1-2,1-2,易*,1.08,-0.25,0.8,20250104041519
托特纳姆热刺 vs 纽卡斯尔联,1-2,1-2,易*,0.98,-0.25,0.9,20250104041419
托特纳姆热刺 vs 纽卡斯尔联,1-2,1-2,易*,1.04,-0.25,0.84,20250104041219
托特纳姆热刺 vs 纽卡斯尔联,1-2,1-2,易*,1.03,-0.25,0.85,20250104041119
托特纳姆热刺 vs 纽卡斯尔联,1-2,1-2,易*,1.0,-0.25,0.88,20250104040819
托特纳姆热刺 vs 纽卡斯尔联,1-2,1-2,易*,0.99,-0.25,0.89,20250104035818
托特纳姆热刺 vs 纽卡斯尔联,1-2,1-2,易*,0.98,-0.25,0.9,20250104035103
托特纳姆热刺 vs 纽卡斯尔联,1-2,1-2,易*,0.96,-0.25,0.92,20250104035003
托特纳姆热刺 vs 纽卡斯尔联,1-2,1-2,易*,0.97,-0.25,0.89,20250104034703
托特纳姆热刺 vs 纽卡斯尔联,1-2,1-2,易*,0.98,-0.25,0.9,20250104034403
托特纳姆热刺 vs 纽卡斯尔联,1-2,1-2,易*,0.95,-0.25,0.93,20250104032508
托特纳姆热刺 vs 纽卡斯尔联,1-2,1-2,易*,0.94,-0.25,0.92,20250104032408
托特纳姆热刺 vs 纽卡斯尔联,1-2,1-2,易*,0.97,-0.25,0.91,20250104032308
托特纳姆热刺 vs 纽卡斯尔联,1-2,1-2,易*,0.95,-0.25,0.93,20250104032208
托特纳姆热刺 vs 纽卡斯尔联,1-2,1-2,易*,0.94,-0.25,0.94,20250104031133
托特纳姆热刺 vs 纽卡斯尔联,1-2,1-2,易*,0.93,-0.25,0.93,20250104031033
托特纳姆热刺 vs 纽卡斯尔联,1-2,1-2,易*,0.91,-0.25,0.97,20250104030533
托特纳姆热刺 vs 纽卡斯尔联,1-2,1-2,易*,0.94,-0.25,0.94,20250104025431
托特纳姆热刺 vs 纽卡斯尔联,1-2,1-2,易*,0.9,-0.25,0.96,20250104024933
托特纳姆热刺 vs 纽卡斯尔联,1-2,1-2,易*,0.91,-0.25,0.97,20250104024232
托特纳姆热刺 vs 纽卡斯尔联,1-2,1-2,易*,0.94,-0.25,0.94,20250104024132
托特纳姆热刺 vs 纽卡斯尔联,1-2,1-2,易*,0.9,-0.25,0.96,20250104023832
托特纳姆热刺 vs 纽卡斯尔联,1-2,1-2,易*,0.91,-0.25,0.97,20250104022014
托特纳姆热刺 vs 纽卡斯尔联,1-2,1-2,易*,0.9,-0.25,0.98,20250104021914
托特纳姆热刺 vs 纽卡斯尔联,1-2,1-2,易*,0.87,-0.25,1.01,20250104015813
托特纳姆热刺 vs 纽卡斯尔联,1-2,1-2,易*,0.86,-0.25,1.0,20250104015713
托特纳姆热刺 vs 纽卡斯尔联,1-2,1-2,易*,0.9,-0.25,0.98,20250104015035
托特纳姆热刺 vs 纽卡斯尔联,1-2,1-2,易*,0.87,-0.25,1.01,20250104014735
托特纳姆热刺 vs 纽卡斯尔联,1-2,1-2,易*,0.86,-0.25,1.0,20250104014034
托特纳姆热刺 vs 纽卡斯尔联,1-2,1-2,易*,0.94,-0.25,0.94,20250104013834
托特纳姆热刺 vs 纽卡斯尔联,1-2,1-2,易*,0.86,-0.25,1.0,20250104013533
托特纳姆热刺 vs 纽卡斯尔联,1-2,1-2,易*,0.87,-0.25,1.01,20250104013433
托特纳姆热刺 vs 纽卡斯尔联,1-2,1-2,易*,0.86,-0.25,1.0,20250104013233
托特纳姆热刺 vs 纽卡斯尔联,1-2,1-2,易*,0.9,-0.25,0.98,20250104013133
托特纳姆热刺 vs 纽卡斯尔联,1-2,1-2,易*,0.86,-0.25,1.0,20250104011219
托特纳姆热刺 vs 纽卡斯尔联,1-2,1-2,易*,0.87,-0.25,1.01,20250104011019
托特纳姆热刺 vs 纽卡斯尔联,1-2,1-2,易*,0.88,-0.25,0.98,20250104001753
托特纳姆热刺 vs 纽卡斯尔联,1-2,1-2,易*,0.89,-0.25,0.99,20250104001052
托特纳姆热刺 vs 纽卡斯尔联,1-2,1-2,易*,0.86,-0.25,1.02,20250104000252
托特纳姆热刺 vs 纽卡斯尔联,1-2,1-2,易*,0.85,-0.25,1.01,20250104000052
托特纳姆热刺 vs 纽卡斯尔联,1-2,1-2,易*,0.86,-0.25,1.02,20250103235851
托特纳姆热刺 vs 纽卡斯尔联,1-2,1-2,易*,0.87,-0.25,1.01,20250103235553
托特纳姆热刺 vs 纽卡斯尔联,1-2,1-2,易*,0.89,-0.25,0.99,20250103235240
托特纳姆热刺 vs 纽卡斯尔联,1-2,1-2,易*,0.87,-0.25,1.01,20250103235140
托特纳姆热刺 vs 纽卡斯尔联,1-2,1-2,易*,0.9,-0.25,0.98,20250103233939
托特纳姆热刺 vs 纽卡斯尔联,1-2,1-2,易*,0.86,-0.25,1.02,20250103233839
托特纳姆热刺 vs 纽卡斯尔联,1-2,1-2,易*,0.85,-0.25,1.01,20250103233739
托特纳姆热刺 vs 纽卡斯尔联,1-2,1-2,易*,0.89,-0.25,0.99,20250103233638
托特纳姆热刺 vs 纽卡斯尔联,1-2,1-2,易*,0.86,-0.25,1.02,20250103232536
托特纳姆热刺 vs 纽卡斯尔联,1-2,1-2,易*,0.85,-0.25,1.01,20250103232426
托特纳姆热刺 vs 纽卡斯尔联,1-2,1-2,易*,0.86,-0.25,1.02,20250103232126
托特纳姆热刺 vs 纽卡斯尔联,1-2,1-2,易*,0.88,-0.25,1.0,20250103232026
托特纳姆热刺 vs 纽卡斯尔联,1-2,1-2,易*,0.86,-0.25,1.02,20250103224820
托特纳姆热刺 vs 纽卡斯尔联,1-2,1-2,易*,0.85,-0.25,1.01,20250103224620
托特纳姆热刺 vs 纽卡斯尔联,1-2,1-2,易*,0.87,-0.25,1.01,20250103223820
托特纳姆热刺 vs 纽卡斯尔联,1-2,1-2,易*,0.86,-0.25,1.02,20250103223519
托特纳姆热刺 vs 纽卡斯尔联,1-2,1-2,易*,0.9,-0.25,0.98,20250103223339
托特纳姆热刺 vs 纽卡斯尔联,1-2,1-2,易*,0.85,-0.25,1.01,20250103223039
托特纳姆热刺 vs 纽卡斯尔联,1-2,1-2,易*,0.86,-0.25,1.02,20250103222638
托特纳姆热刺 vs 纽卡斯尔联,1-2,1-2,易*,0.85,-0.25,1.01,20250103222438
托特纳姆热刺 vs 纽卡斯尔联,1-2,1-2,易*,0.89,-0.25,0.99,20250103222338
托特纳姆热刺 vs 纽卡斯尔联,1-2,1-2,易*,0.85,-0.25,1.01,20250103214241
托特纳姆热刺 vs 纽卡斯尔联,1-2,1-2,易*,0.86,-0.25,1.02,20250103213541
托特纳姆热刺 vs 纽卡斯尔联,1-2,1-2,易*,0.87,-0.25,0.99,20250103185520
托特纳姆热刺 vs 纽卡斯尔联,1-2,1-2,易*,0.88,-0.25,1.0,20250103184727
托特纳姆热刺 vs 纽卡斯尔联,1-2,1-2,易*,0.82,-0.25,1.04,20250103174659
托特纳姆热刺 vs 纽卡斯尔联,1-2,1-2,易*,0.83,-0.25,1.05,20250103174258
托特纳姆热刺 vs 纽卡斯尔联,1-2,1-2,易*,0.86,-0.25,1.02,20250103174058
托特纳姆热刺 vs 纽卡斯尔联,1-2,1-2,易*,0.87,-0.25,1.01,20250103173830
托特纳姆热刺 vs 纽卡斯尔联,1-2,1-2,易*,0.85,-0.25,1.01,20250103173730
托特纳姆热刺 vs 纽卡斯尔联,1-2,1-2,易*,0.86,-0.25,1.02,20250103173630
托特纳姆热刺 vs 纽卡斯尔联,1-2,1-2,易*,0.87,-0.25,0.99,20250103123210
托特纳姆热刺 vs 纽卡斯尔联,1-2,1-2,易*,0.88,-0.25,1.0,20250103122710
托特纳姆热刺 vs 纽卡斯尔联,1-2,1-2,易*,0.87,-0.25,1.01,20250103122509
托特纳姆热刺 vs 纽卡斯尔联,1-2,1-2,易*,0.87,-0.25,0.99,20250103115521
托特纳姆热刺 vs 纽卡斯尔联,1-2,1-2,易*,0.88,-0.25,1.0,20250103114919
托特纳姆热刺 vs 纽卡斯尔联,1-2,1-2,易*,0.87,-0.25,0.99,20250103114427
托特纳姆热刺 vs 纽卡斯尔联,1-2,1-2,易*,0.88,-0.25,1.0,20250103114227
托特纳姆热刺 vs 纽卡斯尔联,1-2,1-2,易*,0.82,-0.25,1.04,20250103104904
托特纳姆热刺 vs 纽卡斯尔联,1-2,1-2,易*,0.83,-0.25,1.05,20250103103534
托特纳姆热刺 vs 纽卡斯尔联,1-2,1-2,易*,0.82,-0.25,1.04,20250103103333
托特纳姆热刺 vs 纽卡斯尔联,1-2,1-2,易*,0.83,-0.25,1.05,20250103033900
托特纳姆热刺 vs 纽卡斯尔联,1-2,1-2,易*,0.82,-0.25,1.04,20250103033700
托特纳姆热刺 vs 纽卡斯尔联,1-2,1-2,易*,0.83,-0.25,1.04,20250103033500
托特纳姆热刺 vs 纽卡斯尔联,1-2,1-2,易*,0.83,-0.25,1.05,20250103024944
托特纳姆热刺 vs 纽卡斯尔联,1-2,1-2,易*,0.82,-0.25,1.04,20250103024643
托特纳姆热刺 vs 纽卡斯尔联,1-2,1-2,易*,0.83,-0.25,1.05,20250103024448
托特纳姆热刺 vs 纽卡斯尔联,1-2,1-2,易*,0.87,-0.25,1.01,20250103024132
托特纳姆热刺 vs 纽卡斯尔联,1-2,1-2,易*,0.83,-0.25,1.05,20250103024035
托特纳姆热刺 vs 纽卡斯尔联,1-2,1-2,易*,0.86,-0.25,1.02,20250103023332
托特纳姆热刺 vs 纽卡斯尔联,1-2,1-2,易*,0.82,-0.25,1.04,20250103023036
托特纳姆热刺 vs 纽卡斯尔联,1-2,1-2,易*,0.88,-0.25,1.0,20250103001727
托特纳姆热刺 vs 纽卡斯尔联,1-2,1-2,易*,0.87,-0.25,0.99,20250103001527
托特纳姆热刺 vs 纽卡斯尔联,1-2,1-2,易*,0.9,-0.25,0.96,20250103000447
托特纳姆热刺 vs 纽卡斯尔联,1-2,1-2,易*,0.91,-0.25,0.97,20250103000046
托特纳姆热刺 vs 纽卡斯尔联,1-2,1-2,易*,0.9,-0.25,0.96,20250102231219
托特纳姆热刺 vs 纽卡斯尔联,1-2,1-2,易*,0.91,-0.25,0.97,20250102230619
托特纳姆热刺 vs 纽卡斯尔联,1-2,1-2,易*,0.89,-0.25,0.97,20250102170356
托特纳姆热刺 vs 纽卡斯尔联,1-2,1-2,易*,0.9,-0.25,0.98,20250102163933
托特纳姆热刺 vs 纽卡斯尔联,1-2,1-2,易*,0.9,-0.25,0.96,20250102145210
托特纳姆热刺 vs 纽卡斯尔联,1-2,1-2,易*,0.91,-0.25,0.97,20250102144710
托特纳姆热刺 vs 纽卡斯尔联,1-2,1-2,易*,0.9,-0.25,0.96,20250102143112
托特纳姆热刺 vs 纽卡斯尔联,1-2,1-2,易*,0.91,-0.25,0.97,20250102142511
托特纳姆热刺 vs 纽卡斯尔联,1-2,1-2,易*,0.87,-0.25,1.01,20250102141911
托特纳姆热刺 vs 纽卡斯尔联,1-2,1-2,易*,0.9,-0.25,0.96,20250102132338
托特纳姆热刺 vs 纽卡斯尔联,1-2,1-2,易*,0.91,-0.25,0.97,20250102132137
托特纳姆热刺 vs 纽卡斯尔联,1-2,1-2,易*,0.9,-0.25,0.96,20250102131740
托特纳姆热刺 vs 纽卡斯尔联,1-2,1-2,易*,0.91,-0.25,0.97,20250102130940
托特纳姆热刺 vs 纽卡斯尔联,1-2,1-2,易*,0.9,-0.25,0.96,20250102130849
托特纳姆热刺 vs 纽卡斯尔联,1-2,1-2,易*,0.91,-0.25,0.97,20250102093414
托特纳姆热刺 vs 纽卡斯尔联,1-2,1-2,易*,0.9,-0.25,0.96,20250102093313
托特纳姆热刺 vs 纽卡斯尔联,1-2,1-2,易*,0.87,-0.25,1.01,20250102092612
托特纳姆热刺 vs 纽卡斯尔联,1-2,1-2,易*,0.91,-0.25,0.97,20250102084301
托特纳姆热刺 vs 纽卡斯尔联,1-2,1-2,易*,0.9,-0.25,0.96,20250102084200
托特纳姆热刺 vs 纽卡斯尔联,1-2,1-2,易*,0.91,-0.25,0.97,20250102072817
托特纳姆热刺 vs 纽卡斯尔联,1-2,1-2,易*,0.9,-0.25,0.96,20250102072712
托特纳姆热刺 vs 纽卡斯尔联,1-2,1-2,易*,0.92,-0.25,0.94,20250102061447
托特纳姆热刺 vs 纽卡斯尔联,1-2,1-2,易*,0.93,-0.25,0.95,20250102060942
托特纳姆热刺 vs 纽卡斯尔联,1-2,1-2,易*,0.92,-0.25,0.94,20250102060751
托特纳姆热刺 vs 纽卡斯尔联,1-2,1-2,易*,0.88,-0.25,1.0,20250102060632
托特纳姆热刺 vs 纽卡斯尔联,1-2,1-2,易*,0.92,-0.25,0.94,20250102044705
托特纳姆热刺 vs 纽卡斯尔联,1-2,1-2,易*,0.93,-0.25,0.95,20250102044401
托特纳姆热刺 vs 纽卡斯尔联,1-2,1-2,易*,0.87,-0.25,1.01,20250102044201
托特纳姆热刺 vs 纽卡斯尔联,1-2,1-2,易*,0.92,-0.25,0.94,20250102033218
托特纳姆热刺 vs 纽卡斯尔联,1-2,1-2,易*,0.93,-0.25,0.95,20250102032918
托特纳姆热刺 vs 纽卡斯尔联,1-2,1-2,易*,0.88,-0.25,1.0,20250102032718
托特纳姆热刺 vs 纽卡斯尔联,1-2,1-2,易*,0.92,-0.25,0.94,20250102004607
托特纳姆热刺 vs 纽卡斯尔联,1-2,1-2,易*,0.93,-0.25,0.95,20250102003510
托特纳姆热刺 vs 纽卡斯尔联,1-2,1-2,易*,0.92,-0.25,0.94,20250102003254
托特纳姆热刺 vs 纽卡斯尔联,1-2,1-2,易*,0.89,-0.25,0.99,20250102003155
托特纳姆热刺 vs 纽卡斯尔联,1-2,1-2,易*,0.92,-0.25,0.94,20250102000142
托特纳姆热刺 vs 纽卡斯尔联,1-2,1-2,易*,0.93,-0.25,0.95,20250101223813
托特纳姆热刺 vs 纽卡斯尔联,1-2,1-2,易*,0.92,-0.25,0.94,20250101223713
托特纳姆热刺 vs 纽卡斯尔联,1-2,1-2,易*,0.89,-0.25,0.99,20250101223613
托特纳姆热刺 vs 纽卡斯尔联,1-2,1-2,易*,0.93,-0.25,0.95,20250101203923
托特纳姆热刺 vs 纽卡斯尔联,1-2,1-2,易*,0.92,-0.25,0.94,20250101203823
托特纳姆热刺 vs 纽卡斯尔联,1-2,1-2,易*,0.96,-0.25,0.92,20250101182105
托特纳姆热刺 vs 纽卡斯尔联,1-2,1-2,易*,0.95,-0.25,0.91,20250101182004
托特纳姆热刺 vs 纽卡斯尔联,1-2,1-2,易*,0.91,-0.25,0.97,20250101181804
托特纳姆热刺 vs 纽卡斯尔联,1-2,1-2,易*,0.9,-0.25,0.96,20250101181704
托特纳姆热刺 vs 纽卡斯尔联,1-2,1-2,易*,0.88,-0.25,1.0,20250101181505
托特纳姆热刺 vs 纽卡斯尔联,1-2,1-2,易*,0.91,-0.25,0.97,20250101131320
托特纳姆热刺 vs 纽卡斯尔联,1-2,1-2,易*,0.9,-0.25,0.96,20250101120921
托特纳姆热刺 vs 纽卡斯尔联,1-2,1-2,易*,0.91,-0.25,0.97,20250101120120
托特纳姆热刺 vs 纽卡斯尔联,1-2,1-2,易*,0.87,-0.25,1.01,20250101112508
托特纳姆热刺 vs 纽卡斯尔联,1-2,1-2,易*,0.88,-0.25,1.0,20250101090617
托特纳姆热刺 vs 纽卡斯尔联,1-2,1-2,易*,0.91,-0.25,0.97,20250101040328
托特纳姆热刺 vs 纽卡斯尔联,1-2,1-2,易*,0.9,-0.25,0.96,20250101040228
托特纳姆热刺 vs 纽卡斯尔联,1-2,1-2,易*,0.89,-0.25,0.99,20250101040028
托特纳姆热刺 vs 纽卡斯尔联,1-2,1-2,易*,0.91,-0.25,0.97,20250101021441
托特纳姆热刺 vs 纽卡斯尔联,1-2,1-2,易*,0.9,-0.25,0.96,20250101021128
托特纳姆热刺 vs 纽卡斯尔联,1-2,1-2,易*,0.9,-0.25,0.98,20250101020527
托特纳姆热刺 vs 纽卡斯尔联,1-2,1-2,易*,0.91,-0.25,0.97,20250101004735
托特纳姆热刺 vs 纽卡斯尔联,1-2,1-2,易*,0.9,-0.25,0.96,20250101004535
托特纳姆热刺 vs 纽卡斯尔联,1-2,1-2,易*,0.89,-0.25,0.99,20250101002021
托特纳姆热刺 vs 纽卡斯尔联,1-2,1-2,易*,0.88,-0.25,0.98,20250101001521
托特纳姆热刺 vs 纽卡斯尔联,1-2,1-2,易*,0.91,-0.25,0.97,20250101001221
托特纳姆热刺 vs 纽卡斯尔联,1-2,1-2,易*,0.89,-0.25,0.99,20250101000621
托特纳姆热刺 vs 纽卡斯尔联,1-2,1-2,易*,0.88,-0.25,0.98,20250101000520
托特纳姆热刺 vs 纽卡斯尔联,1-2,1-2,易*,0.92,-0.25,0.96,20250101000025
托特纳姆热刺 vs 纽卡斯尔联,1-2,1-2,易*,0.89,-0.25,0.99,20241231213947
托特纳姆热刺 vs 纽卡斯尔联,1-2,1-2,易*,0.88,-0.25,0.98,20241231213847
托特纳姆热刺 vs 纽卡斯尔联,1-2,1-2,易*,0.94,-0.25,0.94,20241231212945
托特纳姆热刺 vs 纽卡斯尔联,1-2,1-2,易*,0.92,-0.25,0.96,20241231212746
托特纳姆热刺 vs 纽卡斯尔联,1-2,1-2,易*,0.88,-0.25,0.98,20241231195151
托特纳姆热刺 vs 纽卡斯尔联,1-2,1-2,易*,0.89,-0.25,0.99,20241231193551
托特纳姆热刺 vs 纽卡斯尔联,1-2,1-2,易*,0.86,-0.25,1.02,20241231163642
托特纳姆热刺 vs 纽卡斯尔联,1-2,1-2,易*,0.85,-0.25,1.01,20241231163542
托特纳姆热刺 vs 纽卡斯尔联,1-2,1-2,易*,0.92,-0.25,0.96,20241231162900
托特纳姆热刺 vs 纽卡斯尔联,1-2,1-2,易*,0.86,-0.25,1.02,20241231160703
托特纳姆热刺 vs 纽卡斯尔联,1-2,1-2,易*,0.85,-0.25,1.01,20241231145559
托特纳姆热刺 vs 纽卡斯尔联,1-2,1-2,易*,0.86,-0.25,1.02,20241231145059
托特纳姆热刺 vs 纽卡斯尔联,1-2,1-2,易*,0.85,-0.25,1.01,20241231145003
托特纳姆热刺 vs 纽卡斯尔联,1-2,1-2,易*,0.94,-0.25,0.94,20241231144757
托特纳姆热刺 vs 纽卡斯尔联,1-2,1-2,易*,0.85,-0.25,1.01,20241231135945
托特纳姆热刺 vs 纽卡斯尔联,1-2,1-2,易*,0.86,-0.25,1.02,20241231135235
托特纳姆热刺 vs 纽卡斯尔联,1-2,1-2,易*,0.92,-0.25,0.96,20241231134234
托特纳姆热刺 vs 纽卡斯尔联,1-2,1-2,易*,0.85,-0.25,1.01,20241231123703
托特纳姆热刺 vs 纽卡斯尔联,1-2,1-2,易*,0.86,-0.25,1.02,20241231123201
托特纳姆热刺 vs 纽卡斯尔联,1-2,1-2,易*,0.91,-0.25,0.97,20241231122702
托特纳姆热刺 vs 纽卡斯尔联,1-2,1-2,易*,0.85,-0.25,1.01,20241231121000
托特纳姆热刺 vs 纽卡斯尔联,1-2,1-2,易*,0.86,-0.25,1.02,20241231120659
托特纳姆热刺 vs 纽卡斯尔联,1-2,1-2,易*,0.9,-0.25,0.98,20241231120501
托特纳姆热刺 vs 纽卡斯尔联,1-2,1-2,易*,0.88,-0.25,1.0,20241231070820
托特纳姆热刺 vs 纽卡斯尔联,1-2,1-2,易*,0.87,-0.25,0.99,20241231070620
托特纳姆热刺 vs 纽卡斯尔联,1-2,1-2,伟*,0.9,-0.75,0.97,20250104202746
托特纳姆热刺 vs 纽卡斯尔联,1-2,1-2,伟*,0.89,-0.75,0.98,20250104202524
托特纳姆热刺 vs 纽卡斯尔联,1-2,1-2,伟*,0.9,-0.75,0.97,20250104202340
托特纳姆热刺 vs 纽卡斯尔联,1-2,1-2,伟*,0.89,-0.75,0.98,20250104202110
托特纳姆热刺 vs 纽卡斯尔联,1-2,1-2,伟*,0.9,-0.75,0.97,20250104201721
托特纳姆热刺 vs 纽卡斯尔联,1-2,1-2,伟*,0.89,-0.75,0.98,20250104200838
托特纳姆热刺 vs 纽卡斯尔联,1-2,1-2,伟*,0.9,-0.75,0.97,20250104200001
托特纳姆热刺 vs 纽卡斯尔联,1-2,1-2,伟*,0.9,-0.75,0.96,20250104195842
托特纳姆热刺 vs 纽卡斯尔联,1-2,1-2,伟*,0.91,-0.75,0.96,20250104195353
托特纳姆热刺 vs 纽卡斯尔联,1-2,1-2,伟*,0.91,-0.75,0.95,20250104195243
托特纳姆热刺 vs 纽卡斯尔联,1-2,1-2,伟*,0.91,-0.75,0.96,20250104195123
托特纳姆热刺 vs 纽卡斯尔联,1-2,1-2,伟*,0.9,-0.75,0.96,20250104194901
托特纳姆热刺 vs 纽卡斯尔联,1-2,1-2,伟*,0.9,-0.75,0.97,20250104194142
托特纳姆热刺 vs 纽卡斯尔联,1-2,1-2,伟*,0.89,-0.75,0.98,20250104193817
托特纳姆热刺 vs 纽卡斯尔联,1-2,1-2,伟*,0.9,-0.75,0.97,20250104193243
托特纳姆热刺 vs 纽卡斯尔联,1-2,1-2,伟*,0.91,-0.75,0.96,20250104193132
托特纳姆热刺 vs 纽卡斯尔联,1-2,1-2,伟*,0.92,-0.75,0.95,20250104192908
托特纳姆热刺 vs 纽卡斯尔联,1-2,1-2,伟*,0.92,-0.75,0.94,20250104192753
托特纳姆热刺 vs 纽卡斯尔联,1-2,1-2,伟*,0.91,-0.75,0.96,20250104192632
托特纳姆热刺 vs 纽卡斯尔联,1-2,1-2,伟*,0.9,-0.75,0.97,20250104192402
托特纳姆热刺 vs 纽卡斯尔联,1-2,1-2,伟*,0.89,-0.75,0.98,20250104192257
托特纳姆热刺 vs 纽卡斯尔联,1-2,1-2,伟*,0.87,-0.75,0.99,20250104192141
托特纳姆热刺 vs 纽卡斯尔联,1-2,1-2,伟*,0.85,-0.75,1.02,20250104192021
托特纳姆热刺 vs 纽卡斯尔联,1-2,1-2,伟*,0.84,-0.75,1.03,20250104191901
托特纳姆热刺 vs 纽卡斯尔联,1-2,1-2,伟*,0.85,-0.75,1.02,20250104191506
托特纳姆热刺 vs 纽卡斯尔联,1-2,1-2,伟*,0.86,-0.75,1.01,20250104191343
托特纳姆热刺 vs 纽卡斯尔联,1-2,1-2,伟*,0.87,-0.75,1.0,20250104190839
托特纳姆热刺 vs 纽卡斯尔联,1-2,1-2,伟*,0.88,-0.75,0.99,20250104190355
托特纳姆热刺 vs 纽卡斯尔联,1-2,1-2,伟*,0.89,-0.75,0.98,20250104185004
托特纳姆热刺 vs 纽卡斯尔联,1-2,1-2,伟*,0.88,-0.75,0.99,20250104184730
托特纳姆热刺 vs 纽卡斯尔联,1-2,1-2,伟*,0.87,-0.75,1.0,20250104184508
托特纳姆热刺 vs 纽卡斯尔联,1-2,1-2,伟*,0.86,-0.75,1.01,20250104184357
托特纳姆热刺 vs 纽卡斯尔联,1-2,1-2,伟*,0.85,-0.75,1.02,20250104184242
托特纳姆热刺 vs 纽卡斯尔联,1-2,1-2,伟*,0.85,-0.75,1.03,20250104184126
托特纳姆热刺 vs 纽卡斯尔联,1-2,1-2,伟*,0.84,-0.75,1.03,20250104184005
托特纳姆热刺 vs 纽卡斯尔联,1-2,1-2,伟*,0.84,-0.75,1.04,20250104183859
托特纳姆热刺 vs 纽卡斯尔联,1-2,1-2,伟*,1.04,-0.5,0.84,20250104183520
托特纳姆热刺 vs 纽卡斯尔联,1-2,1-2,伟*,1.03,-0.5,0.84,20250104182435
托特纳姆热刺 vs 纽卡斯尔联,1-2,1-2,伟*,0.83,-0.75,1.05,20250104182315
托特纳姆热刺 vs 纽卡斯尔联,1-2,1-2,伟*,0.84,-0.75,1.04,20250104182205
托特纳姆热刺 vs 纽卡斯尔联,1-2,1-2,伟*,1.04,-0.5,0.84,20250104182042
托特纳姆热刺 vs 纽卡斯尔联,1-2,1-2,伟*,0.83,-0.75,1.05,20250104181523
托特纳姆热刺 vs 纽卡斯尔联,1-2,1-2,伟*,1.04,-0.5,0.84,20250104181407
托特纳姆热刺 vs 纽卡斯尔联,1-2,1-2,伟*,0.84,-0.75,1.04,20250104180249
托特纳姆热刺 vs 纽卡斯尔联,1-2,1-2,伟*,1.05,-0.5,0.83,20250104180133
托特纳姆热刺 vs 纽卡斯尔联,1-2,1-2,伟*,1.03,-0.5,0.84,20250104174153
托特纳姆热刺 vs 纽卡斯尔联,1-2,1-2,伟*,1.02,-0.5,0.85,20250104174020
托特纳姆热刺 vs 纽卡斯尔联,1-2,1-2,伟*,1.03,-0.5,0.84,20250104170639
托特纳姆热刺 vs 纽卡斯尔联,1-2,1-2,伟*,1.04,-0.5,0.84,20250104165945
托特纳姆热刺 vs 纽卡斯尔联,1-2,1-2,伟*,1.03,-0.5,0.84,20250104165235
托特纳姆热刺 vs 纽卡斯尔联,1-2,1-2,伟*,1.0,-0.5,0.87,20250104164937
托特纳姆热刺 vs 纽卡斯尔联,1-2,1-2,伟*,1.01,-0.5,0.86,20250104163355
托特纳姆热刺 vs 纽卡斯尔联,1-2,1-2,伟*,1.0,-0.5,0.87,20250104163045
托特纳姆热刺 vs 纽卡斯尔联,1-2,1-2,伟*,1.01,-0.5,0.86,20250104161408
托特纳姆热刺 vs 纽卡斯尔联,1-2,1-2,伟*,1.0,-0.5,0.87,20250104161201
托特纳姆热刺 vs 纽卡斯尔联,1-2,1-2,伟*,0.98,-0.5,0.89,20250104155049
托特纳姆热刺 vs 纽卡斯尔联,1-2,1-2,伟*,0.99,-0.5,0.88,20250104154831
托特纳姆热刺 vs 纽卡斯尔联,1-2,1-2,伟*,0.98,-0.5,0.89,20250104154706
托特纳姆热刺 vs 纽卡斯尔联,1-2,1-2,伟*,0.99,-0.5,0.88,20250104154440
托特纳姆热刺 vs 纽卡斯尔联,1-2,1-2,伟*,0.98,-0.5,0.89,20250104152611
托特纳姆热刺 vs 纽卡斯尔联,1-2,1-2,伟*,0.96,-0.5,0.91,20250104152005
托特纳姆热刺 vs 纽卡斯尔联,1-2,1-2,伟*,0.95,-0.5,0.92,20250104151031
托特纳姆热刺 vs 纽卡斯尔联,1-2,1-2,伟*,0.95,-0.5,0.91,20250104150401
托特纳姆热刺 vs 纽卡斯尔联,1-2,1-2,伟*,0.96,-0.5,0.91,20250104142108
托特纳姆热刺 vs 纽卡斯尔联,1-2,1-2,伟*,0.95,-0.5,0.91,20250104140335
托特纳姆热刺 vs 纽卡斯尔联,1-2,1-2,伟*,0.96,-0.5,0.91,20250104135817
托特纳姆热刺 vs 纽卡斯尔联,1-2,1-2,伟*,0.95,-0.5,0.91,20250104135549
托特纳姆热刺 vs 纽卡斯尔联,1-2,1-2,伟*,0.96,-0.5,0.91,20250104135209
托特纳姆热刺 vs 纽卡斯尔联,1-2,1-2,伟*,0.95,-0.5,0.92,20250104134731
托特纳姆热刺 vs 纽卡斯尔联,1-2,1-2,伟*,0.94,-0.5,0.92,20250104134301
托特纳姆热刺 vs 纽卡斯尔联,1-2,1-2,伟*,0.93,-0.5,0.93,20250104133547
托特纳姆热刺 vs 纽卡斯尔联,1-2,1-2,伟*,0.92,-0.5,0.94,20250104133028
托特纳姆热刺 vs 纽卡斯尔联,1-2,1-2,伟*,0.93,-0.5,0.93,20250104132419
托特纳姆热刺 vs 纽卡斯尔联,1-2,1-2,伟*,0.94,-0.5,0.92,20250104131840
托特纳姆热刺 vs 纽卡斯尔联,1-2,1-2,伟*,0.93,-0.5,0.93,20250104131340
托特纳姆热刺 vs 纽卡斯尔联,1-2,1-2,伟*,0.94,-0.5,0.92,20250104131124
托特纳姆热刺 vs 纽卡斯尔联,1-2,1-2,伟*,0.95,-0.5,0.92,20250104125856
托特纳姆热刺 vs 纽卡斯尔联,1-2,1-2,伟*,0.96,-0.5,0.91,20250104125230
托特纳姆热刺 vs 纽卡斯尔联,1-2,1-2,伟*,0.95,-0.5,0.92,20250104124520
托特纳姆热刺 vs 纽卡斯尔联,1-2,1-2,伟*,0.94,-0.5,0.92,20250104124146
托特纳姆热刺 vs 纽卡斯尔联,1-2,1-2,伟*,0.94,-0.5,0.93,20250104124032
托特纳姆热刺 vs 纽卡斯尔联,1-2,1-2,伟*,0.96,-0.5,0.91,20250104123758
托特纳姆热刺 vs 纽卡斯尔联,1-2,1-2,伟*,0.95,-0.5,0.91,20250104123641
托特纳姆热刺 vs 纽卡斯尔联,1-2,1-2,伟*,0.99,-0.5,0.88,20250104122924
托特纳姆热刺 vs 纽卡斯尔联,1-2,1-2,伟*,1.0,-0.5,0.87,20250104122152
托特纳姆热刺 vs 纽卡斯尔联,1-2,1-2,伟*,0.99,-0.5,0.87,20250104121817
托特纳姆热刺 vs 纽卡斯尔联,1-2,1-2,伟*,1.0,-0.5,0.87,20250104121706
托特纳姆热刺 vs 纽卡斯尔联,1-2,1-2,伟*,0.99,-0.5,0.88,20250104120518
托特纳姆热刺 vs 纽卡斯尔联,1-2,1-2,伟*,0.98,-0.5,0.89,20250104105252
托特纳姆热刺 vs 纽卡斯尔联,1-2,1-2,伟*,0.99,-0.5,0.88,20250104104753
托特纳姆热刺 vs 纽卡斯尔联,1-2,1-2,伟*,0.98,-0.5,0.89,20250104104044
托特纳姆热刺 vs 纽卡斯尔联,1-2,1-2,伟*,0.99,-0.5,0.88,20250104103602
托特纳姆热刺 vs 纽卡斯尔联,1-2,1-2,伟*,1.0,-0.5,0.87,20250104095127
托特纳姆热刺 vs 纽卡斯尔联,1-2,1-2,伟*,0.99,-0.5,0.88,20250104094920
托特纳姆热刺 vs 纽卡斯尔联,1-2,1-2,伟*,1.0,-0.5,0.87,20250104091629
托特纳姆热刺 vs 纽卡斯尔联,1-2,1-2,伟*,1.01,-0.5,0.86,20250104083158
托特纳姆热刺 vs 纽卡斯尔联,1-2,1-2,伟*,1.02,-0.5,0.85,20250104064329
托特纳姆热刺 vs 纽卡斯尔联,1-2,1-2,伟*,1.01,-0.5,0.86,20250104064015
托特纳姆热刺 vs 纽卡斯尔联,1-2,1-2,伟*,1.02,-0.5,0.85,20250104063653
托特纳姆热刺 vs 纽卡斯尔联,1-2,1-2,伟*,1.01,-0.5,0.86,20250104061726
托特纳姆热刺 vs 纽卡斯尔联,1-2,1-2,伟*,1.0,-0.5,0.87,20250104061247
托特纳姆热刺 vs 纽卡斯尔联,1-2,1-2,伟*,1.01,-0.5,0.86,20250104060855
托特纳姆热刺 vs 纽卡斯尔联,1-2,1-2,伟*,1.0,-0.5,0.87,20250104060624
托特纳姆热刺 vs 纽卡斯尔联,1-2,1-2,伟*,0.99,-0.5,0.88,20250104055248
托特纳姆热刺 vs 纽卡斯尔联,1-2,1-2,伟*,1.0,-0.5,0.87,20250104054607
托特纳姆热刺 vs 纽卡斯尔联,1-2,1-2,伟*,1.01,-0.5,0.86,20250104053920
托特纳姆热刺 vs 纽卡斯尔联,1-2,1-2,伟*,1.02,-0.5,0.85,20250104051834
托特纳姆热刺 vs 纽卡斯尔联,1-2,1-2,伟*,1.03,-0.5,0.85,20250104051728
托特纳姆热刺 vs 纽卡斯尔联,1-2,1-2,伟*,1.01,-0.5,0.86,20250104051617
托特纳姆热刺 vs 纽卡斯尔联,1-2,1-2,伟*,1.0,-0.5,0.87,20250104051513
托特纳姆热刺 vs 纽卡斯尔联,1-2,1-2,伟*,0.96,-0.5,0.91,20250104051401
托特纳姆热刺 vs 纽卡斯尔联,1-2,1-2,伟*,0.94,-0.5,0.92,20250104051245
托特纳姆热刺 vs 纽卡斯尔联,1-2,1-2,伟*,0.92,-0.5,0.94,20250104051031
托特纳姆热刺 vs 纽卡斯尔联,1-2,1-2,伟*,0.9,-0.5,0.97,20250104050924
托特纳姆热刺 vs 纽卡斯尔联,1-2,1-2,伟*,0.86,-0.5,1.01,20250104050805
托特纳姆热刺 vs 纽卡斯尔联,1-2,1-2,伟*,0.85,-0.5,1.02,20250104050004
托特纳姆热刺 vs 纽卡斯尔联,1-2,1-2,伟*,0.85,-0.5,1.03,20250104044155
托特纳姆热刺 vs 纽卡斯尔联,1-2,1-2,伟*,0.84,-0.5,1.03,20250104043444
托特纳姆热刺 vs 纽卡斯尔联,1-2,1-2,伟*,0.84,-0.5,1.04,20250104043336
托特纳姆热刺 vs 纽卡斯尔联,1-2,1-2,伟*,0.83,-0.5,1.05,20250104042027
托特纳姆热刺 vs 纽卡斯尔联,1-2,1-2,伟*,0.82,-0.5,1.06,20250104041551
托特纳姆热刺 vs 纽卡斯尔联,1-2,1-2,伟*,1.05,-0.25,0.83,20250104041447
托特纳姆热刺 vs 纽卡斯尔联,1-2,1-2,伟*,1.02,-0.25,0.85,20250104041221
托特纳姆热刺 vs 纽卡斯尔联,1-2,1-2,伟*,1.01,-0.25,0.86,20250104041117
托特纳姆热刺 vs 纽卡斯尔联,1-2,1-2,伟*,0.99,-0.25,0.88,20250104040743
托特纳姆热刺 vs 纽卡斯尔联,1-2,1-2,伟*,0.97,-0.25,0.9,20250104035050
托特纳姆热刺 vs 纽卡斯尔联,1-2,1-2,伟*,0.96,-0.25,0.91,20250104034930
托特纳姆热刺 vs 纽卡斯尔联,1-2,1-2,伟*,0.97,-0.25,0.9,20250104034430
托特纳姆热刺 vs 纽卡斯尔联,1-2,1-2,伟*,0.96,-0.25,0.91,20250104032254
托特纳姆热刺 vs 纽卡斯尔联,1-2,1-2,伟*,0.95,-0.25,0.92,20250104032041
托特纳姆热刺 vs 纽卡斯尔联,1-2,1-2,伟*,0.93,-0.25,0.93,20250104031819
托特纳姆热刺 vs 纽卡斯尔联,1-2,1-2,伟*,0.94,-0.25,0.93,20250104031704
托特纳姆热刺 vs 纽卡斯尔联,1-2,1-2,伟*,0.93,-0.25,0.93,20250104031036
托特纳姆热刺 vs 纽卡斯尔联,1-2,1-2,伟*,0.92,-0.25,0.94,20250104025020
托特纳姆热刺 vs 纽卡斯尔联,1-2,1-2,伟*,0.92,-0.25,0.95,20250104024631
托特纳姆热刺 vs 纽卡斯尔联,1-2,1-2,伟*,0.91,-0.25,0.96,20250104024130
托特纳姆热刺 vs 纽卡斯尔联,1-2,1-2,伟*,0.9,-0.25,0.96,20250104024014
托特纳姆热刺 vs 纽卡斯尔联,1-2,1-2,伟*,0.9,-0.25,0.97,20250104023857
托特纳姆热刺 vs 纽卡斯尔联,1-2,1-2,伟*,0.9,-0.25,0.96,20250104023144
托特纳姆热刺 vs 纽卡斯尔联,1-2,1-2,伟*,0.9,-0.25,0.97,20250104021829
托特纳姆热刺 vs 纽卡斯尔联,1-2,1-2,伟*,0.89,-0.25,0.98,20250104015035
托特纳姆热刺 vs 纽卡斯尔联,1-2,1-2,伟*,0.9,-0.25,0.97,20250104013912
托特纳姆热刺 vs 纽卡斯尔联,1-2,1-2,伟*,0.89,-0.25,0.98,20250104004440
托特纳姆热刺 vs 纽卡斯尔联,1-2,1-2,伟*,0.88,-0.25,0.98,20250104001930
托特纳姆热刺 vs 纽卡斯尔联,1-2,1-2,伟*,0.89,-0.25,0.98,20250104001809
托特纳姆热刺 vs 纽卡斯尔联,1-2,1-2,伟*,0.88,-0.25,0.98,20250104001030
托特纳姆热刺 vs 纽卡斯尔联,1-2,1-2,伟*,0.88,-0.25,0.99,20250103235108
托特纳姆热刺 vs 纽卡斯尔联,1-2,1-2,伟*,0.88,-0.25,0.98,20250103234029
托特纳姆热刺 vs 纽卡斯尔联,1-2,1-2,伟*,0.89,-0.25,0.98,20250103233919
托特纳姆热刺 vs 纽卡斯尔联,1-2,1-2,伟*,0.88,-0.25,0.98,20250103233819
托特纳姆热刺 vs 纽卡斯尔联,1-2,1-2,伟*,0.88,-0.25,0.99,20250103233621
托特纳姆热刺 vs 纽卡斯尔联,1-2,1-2,伟*,0.88,-0.25,0.98,20250103233513
托特纳姆热刺 vs 纽卡斯尔联,1-2,1-2,伟*,0.88,-0.25,0.99,20250103223911
托特纳姆热刺 vs 纽卡斯尔联,1-2,1-2,伟*,0.88,-0.25,0.98,20250103223738
托特纳姆热刺 vs 纽卡斯尔联,1-2,1-2,伟*,0.89,-0.25,0.98,20250103223627
托特纳姆热刺 vs 纽卡斯尔联,1-2,1-2,伟*,0.9,-0.25,0.97,20250103221051
托特纳姆热刺 vs 纽卡斯尔联,1-2,1-2,伟*,0.89,-0.25,0.98,20250103215849
托特纳姆热刺 vs 纽卡斯尔联,1-2,1-2,伟*,0.88,-0.25,0.98,20250103215729
托特纳姆热刺 vs 纽卡斯尔联,1-2,1-2,伟*,0.88,-0.25,0.99,20250103203041
托特纳姆热刺 vs 纽卡斯尔联,1-2,1-2,伟*,0.84,-0.25,0.95,20250103184700
托特纳姆热刺 vs 纽卡斯尔联,1-2,1-2,伟*,0.84,-0.25,0.96,20250103174749
托特纳姆热刺 vs 纽卡斯尔联,1-2,1-2,伟*,0.83,-0.25,0.97,20250103174254
托特纳姆热刺 vs 纽卡斯尔联,1-2,1-2,伟*,0.84,-0.25,0.95,20250103122401
托特纳姆热刺 vs 纽卡斯尔联,1-2,1-2,伟*,0.85,-0.25,0.94,20250103114238
托特纳姆热刺 vs 纽卡斯尔联,1-2,1-2,伟*,0.84,-0.25,0.95,20250103100428
托特纳姆热刺 vs 纽卡斯尔联,1-2,1-2,伟*,0.84,-0.25,0.96,20250103095744
托特纳姆热刺 vs 纽卡斯尔联,1-2,1-2,伟*,0.84,-0.25,0.95,20250103022941
托特纳姆热刺 vs 纽卡斯尔联,1-2,1-2,伟*,0.85,-0.25,0.95,20250103001555
托特纳姆热刺 vs 纽卡斯尔联,1-2,1-2,伟*,0.85,-0.25,0.94,20250102033552
托特纳姆热刺 vs 纽卡斯尔联,1-2,1-2,伟*,0.86,-0.25,0.94,20250102003602
托特纳姆热刺 vs 纽卡斯尔联,1-2,1-2,伟*,0.85,-0.25,0.94,20250101204903
托特纳姆热刺 vs 纽卡斯尔联,1-2,1-2,伟*,0.86,-0.25,0.93,20250101182039
托特纳姆热刺 vs 纽卡斯尔联,1-2,1-2,伟*,0.85,-0.25,0.94,20250101120224
托特纳姆热刺 vs 纽卡斯尔联,1-2,1-2,伟*,0.84,-0.25,0.95,20250101112725
托特纳姆热刺 vs 纽卡斯尔联,1-2,1-2,伟*,0.85,-0.25,0.95,20250101112410
托特纳姆热刺 vs 纽卡斯尔联,1-2,1-2,伟*,0.85,-0.25,0.94,20250101080614
托特纳姆热刺 vs 纽卡斯尔联,1-2,1-2,伟*,0.86,-0.25,0.93,20250101020917
托特纳姆热刺 vs 纽卡斯尔联,1-2,1-2,伟*,0.87,-0.25,0.92,20250101005119
托特纳姆热刺 vs 纽卡斯尔联,1-2,1-2,伟*,0.88,-0.25,0.91,20250101004839
托特纳姆热刺 vs 纽卡斯尔联,1-2,1-2,伟*,0.87,-0.25,0.92,20250101000116
托特纳姆热刺 vs 纽卡斯尔联,1-2,1-2,伟*,0.88,-0.25,0.91,20241231212813
托特纳姆热刺 vs 纽卡斯尔联,1-2,1-2,伟*,0.87,-0.25,0.92,20241231185453
托特纳姆热刺 vs 纽卡斯尔联,1-2,1-2,伟*,0.86,-0.25,0.93,20241231163019
托特纳姆热刺 vs 纽卡斯尔联,1-2,1-2,伟*,0.87,-0.25,0.92,20241231144912
托特纳姆热刺 vs 纽卡斯尔联,1-2,1-2,伟*,0.86,-0.25,0.93,20241231120421
托特纳姆热刺 vs 纽卡斯尔联,1-2,1-2,伟*,0.87,-0.25,0.92,20241231090602
托特纳姆热刺 vs 纽卡斯尔联,1-2,1-2,伟*,0.86,-0.25,0.93,20241231063308
托特纳姆热刺 vs 纽卡斯尔联,1-2,1-2,伟*,0.85,-0.25,0.94,20241231061852
托特纳姆热刺 vs 纽卡斯尔联,1-2,1-2,伟*,0.86,-0.25,0.93,20241231061651
托特纳姆热刺 vs 纽卡斯尔联,1-2,1-2,伟*,0.85,-0.25,0.94,20241231060648
托特纳姆热刺 vs 纽卡斯尔联,1-2,1-2,伟*,0.84,-0.25,0.95,20241231060302
托特纳姆热刺 vs 纽卡斯尔联,1-2,1-2,伟*,0.83,-0.25,0.97,20241231060105
托特纳姆热刺 vs 纽卡斯尔联,1-2,1-2,伟*,0.81,-0.25,0.99,20241231054626
托特纳姆热刺 vs 纽卡斯尔联,1-2,1-2,伟*,0.82,-0.25,0.98,20241231053153
托特纳姆热刺 vs 纽卡斯尔联,1-2,1-2,伟*,0.82,-0.25,0.97,20241231052411
托特纳姆热刺 vs 纽卡斯尔联,1-2,1-2,伟*,0.83,-0.25,0.97,20241231050111
托特纳姆热刺 vs 纽卡斯尔联,1-2,1-2,伟*,0.84,-0.25,0.95,20241231045255
托特纳姆热刺 vs 纽卡斯尔联,1-2,1-2,伟*,0.84,-0.25,0.96,20241231044855
托特纳姆热刺 vs 纽卡斯尔联,1-2,1-2,伟*,0.83,-0.25,0.97,20241231042645
托特纳姆热刺 vs 纽卡斯尔联,1-2,1-2,伟*,0.82,-0.25,0.98,20241231042237
托特纳姆热刺 vs 纽卡斯尔联,1-2,1-2,伟*,0.79,-0.25,1.01,20241231042041
托特纳姆热刺 vs 纽卡斯尔联,1-2,1-2,伟*,1.03,0.0,0.78,20241231034746
托特纳姆热刺 vs 纽卡斯尔联,1-2,1-2,伟*,0.75,-0.25,1.01,20241230213129
托特纳姆热刺 vs 纽卡斯尔联,1-2,1-2,伟*,0.78,-0.25,1.03,20241230212902
托特纳姆热刺 vs 纽卡斯尔联,1-2,1-2,伟*,0.79,-0.25,1.02,20241230212656
托特纳姆热刺 vs 纽卡斯尔联,1-2,1-2,伟*,0.79,-0.25,1.01,20241230191815
托特纳姆热刺 vs 纽卡斯尔联,1-2,1-2,伟*,0.79,-0.25,1.02,20241230185355
托特纳姆热刺 vs 纽卡斯尔联,1-2,1-2,伟*,0.79,-0.25,1.01,20241230120311
托特纳姆热刺 vs 纽卡斯尔联,1-2,1-2,伟*,0.8,-0.25,1.0,20241230063830
托特纳姆热刺 vs 纽卡斯尔联,1-2,1-2,伟*,0.79,-0.25,1.01,20241230060425
托特纳姆热刺 vs 纽卡斯尔联,1-2,1-2,伟*,0.79,-0.25,1.02,20241230055532
托特纳姆热刺 vs 纽卡斯尔联,1-2,1-2,伟*,0.78,-0.25,1.03,20241230053610
托特纳姆热刺 vs 纽卡斯尔联,1-2,1-2,伟*,0.78,-0.25,1.02,20241230051521
托特纳姆热刺 vs 纽卡斯尔联,1-2,1-2,伟*,0.79,-0.25,1.02,20241230051124
托特纳姆热刺 vs 纽卡斯尔联,1-2,1-2,伟*,0.79,-0.25,1.01,20241230031850
托特纳姆热刺 vs 纽卡斯尔联,1-2,1-2,伟*,0.78,-0.25,1.03,20241230012211
托特纳姆热刺 vs 纽卡斯尔联,1-2,1-2,伟*,1.01,0.0,0.79,20241230010716
托特纳姆热刺 vs 纽卡斯尔联,1-2,1-2,伟*,0.99,0.0,0.81,20241230010529
托特纳姆热刺 vs 纽卡斯尔联,1-2,1-2,伟*,0.97,0.0,0.83,20241230010339
托特纳姆热刺 vs 纽卡斯尔联,1-2,1-2,伟*,0.95,0.0,0.84,20241229235636
托特纳姆热刺 vs 纽卡斯尔联,1-2,1-2,伟*,0.94,0.0,0.85,20241229225326
托特纳姆热刺 vs 纽卡斯尔联,1-2,1-2,伟*,0.95,0.0,0.84,20241229161932
托特纳姆热刺 vs 纽卡斯尔联,1-2,1-2,伟*,0.95,0.0,0.85,20241229161753
托特纳姆热刺 vs 纽卡斯尔联,1-2,1-2,伟*,0.95,0.0,0.84,20241229160525
托特纳姆热刺 vs 纽卡斯尔联,1-2,1-2,伟*,0.97,0.0,0.83,20241229160340
托特纳姆热刺 vs 纽卡斯尔联,1-2,1-2,伟*,0.98,0.0,0.82,20241229023018
托特纳姆热刺 vs 纽卡斯尔联,1-2,1-2,伟*,0.97,0.0,0.83,20241228071625
托特纳姆热刺 vs 纽卡斯尔联,1-2,1-2,伟*,0.96,0.0,0.84,20241228020944
托特纳姆热刺 vs 纽卡斯尔联,1-2,1-2,伟*,0.95,0.0,0.84,20241228020342
托特纳姆热刺 vs 纽卡斯尔联,1-2,1-2,伟*,0.93,0.0,0.86,20241228020146
托特纳姆热刺 vs 纽卡斯尔联,1-2,1-2,伟*,0.91,0.0,0.89,20241228015949
托特纳姆热刺 vs 纽卡斯尔联,1-2,1-2,伟*,0.89,0.0,0.9,20241227232304
托特纳姆热刺 vs 纽卡斯尔联,1-2,1-2,伟*,0.88,0.0,0.91,20241227222759
托特纳姆热刺 vs 纽卡斯尔联,1-2,1-2,伟*,0.89,0.0,0.9,20241227203933
托特纳姆热刺 vs 纽卡斯尔联,1-2,1-2,伟*,0.89,0.0,0.91,20241227191948
托特纳姆热刺 vs 纽卡斯尔联,1-2,1-2,伟*,0.89,0.0,0.9,20241227191755
托特纳姆热刺 vs 纽卡斯尔联,1-2,1-2,伟*,0.89,0.0,0.91,20241227191233
托特纳姆热刺 vs 纽卡斯尔联,1-2,1-2,伟*,0.89,0.0,0.9,20241227190937
托特纳姆热刺 vs 纽卡斯尔联,1-2,1-2,伟*,0.89,0.0,0.91,20241227185951
托特纳姆热刺 vs 纽卡斯尔联,1-2,1-2,伟*,0.88,0.0,0.91,20241227153824
托特纳姆热刺 vs 纽卡斯尔联,1-2,1-2,伟*,0.88,0.0,0.92,20241227093614
托特纳姆热刺 vs 纽卡斯尔联,1-2,1-2,伟*,0.87,0.0,0.92,20241227073517
托特纳姆热刺 vs 纽卡斯尔联,1-2,1-2,伟*,0.86,0.0,0.93,20241227061204
托特纳姆热刺 vs 纽卡斯尔联,1-2,1-2,伟*,0.87,0.0,0.92,20241227050834
托特纳姆热刺 vs 纽卡斯尔联,1-2,1-2,伟*,0.86,0.0,0.93,20241227050631
托特纳姆热刺 vs 纽卡斯尔联,1-2,1-2,伟*,0.87,0.0,0.92,20241227050424
托特纳姆热刺 vs 纽卡斯尔联,1-2,1-2,伟*,0.96,0.25,0.84,20241227050230
托特纳姆热刺 vs 纽卡斯尔联,1-2,1-2,伟*,1.01,0.25,0.79,20241227041214
托特纳姆热刺 vs 纽卡斯尔联,1-2,1-2,伟*,1.02,0.25,0.79,20241227041018
托特纳姆热刺 vs 纽卡斯尔联,1-2,1-2,伟*,1.0,0.25,0.8,20241227040833
托特纳姆热刺 vs 纽卡斯尔联,1-2,1-2,伟*,1.01,0.25,0.79,20241227040650
托特纳姆热刺 vs 纽卡斯尔联,1-2,1-2,伟*,1.05,0.25,0.76,20241227040455
托特纳姆热刺 vs 纽卡斯尔联,1-2,1-2,伟*,1.05,0.25,0.77,20241227040257
托特纳姆热刺 vs 纽卡斯尔联,1-2,1-2,伟*,1.05,0.25,0.76,20241227035713
托特纳姆热刺 vs 纽卡斯尔联,1-2,1-2,伟*,1.02,0.25,0.74,20241227034729
托特纳姆热刺 vs 纽卡斯尔联,1-2,1-2,伟*,1.05,0.25,0.77,20241227034551
托特纳姆热刺 vs 纽卡斯尔联,1-2,1-2,伟*,1.02,0.25,0.79,20241227033756
托特纳姆热刺 vs 纽卡斯尔联,1-2,1-2,伟*,1.01,0.25,0.79,20241227033553
托特纳姆热刺 vs 纽卡斯尔联,1-2,1-2,伟*,0.98,0.25,0.81,20241227033409
托特纳姆热刺 vs 纽卡斯尔联,1-2,1-2,伟*,0.95,0.25,0.84,20241227022906
托特纳姆热刺 vs 纽卡斯尔联,1-2,1-2,伟*,0.94,0.25,0.85,20241227022709
托特纳姆热刺 vs 纽卡斯尔联,1-2,1-2,伟*,0.93,0.25,0.86,20241227010426
托特纳姆热刺 vs 纽卡斯尔联,1-2,1-2,伟*,0.92,0.25,0.87,20241227010230
托特纳姆热刺 vs 纽卡斯尔联,1-2,1-2,明*,0.94,-0.75,1.0,20250104202948
托特纳姆热刺 vs 纽卡斯尔联,1-2,1-2,明*,0.95,-0.75,0.99,20250104202933
托特纳姆热刺 vs 纽卡斯尔联,1-2,1-2,明*,0.97,-0.75,0.97,20250104202923
托特纳姆热刺 vs 纽卡斯尔联,1-2,1-2,明*,0.93,-0.75,1.0,20250104202835
托特纳姆热刺 vs 纽卡斯尔联,1-2,1-2,明*,0.92,-0.75,1.01,20250104202806
托特纳姆热刺 vs 纽卡斯尔联,1-2,1-2,明*,0.9,-0.75,1.03,20250104202238
托特纳姆热刺 vs 纽卡斯尔联,1-2,1-2,明*,0.89,-0.75,1.04,20250104201812
托特纳姆热刺 vs 纽卡斯尔联,1-2,1-2,明*,0.88,-0.75,1.05,20250104201701
托特纳姆热刺 vs 纽卡斯尔联,1-2,1-2,明*,0.87,-0.75,1.06,20250104201513
托特纳姆热刺 vs 纽卡斯尔联,1-2,1-2,明*,0.89,-0.75,1.04,20250104200513
托特纳姆热刺 vs 纽卡斯尔联,1-2,1-2,明*,0.91,-0.75,1.02,20250104195635
托特纳姆热刺 vs 纽卡斯尔联,1-2,1-2,明*,0.92,-0.75,1.01,20250104195316
托特纳姆热刺 vs 纽卡斯尔联,1-2,1-2,明*,0.93,-0.75,1.0,20250104195242
托特纳姆热刺 vs 纽卡斯尔联,1-2,1-2,明*,0.91,-0.75,1.02,20250104194752
托特纳姆热刺 vs 纽卡斯尔联,1-2,1-2,明*,0.92,-0.75,1.01,20250104194550
托特纳姆热刺 vs 纽卡斯尔联,1-2,1-2,明*,0.91,-0.75,1.02,20250104194157
托特纳姆热刺 vs 纽卡斯尔联,1-2,1-2,明*,0.89,-0.75,1.04,20250104193925
托特纳姆热刺 vs 纽卡斯尔联,1-2,1-2,明*,0.88,-0.75,1.05,20250104193852
托特纳姆热刺 vs 纽卡斯尔联,1-2,1-2,明*,0.91,-0.75,1.02,20250104193817
托特纳姆热刺 vs 纽卡斯尔联,1-2,1-2,明*,0.9,-0.75,1.03,20250104193128
托特纳姆热刺 vs 纽卡斯尔联,1-2,1-2,明*,0.89,-0.75,1.04,20250104193059
托特纳姆热刺 vs 纽卡斯尔联,1-2,1-2,明*,0.91,-0.75,1.02,20250104192839
托特纳姆热刺 vs 纽卡斯尔联,1-2,1-2,明*,0.92,-0.75,1.01,20250104192512
托特纳姆热刺 vs 纽卡斯尔联,1-2,1-2,明*,0.93,-0.75,1.0,20250104192324
托特纳姆热刺 vs 纽卡斯尔联,1-2,1-2,明*,0.95,-0.75,0.98,20250104192250
托特纳姆热刺 vs 纽卡斯尔联,1-2,1-2,明*,0.94,-0.75,0.99,20250104192115
托特纳姆热刺 vs 纽卡斯尔联,1-2,1-2,明*,0.92,-0.75,1.01,20250104192043
托特纳姆热刺 vs 纽卡斯尔联,1-2,1-2,明*,0.87,-0.75,1.06,20250104191943
托特纳姆热刺 vs 纽卡斯尔联,1-2,1-2,明*,0.84,-0.75,1.09,20250104191553
托特纳姆热刺 vs 纽卡斯尔联,1-2,1-2,明*,0.83,-0.75,1.11,20250104191337
托特纳姆热刺 vs 纽卡斯尔联,1-2,1-2,明*,0.85,-0.75,1.08,20250104191203
托特纳姆热刺 vs 纽卡斯尔联,1-2,1-2,明*,0.86,-0.75,1.07,20250104190958
托特纳姆热刺 vs 纽卡斯尔联,1-2,1-2,明*,0.87,-0.75,1.06,20250104190640
托特纳姆热刺 vs 纽卡斯尔联,1-2,1-2,明*,0.88,-0.75,1.05,20250104190334
托特纳姆热刺 vs 纽卡斯尔联,1-2,1-2,明*,0.92,-0.75,1.01,20250104185839
托特纳姆热刺 vs 纽卡斯尔联,1-2,1-2,明*,0.93,-0.75,1.0,20250104185730
托特纳姆热刺 vs 纽卡斯尔联,1-2,1-2,明*,0.92,-0.75,1.01,20250104185437
托特纳姆热刺 vs 纽卡斯尔联,1-2,1-2,明*,0.94,-0.75,0.99,20250104185037
托特纳姆热刺 vs 纽卡斯尔联,1-2,1-2,明*,0.95,-0.75,0.98,20250104184656
托特纳姆热刺 vs 纽卡斯尔联,1-2,1-2,明*,1.14,-0.5,0.8,20250104184202
托特纳姆热刺 vs 纽卡斯尔联,1-2,1-2,明*,1.19,-0.5,0.77,20250104184059
托特纳姆热刺 vs 纽卡斯尔联,1-2,1-2,明*,1.16,-0.5,0.79,20250104183949
托特纳姆热刺 vs 纽卡斯尔联,1-2,1-2,明*,1.11,-0.5,0.83,20250104183913
托特纳姆热刺 vs 纽卡斯尔联,1-2,1-2,明*,1.09,-0.5,0.84,20250104183703
托特纳姆热刺 vs 纽卡斯尔联,1-2,1-2,明*,1.09,-0.5,0.85,20250104183634
托特纳姆热刺 vs 纽卡斯尔联,1-2,1-2,明*,1.11,-0.5,0.84,20250104183523
托特纳姆热刺 vs 纽卡斯尔联,1-2,1-2,明*,1.08,-0.5,0.85,20250104182721
托特纳姆热刺 vs 纽卡斯尔联,1-2,1-2,明*,1.07,-0.5,0.86,20250104181323
托特纳姆热刺 vs 纽卡斯尔联,1-2,1-2,明*,1.06,-0.5,0.87,20250104180831
托特纳姆热刺 vs 纽卡斯尔联,1-2,1-2,明*,1.07,-0.5,0.86,20250104180802
托特纳姆热刺 vs 纽卡斯尔联,1-2,1-2,明*,1.08,-0.5,0.85,20250104180517
托特纳姆热刺 vs 纽卡斯尔联,1-2,1-2,明*,1.09,-0.5,0.84,20250104180338
托特纳姆热刺 vs 纽卡斯尔联,1-2,1-2,明*,1.07,-0.5,0.87,20250104180029
托特纳姆热刺 vs 纽卡斯尔联,1-2,1-2,明*,1.07,-0.5,0.86,20250104175958
托特纳姆热刺 vs 纽卡斯尔联,1-2,1-2,明*,1.06,-0.5,0.87,20250104175823
托特纳姆热刺 vs 纽卡斯尔联,1-2,1-2,明*,1.05,-0.5,0.88,20250104175749
托特纳姆热刺 vs 纽卡斯尔联,1-2,1-2,明*,1.03,-0.5,0.9,20250104175712
托特纳姆热刺 vs 纽卡斯尔联,1-2,1-2,明*,1.05,-0.5,0.88,20250104175053
托特纳姆热刺 vs 纽卡斯尔联,1-2,1-2,明*,1.04,-0.5,0.89,20250104174406
托特纳姆热刺 vs 纽卡斯尔联,1-2,1-2,明*,1.03,-0.5,0.9,20250104174202
托特纳姆热刺 vs 纽卡斯尔联,1-2,1-2,明*,1.02,-0.5,0.91,20250104174026
托特纳姆热刺 vs 纽卡斯尔联,1-2,1-2,明*,1.01,-0.5,0.92,20250104173606
托特纳姆热刺 vs 纽卡斯尔联,1-2,1-2,明*,1.02,-0.5,0.91,20250104173502
托特纳姆热刺 vs 纽卡斯尔联,1-2,1-2,明*,1.01,-0.5,0.92,20250104173428
托特纳姆热刺 vs 纽卡斯尔联,1-2,1-2,明*,1.02,-0.5,0.91,20250104173354
托特纳姆热刺 vs 纽卡斯尔联,1-2,1-2,明*,1.0,-0.5,0.93,20250104173326
托特纳姆热刺 vs 纽卡斯尔联,1-2,1-2,明*,1.03,-0.5,0.9,20250104173253
托特纳姆热刺 vs 纽卡斯尔联,1-2,1-2,明*,1.06,-0.5,0.87,20250104172608
托特纳姆热刺 vs 纽卡斯尔联,1-2,1-2,明*,1.07,-0.5,0.86,20250104172541
托特纳姆热刺 vs 纽卡斯尔联,1-2,1-2,明*,1.08,-0.5,0.85,20250104172353
托特纳姆热刺 vs 纽卡斯尔联,1-2,1-2,明*,1.06,-0.5,0.87,20250104172014
托特纳姆热刺 vs 纽卡斯尔联,1-2,1-2,明*,1.03,-0.5,0.9,20250104171938
托特纳姆热刺 vs 纽卡斯尔联,1-2,1-2,明*,1.06,-0.5,0.87,20250104165153
托特纳姆热刺 vs 纽卡斯尔联,1-2,1-2,明*,1.08,-0.5,0.85,20250104165124
托特纳姆热刺 vs 纽卡斯尔联,1-2,1-2,明*,1.06,-0.5,0.87,20250104165022
托特纳姆热刺 vs 纽卡斯尔联,1-2,1-2,明*,1.04,-0.5,0.89,20250104164953
托特纳姆热刺 vs 纽卡斯尔联,1-2,1-2,明*,1.02,-0.5,0.91,20250104164840
托特纳姆热刺 vs 纽卡斯尔联,1-2,1-2,明*,1.04,-0.5,0.89,20250104164050
托特纳姆热刺 vs 纽卡斯尔联,1-2,1-2,明*,1.05,-0.5,0.88,20250104163133
托特纳姆热刺 vs 纽卡斯尔联,1-2,1-2,明*,1.04,-0.5,0.89,20250104160924
托特纳姆热刺 vs 纽卡斯尔联,1-2,1-2,明*,1.03,-0.5,0.9,20250104160815
托特纳姆热刺 vs 纽卡斯尔联,1-2,1-2,明*,1.01,-0.5,0.92,20250104155500
托特纳姆热刺 vs 纽卡斯尔联,1-2,1-2,明*,1.0,-0.5,0.93,20250104155400
托特纳姆热刺 vs 纽卡斯尔联,1-2,1-2,明*,1.01,-0.5,0.92,20250104154843
托特纳姆热刺 vs 纽卡斯尔联,1-2,1-2,明*,1.02,-0.5,0.91,20250104152823
托特纳姆热刺 vs 纽卡斯尔联,1-2,1-2,明*,1.03,-0.5,0.9,20250104152749
托特纳姆热刺 vs 纽卡斯尔联,1-2,1-2,明*,1.02,-0.5,0.91,20250104152518
托特纳姆热刺 vs 纽卡斯尔联,1-2,1-2,明*,1.0,-0.5,0.93,20250104152448
托特纳姆热刺 vs 纽卡斯尔联,1-2,1-2,明*,0.98,-0.5,0.95,20250104151317
托特纳姆热刺 vs 纽卡斯尔联,1-2,1-2,明*,0.97,-0.5,0.96,20250104150331
托特纳姆热刺 vs 纽卡斯尔联,1-2,1-2,明*,0.97,-0.5,0.95,20250104150226
托特纳姆热刺 vs 纽卡斯尔联,1-2,1-2,明*,0.96,-0.5,0.96,20250104150150
托特纳姆热刺 vs 纽卡斯尔联,1-2,1-2,明*,0.97,-0.5,0.95,20250104140853
托特纳姆热刺 vs 纽卡斯尔联,1-2,1-2,明*,0.98,-0.5,0.94,20250104135315
托特纳姆热刺 vs 纽卡斯尔联,1-2,1-2,明*,0.97,-0.5,0.95,20250104134334
托特纳姆热刺 vs 纽卡斯尔联,1-2,1-2,明*,0.96,-0.5,0.96,20250104133819
托特纳姆热刺 vs 纽卡斯尔联,1-2,1-2,明*,0.98,-0.5,0.94,20250104133713
托特纳姆热刺 vs 纽卡斯尔联,1-2,1-2,明*,0.99,-0.5,0.93,20250104133319
托特纳姆热刺 vs 纽卡斯尔联,1-2,1-2,明*,1.0,-0.5,0.92,20250104133241
托特纳姆热刺 vs 纽卡斯尔联,1-2,1-2,明*,0.98,-0.5,0.94,20250104133207
托特纳姆热刺 vs 纽卡斯尔联,1-2,1-2,明*,0.96,-0.5,0.96,20250104132954
托特纳姆热刺 vs 纽卡斯尔联,1-2,1-2,明*,0.95,-0.5,0.97,20250104132742
托特纳姆热刺 vs 纽卡斯尔联,1-2,1-2,明*,0.94,-0.5,0.98,20250104132708
托特纳姆热刺 vs 纽卡斯尔联,1-2,1-2,明*,0.95,-0.5,0.97,20250104132236
托特纳姆热刺 vs 纽卡斯尔联,1-2,1-2,明*,0.96,-0.5,0.96,20250104131505
托特纳姆热刺 vs 纽卡斯尔联,1-2,1-2,明*,0.94,-0.5,0.98,20250104131149
托特纳姆热刺 vs 纽卡斯尔联,1-2,1-2,明*,0.95,-0.5,0.97,20250104130800
托特纳姆热刺 vs 纽卡斯尔联,1-2,1-2,明*,0.96,-0.5,0.96,20250104130552
托特纳姆热刺 vs 纽卡斯尔联,1-2,1-2,明*,0.97,-0.5,0.95,20250104125832
托特纳姆热刺 vs 纽卡斯尔联,1-2,1-2,明*,0.98,-0.5,0.94,20250104125803
托特纳姆热刺 vs 纽卡斯尔联,1-2,1-2,明*,0.99,-0.5,0.93,20250104125242
托特纳姆热刺 vs 纽卡斯尔联,1-2,1-2,明*,1.0,-0.5,0.92,20250104124601
托特纳姆热刺 vs 纽卡斯尔联,1-2,1-2,明*,0.98,-0.5,0.94,20250104123931
托特纳姆热刺 vs 纽卡斯尔联,1-2,1-2,明*,0.97,-0.5,0.95,20250104123654
托特纳姆热刺 vs 纽卡斯尔联,1-2,1-2,明*,0.95,-0.5,0.97,20250104123622
托特纳姆热刺 vs 纽卡斯尔联,1-2,1-2,明*,0.98,-0.5,0.94,20250104123523
托特纳姆热刺 vs 纽卡斯尔联,1-2,1-2,明*,0.99,-0.5,0.93,20250104123450
托特纳姆热刺 vs 纽卡斯尔联,1-2,1-2,明*,1.01,-0.5,0.91,20250104122420
托特纳姆热刺 vs 纽卡斯尔联,1-2,1-2,明*,1.02,-0.5,0.9,20250104121334
托特纳姆热刺 vs 纽卡斯尔联,1-2,1-2,明*,1.01,-0.5,0.91,20250104121156
托特纳姆热刺 vs 纽卡斯尔联,1-2,1-2,明*,1.04,-0.5,0.88,20250104120758
托特纳姆热刺 vs 纽卡斯尔联,1-2,1-2,明*,1.02,-0.5,0.9,20250104120312
托特纳姆热刺 vs 纽卡斯尔联,1-2,1-2,明*,1.0,-0.5,0.9,20250104120126
托特纳姆热刺 vs 纽卡斯尔联,1-2,1-2,明*,0.97,-0.5,0.93,20250104115247
托特纳姆热刺 vs 纽卡斯尔联,1-2,1-2,明*,0.95,-0.5,0.95,20250104115211
托特纳姆热刺 vs 纽卡斯尔联,1-2,1-2,明*,0.96,-0.5,0.94,20250104115029
托特纳姆热刺 vs 纽卡斯尔联,1-2,1-2,明*,0.99,-0.5,0.91,20250104114925
托特纳姆热刺 vs 纽卡斯尔联,1-2,1-2,明*,0.98,-0.5,0.92,20250104114856
托特纳姆热刺 vs 纽卡斯尔联,1-2,1-2,明*,0.99,-0.5,0.91,20250104114552
托特纳姆热刺 vs 纽卡斯尔联,1-2,1-2,明*,1.0,-0.5,0.9,20250104114520
托特纳姆热刺 vs 纽卡斯尔联,1-2,1-2,明*,0.99,-0.5,0.91,20250104113631
托特纳姆热刺 vs 纽卡斯尔联,1-2,1-2,明*,0.96,-0.5,0.94,20250104113224
托特纳姆热刺 vs 纽卡斯尔联,1-2,1-2,明*,0.98,-0.5,0.92,20250104113152
托特纳姆热刺 vs 纽卡斯尔联,1-2,1-2,明*,0.99,-0.5,0.91,20250104112947
托特纳姆热刺 vs 纽卡斯尔联,1-2,1-2,明*,1.0,-0.5,0.9,20250104111658
托特纳姆热刺 vs 纽卡斯尔联,1-2,1-2,明*,1.01,-0.5,0.89,20250104110632
托特纳姆热刺 vs 纽卡斯尔联,1-2,1-2,明*,0.96,-0.5,0.94,20250104103105
托特纳姆热刺 vs 纽卡斯尔联,1-2,1-2,明*,0.97,-0.5,0.93,20250104102757
托特纳姆热刺 vs 纽卡斯尔联,1-2,1-2,明*,0.96,-0.5,0.94,20250104102659
托特纳姆热刺 vs 纽卡斯尔联,1-2,1-2,明*,0.97,-0.5,0.93,20250104101437
托特纳姆热刺 vs 纽卡斯尔联,1-2,1-2,明*,0.94,-0.5,0.96,20250104101329
托特纳姆热刺 vs 纽卡斯尔联,1-2,1-2,明*,0.98,-0.5,0.92,20250104100503
托特纳姆热刺 vs 纽卡斯尔联,1-2,1-2,明*,0.99,-0.5,0.91,20250104095908
托特纳姆热刺 vs 纽卡斯尔联,1-2,1-2,明*,0.98,-0.5,0.92,20250104094636
托特纳姆热刺 vs 纽卡斯尔联,1-2,1-2,明*,0.96,-0.5,0.94,20250104093911
托特纳姆热刺 vs 纽卡斯尔联,1-2,1-2,明*,0.97,-0.5,0.93,20250104093835
托特纳姆热刺 vs 纽卡斯尔联,1-2,1-2,明*,0.98,-0.5,0.92,20250104093328
托特纳姆热刺 vs 纽卡斯尔联,1-2,1-2,明*,0.99,-0.5,0.91,20250104093140
托特纳姆热刺 vs 纽卡斯尔联,1-2,1-2,明*,1.01,-0.5,0.89,20250104092807
托特纳姆热刺 vs 纽卡斯尔联,1-2,1-2,明*,1.0,-0.5,0.9,20250104091655
托特纳姆热刺 vs 纽卡斯尔联,1-2,1-2,明*,1.01,-0.5,0.89,20250104082523
托特纳姆热刺 vs 纽卡斯尔联,1-2,1-2,明*,1.02,-0.5,0.88,20250104072835
托特纳姆热刺 vs 纽卡斯尔联,1-2,1-2,明*,1.03,-0.5,0.87,20250104064403
托特纳姆热刺 vs 纽卡斯尔联,1-2,1-2,明*,1.02,-0.5,0.88,20250104063732
托特纳姆热刺 vs 纽卡斯尔联,1-2,1-2,明*,1.04,-0.5,0.86,20250104062842
托特纳姆热刺 vs 纽卡斯尔联,1-2,1-2,明*,1.03,-0.5,0.87,20250104062715
托特纳姆热刺 vs 纽卡斯尔联,1-2,1-2,明*,1.02,-0.5,0.88,20250104062024
托特纳姆热刺 vs 纽卡斯尔联,1-2,1-2,明*,1.03,-0.5,0.87,20250104061619
托特纳姆热刺 vs 纽卡斯尔联,1-2,1-2,明*,1.02,-0.5,0.88,20250104060831
托特纳姆热刺 vs 纽卡斯尔联,1-2,1-2,明*,1.05,-0.5,0.85,20250104060731
托特纳姆热刺 vs 纽卡斯尔联,1-2,1-2,明*,1.04,-0.5,0.86,20250104060705
托特纳姆热刺 vs 纽卡斯尔联,1-2,1-2,明*,1.06,-0.5,0.84,20250104060639
托特纳姆热刺 vs 纽卡斯尔联,1-2,1-2,明*,1.02,-0.5,0.88,20250104060238
托特纳姆热刺 vs 纽卡斯尔联,1-2,1-2,明*,1.28,-0.25,0.68,20250104054708
托特纳姆热刺 vs 纽卡斯尔联,1-2,1-2,明*,1.23,-0.25,0.71,20250104052424
托特纳姆热刺 vs 纽卡斯尔联,1-2,1-2,明*,1.35,-0.25,0.64,20250104052357
托特纳姆热刺 vs 纽卡斯尔联,1-2,1-2,明*,1.23,-0.25,0.71,20250104051651
托特纳姆热刺 vs 纽卡斯尔联,1-2,1-2,明*,1.25,-0.25,0.7,20250104051311
托特纳姆热刺 vs 纽卡斯尔联,1-2,1-2,明*,1.2,-0.25,0.73,20250104051204
托特纳姆热刺 vs 纽卡斯尔联,1-2,1-2,明*,1.22,-0.25,0.72,20250104051131
托特纳姆热刺 vs 纽卡斯尔联,1-2,1-2,明*,1.23,-0.25,0.71,20250104051029
托特纳姆热刺 vs 纽卡斯尔联,1-2,1-2,明*,1.17,-0.25,0.75,20250104050750
托特纳姆热刺 vs 纽卡斯尔联,1-2,1-2,明*,1.19,-0.25,0.74,20250104050721
托特纳姆热刺 vs 纽卡斯尔联,1-2,1-2,明*,1.14,-0.25,0.77,20250104045908
托特纳姆热刺 vs 纽卡斯尔联,1-2,1-2,明*,1.13,-0.25,0.78,20250104043552
托特纳姆热刺 vs 纽卡斯尔联,1-2,1-2,明*,1.11,-0.25,0.8,20250104043318
托特纳姆热刺 vs 纽卡斯尔联,1-2,1-2,明*,1.09,-0.25,0.81,20250104041335
托特纳姆热刺 vs 纽卡斯尔联,1-2,1-2,明*,1.05,-0.25,0.85,20250104041138
托特纳姆热刺 vs 纽卡斯尔联,1-2,1-2,明*,1.06,-0.25,0.84,20250104041055
托特纳姆热刺 vs 纽卡斯尔联,1-2,1-2,明*,1.02,-0.25,0.88,20250104040807
托特纳姆热刺 vs 纽卡斯尔联,1-2,1-2,明*,1.04,-0.25,0.86,20250104040621
托特纳姆热刺 vs 纽卡斯尔联,1-2,1-2,明*,1.01,-0.25,0.89,20250104035629
托特纳姆热刺 vs 纽卡斯尔联,1-2,1-2,明*,1.0,-0.25,0.9,20250104031653
托特纳姆热刺 vs 纽卡斯尔联,1-2,1-2,明*,0.98,-0.25,0.92,20250104031434
托特纳姆热刺 vs 纽卡斯尔联,1-2,1-2,明*,0.96,-0.25,0.94,20250104025554
托特纳姆热刺 vs 纽卡斯尔联,1-2,1-2,明*,0.94,-0.25,0.96,20250104024535
托特纳姆热刺 vs 纽卡斯尔联,1-2,1-2,明*,0.96,-0.25,0.94,20250104024257
托特纳姆热刺 vs 纽卡斯尔联,1-2,1-2,明*,0.95,-0.25,0.95,20250104021942
托特纳姆热刺 vs 纽卡斯尔联,1-2,1-2,明*,0.94,-0.25,0.96,20250104021757
托特纳姆热刺 vs 纽卡斯尔联,1-2,1-2,明*,0.93,-0.25,0.97,20250104020854
托特纳姆热刺 vs 纽卡斯尔联,1-2,1-2,明*,0.92,-0.25,0.98,20250104013712
托特纳姆热刺 vs 纽卡斯尔联,1-2,1-2,明*,0.94,-0.25,0.96,20250104013436
托特纳姆热刺 vs 纽卡斯尔联,1-2,1-2,明*,0.91,-0.25,0.99,20250104012651
托特纳姆热刺 vs 纽卡斯尔联,1-2,1-2,明*,0.88,-0.25,1.02,20250104010758
托特纳姆热刺 vs 纽卡斯尔联,1-2,1-2,明*,0.89,-0.25,1.01,20250104000949
托特纳姆热刺 vs 纽卡斯尔联,1-2,1-2,明*,0.87,-0.25,1.03,20250103234323
托特纳姆热刺 vs 纽卡斯尔联,1-2,1-2,明*,0.84,-0.25,1.06,20250103223329
托特纳姆热刺 vs 纽卡斯尔联,1-2,1-2,明*,0.87,-0.25,1.03,20250103220459
托特纳姆热刺 vs 纽卡斯尔联,1-2,1-2,明*,0.85,-0.25,1.05,20250103213325
托特纳姆热刺 vs 纽卡斯尔联,1-2,1-2,明*,0.86,-0.25,1.04,20250103204404
托特纳姆热刺 vs 纽卡斯尔联,1-2,1-2,明*,0.88,-0.25,1.02,20250103202622
托特纳姆热刺 vs 纽卡斯尔联,1-2,1-2,明*,0.87,-0.25,1.03,20250103184655
托特纳姆热刺 vs 纽卡斯尔联,1-2,1-2,明*,0.83,-0.25,1.07,20250103174745
托特纳姆热刺 vs 纽卡斯尔联,1-2,1-2,明*,0.84,-0.25,1.06,20250103173947
托特纳姆热刺 vs 纽卡斯尔联,1-2,1-2,明*,0.86,-0.25,1.04,20250103173413
托特纳姆热刺 vs 纽卡斯尔联,1-2,1-2,明*,0.87,-0.25,1.03,20250103163024
托特纳姆热刺 vs 纽卡斯尔联,1-2,1-2,明*,0.85,-0.25,1.05,20250103130740
托特纳姆热刺 vs 纽卡斯尔联,1-2,1-2,明*,0.85,-0.25,1.03,20250103114010
托特纳姆热刺 vs 纽卡斯尔联,1-2,1-2,明*,0.83,-0.25,1.05,20250103113330
托特纳姆热刺 vs 纽卡斯尔联,1-2,1-2,明*,0.82,-0.25,1.06,20250103074814
托特纳姆热刺 vs 纽卡斯尔联,1-2,1-2,明*,0.81,-0.25,1.07,20250103070935
托特纳姆热刺 vs 纽卡斯尔联,1-2,1-2,明*,0.79,-0.25,1.09,20250103022820
托特纳姆热刺 vs 纽卡斯尔联,1-2,1-2,明*,0.8,-0.25,1.08,20250103022731
托特纳姆热刺 vs 纽卡斯尔联,1-2,1-2,明*,0.81,-0.25,1.07,20250103001407
托特纳姆热刺 vs 纽卡斯尔联,1-2,1-2,明*,0.83,-0.25,1.05,20250103000006
托特纳姆热刺 vs 纽卡斯尔联,1-2,1-2,明*,0.82,-0.25,1.06,20250102163850
托特纳姆热刺 vs 纽卡斯尔联,1-2,1-2,明*,0.83,-0.25,1.05,20250102141811
托特纳姆热刺 vs 纽卡斯尔联,1-2,1-2,明*,0.86,-0.25,1.02,20250102091759
托特纳姆热刺 vs 纽卡斯尔联,1-2,1-2,明*,0.87,-0.25,1.01,20250102072450
托特纳姆热刺 vs 纽卡斯尔联,1-2,1-2,明*,0.88,-0.25,1.0,20250102052650
托特纳姆热刺 vs 纽卡斯尔联,1-2,1-2,明*,0.84,-0.25,1.04,20250102052321
托特纳姆热刺 vs 纽卡斯尔联,1-2,1-2,明*,0.85,-0.25,1.03,20250102043240
托特纳姆热刺 vs 纽卡斯尔联,1-2,1-2,明*,0.86,-0.25,1.02,20250102034212
托特纳姆热刺 vs 纽卡斯尔联,1-2,1-2,明*,0.88,-0.25,1.0,20250102032255
托特纳姆热刺 vs 纽卡斯尔联,1-2,1-2,明*,0.93,-0.25,0.95,20250102002828
托特纳姆热刺 vs 纽卡斯尔联,1-2,1-2,明*,0.89,-0.25,0.99,20250102001930
托特纳姆热刺 vs 纽卡斯尔联,1-2,1-2,明*,0.88,-0.25,1.0,20250101203715
托特纳姆热刺 vs 纽卡斯尔联,1-2,1-2,明*,0.9,-0.25,0.98,20250101181839
托特纳姆热刺 vs 纽卡斯尔联,1-2,1-2,明*,0.87,-0.25,1.01,20250101180802
托特纳姆热刺 vs 纽卡斯尔联,1-2,1-2,明*,0.86,-0.25,1.02,20250101163925
托特纳姆热刺 vs 纽卡斯尔联,1-2,1-2,明*,1.22,0.0,0.7,20241231220655
托特纳姆热刺 vs 纽卡斯尔联,1-2,1-2,明*,1.23,0.0,0.69,20241231172727
托特纳姆热刺 vs 纽卡斯尔联,1-2,1-2,明*,1.25,0.0,0.68,20241231162548
托特纳姆热刺 vs 纽卡斯尔联,1-2,1-2,明*,1.26,0.0,0.67,20241231133825
托特纳姆热刺 vs 纽卡斯尔联,1-2,1-2,明*,1.23,0.0,0.69,20241231122243
托特纳姆热刺 vs 纽卡斯尔联,1-2,1-2,明*,1.2,0.0,0.71,20241231095233
托特纳姆热刺 vs 纽卡斯尔联,1-2,1-2,明*,1.19,0.0,0.72,20241231085626
托特纳姆热刺 vs 纽卡斯尔联,1-2,1-2,明*,1.17,0.0,0.73,20241231060657
托特纳姆热刺 vs 纽卡斯尔联,1-2,1-2,明*,1.02,0.0,0.86,20241230212556
托特纳姆热刺 vs 纽卡斯尔联,1-2,1-2,明*,1.05,0.0,0.83,20241230094041
托特纳姆热刺 vs 纽卡斯尔联,1-2,1-2,明*,1.09,0.0,0.79,20241230063641
托特纳姆热刺 vs 纽卡斯尔联,1-2,1-2,明*,1.08,0.0,0.8,20241230031539
托特纳姆热刺 vs 纽卡斯尔联,1-2,1-2,明*,1.06,0.0,0.82,20241230024303
托特纳姆热刺 vs 纽卡斯尔联,1-2,1-2,明*,1.07,0.0,0.81,20241230015844
托特纳姆热刺 vs 纽卡斯尔联,1-2,1-2,明*,1.05,0.0,0.83,20241230011630
托特纳姆热刺 vs 纽卡斯尔联,1-2,1-2,明*,0.98,0.0,0.9,20241229175004
托特纳姆热刺 vs 纽卡斯尔联,1-2,1-2,明*,0.94,0.0,0.94,20241229160136
托特纳姆热刺 vs 纽卡斯尔联,1-2,1-2,明*,0.97,0.0,0.91,20241229135218
托特纳姆热刺 vs 纽卡斯尔联,1-2,1-2,明*,0.98,0.0,0.9,20241229022658
托特纳姆热刺 vs 纽卡斯尔联,1-2,1-2,明*,0.94,0.0,0.94,20241229001837
托特纳姆热刺 vs 纽卡斯尔联,1-2,1-2,明*,0.93,0.0,0.95,20241229000003
托特纳姆热刺 vs 纽卡斯尔联,1-2,1-2,明*,0.94,0.0,0.94,20241228184444
托特纳姆热刺 vs 纽卡斯尔联,1-2,1-2,明*,0.95,0.0,0.93,20241228165225
托特纳姆热刺 vs 纽卡斯尔联,1-2,1-2,明*,0.99,0.0,0.89,20241228020417
托特纳姆热刺 vs 纽卡斯尔联,1-2,1-2,明*,1.0,0.0,0.88,20241228015816
托特纳姆热刺 vs 纽卡斯尔联,1-2,1-2,明*,0.95,0.0,0.93,20241227230918
托特纳姆热刺 vs 纽卡斯尔联,1-2,1-2,明*,0.94,0.0,0.94,20241227202800
托特纳姆热刺 vs 纽卡斯尔联,1-2,1-2,明*,0.9,0.0,0.98,20241227185456
托特纳姆热刺 vs 纽卡斯尔联,1-2,1-2,明*,0.88,0.0,1.0,20241227182501
托特纳姆热刺 vs 纽卡斯尔联,1-2,1-2,明*,0.92,0.0,0.96,20241227093153
托特纳姆热刺 vs 纽卡斯尔联,1-2,1-2,明*,0.93,0.0,0.95,20241227063105
托特纳姆热刺 vs 纽卡斯尔联,1-2,1-2,金宝*,0.98,-0.75,0.94,20250104202939
托特纳姆热刺 vs 纽卡斯尔联,1-2,1-2,金宝*,0.97,-0.75,0.95,20250104202907
托特纳姆热刺 vs 纽卡斯尔联,1-2,1-2,金宝*,0.96,-0.75,0.96,20250104202805
托特纳姆热刺 vs 纽卡斯尔联,1-2,1-2,金宝*,0.95,-0.75,0.97,20250104202702
托特纳姆热刺 vs 纽卡斯尔联,1-2,1-2,金宝*,0.94,-0.75,0.98,20250104202323
托特纳姆热刺 vs 纽卡斯尔联,1-2,1-2,金宝*,0.93,-0.75,0.99,20250104201741
托特纳姆热刺 vs 纽卡斯尔联,1-2,1-2,金宝*,0.92,-0.75,1.0,20250104200437
托特纳姆热刺 vs 纽卡斯尔联,1-2,1-2,金宝*,0.93,-0.75,0.99,20250104200057
托特纳姆热刺 vs 纽卡斯尔联,1-2,1-2,金宝*,0.92,-0.75,1.0,20250104195718
托特纳姆热刺 vs 纽卡斯尔联,1-2,1-2,金宝*,0.93,-0.75,0.99,20250104195238
托特纳姆热刺 vs 纽卡斯尔联,1-2,1-2,金宝*,0.94,-0.75,0.98,20250104194828
托特纳姆热刺 vs 纽卡斯尔联,1-2,1-2,金宝*,0.93,-0.75,0.99,20250104194317
托特纳姆热刺 vs 纽卡斯尔联,1-2,1-2,金宝*,0.92,-0.75,1.0,20250104194142
托特纳姆热刺 vs 纽卡斯尔联,1-2,1-2,金宝*,0.91,-0.75,1.01,20250104193836
托特纳姆热刺 vs 纽卡斯尔联,1-2,1-2,金宝*,0.9,-0.75,1.02,20250104193150
托特纳姆热刺 vs 纽卡斯尔联,1-2,1-2,金宝*,0.91,-0.75,1.01,20250104193048
托特纳姆热刺 vs 纽卡斯尔联,1-2,1-2,金宝*,0.93,-0.75,0.99,20250104192710
托特纳姆热刺 vs 纽卡斯尔联,1-2,1-2,金宝*,0.94,-0.75,0.98,20250104192607
托特纳姆热刺 vs 纽卡斯尔联,1-2,1-2,金宝*,0.95,-0.75,0.97,20250104192331
托特纳姆热刺 vs 纽卡斯尔联,1-2,1-2,金宝*,0.96,-0.75,0.96,20250104192056
托特纳姆热刺 vs 纽卡斯尔联,1-2,1-2,金宝*,0.94,-0.75,0.98,20250104192024
托特纳姆热刺 vs 纽卡斯尔联,1-2,1-2,金宝*,0.92,-0.75,1.0,20250104191953
托特纳姆热刺 vs 纽卡斯尔联,1-2,1-2,金宝*,0.91,-0.75,1.01,20250104191922
托特纳姆热刺 vs 纽卡斯尔联,1-2,1-2,金宝*,0.89,-0.75,1.03,20250104191850
托特纳姆热刺 vs 纽卡斯尔联,1-2,1-2,金宝*,1.07,-0.5,0.85,20250104191818
托特纳姆热刺 vs 纽卡斯尔联,1-2,1-2,金宝*,1.06,-0.5,0.86,20250104191613
托特纳姆热刺 vs 纽卡斯尔联,1-2,1-2,金宝*,1.05,-0.5,0.87,20250104191439
托特纳姆热刺 vs 纽卡斯尔联,1-2,1-2,金宝*,1.06,-0.5,0.86,20250104191336
托特纳姆热刺 vs 纽卡斯尔联,1-2,1-2,金宝*,0.86,-0.75,1.06,20250104191233
托特纳姆热刺 vs 纽卡斯尔联,1-2,1-2,金宝*,0.88,-0.75,1.04,20250104190720
托特纳姆热刺 vs 纽卡斯尔联,1-2,1-2,金宝*,0.89,-0.75,1.03,20250104185932
托特纳姆热刺 vs 纽卡斯尔联,1-2,1-2,金宝*,0.9,-0.75,1.02,20250104185757
托特纳姆热刺 vs 纽卡斯尔联,1-2,1-2,金宝*,0.91,-0.75,1.01,20250104184246
托特纳姆热刺 vs 纽卡斯尔联,1-2,1-2,金宝*,0.89,-0.75,1.03,20250104183938
托特纳姆热刺 vs 纽卡斯尔联,1-2,1-2,金宝*,0.87,-0.75,1.05,20250104183906
托特纳姆热刺 vs 纽卡斯尔联,1-2,1-2,金宝*,0.86,-0.75,1.06,20250104183835
托特纳姆热刺 vs 纽卡斯尔联,1-2,1-2,金宝*,1.05,-0.5,0.87,20250104183559
托特纳姆热刺 vs 纽卡斯尔联,1-2,1-2,金宝*,1.04,-0.5,0.88,20250104182332
托特纳姆热刺 vs 纽卡斯尔联,1-2,1-2,金宝*,1.05,-0.5,0.87,20250104175114
托特纳姆热刺 vs 纽卡斯尔联,1-2,1-2,金宝*,1.04,-0.5,0.88,20250104173637
托特纳姆热刺 vs 纽卡斯尔联,1-2,1-2,金宝*,1.03,-0.5,0.89,20250104173504
托特纳姆热刺 vs 纽卡斯尔联,1-2,1-2,金宝*,1.05,-0.5,0.87,20250104171209
托特纳姆热刺 vs 纽卡斯尔联,1-2,1-2,金宝*,1.04,-0.5,0.88,20250104171138
托特纳姆热刺 vs 纽卡斯尔联,1-2,1-2,金宝*,1.05,-0.5,0.87,20250104165529
托特纳姆热刺 vs 纽卡斯尔联,1-2,1-2,金宝*,1.04,-0.5,0.88,20250104165047
托特纳姆热刺 vs 纽卡斯尔联,1-2,1-2,金宝*,1.02,-0.5,0.9,20250104164533
托特纳姆热刺 vs 纽卡斯尔联,1-2,1-2,金宝*,1.03,-0.5,0.89,20250104164502
托特纳姆热刺 vs 纽卡斯尔联,1-2,1-2,金宝*,1.02,-0.5,0.9,20250104160940
托特纳姆热刺 vs 纽卡斯尔联,1-2,1-2,金宝*,1.0,-0.5,0.92,20250104154909
托特纳姆热刺 vs 纽卡斯尔联,1-2,1-2,金宝*,1.01,-0.5,0.91,20250104152629
托特纳姆热刺 vs 纽卡斯尔联,1-2,1-2,金宝*,1.0,-0.5,0.92,20250104152525
托特纳姆热刺 vs 纽卡斯尔联,1-2,1-2,金宝*,0.98,-0.5,0.94,20250104152452
托特纳姆热刺 vs 纽卡斯尔联,1-2,1-2,金宝*,0.97,-0.5,0.95,20250104150936
托特纳姆热刺 vs 纽卡斯尔联,1-2,1-2,金宝*,0.98,-0.5,0.94,20250104150219
托特纳姆热刺 vs 纽卡斯尔联,1-2,1-2,金宝*,0.99,-0.5,0.93,20250104144122
托特纳姆热刺 vs 纽卡斯尔联,1-2,1-2,金宝*,0.98,-0.5,0.94,20250104141047
托特纳姆热刺 vs 纽卡斯尔联,1-2,1-2,金宝*,0.96,-0.5,0.96,20250104141016
托特纳姆热刺 vs 纽卡斯尔联,1-2,1-2,金宝*,0.98,-0.5,0.94,20250104134829
托特纳姆热刺 vs 纽卡斯尔联,1-2,1-2,金宝*,0.97,-0.5,0.95,20250104133430
托特纳姆热刺 vs 纽卡斯尔联,1-2,1-2,金宝*,0.96,-0.5,0.96,20250104132235
托特纳姆热刺 vs 纽卡斯尔联,1-2,1-2,金宝*,0.97,-0.5,0.95,20250104131653
托特纳姆热刺 vs 纽卡斯尔联,1-2,1-2,金宝*,0.96,-0.5,0.96,20250104131212
托特纳姆热刺 vs 纽卡斯尔联,1-2,1-2,金宝*,0.97,-0.5,0.95,20250104131110
托特纳姆热刺 vs 纽卡斯尔联,1-2,1-2,金宝*,0.98,-0.5,0.94,20250104130528
托特纳姆热刺 vs 纽卡斯尔联,1-2,1-2,金宝*,0.97,-0.5,0.95,20250104130016
托特纳姆热刺 vs 纽卡斯尔联,1-2,1-2,金宝*,0.98,-0.5,0.94,20250104125944
托特纳姆热刺 vs 纽卡斯尔联,1-2,1-2,金宝*,0.97,-0.5,0.95,20250104125740
托特纳姆热刺 vs 纽卡斯尔联,1-2,1-2,金宝*,0.98,-0.5,0.94,20250104125710
托特纳姆热刺 vs 纽卡斯尔联,1-2,1-2,金宝*,0.99,-0.5,0.93,20250104125607
托特纳姆热刺 vs 纽卡斯尔联,1-2,1-2,金宝*,1.0,-0.5,0.92,20250104125128
托特纳姆热刺 vs 纽卡斯尔联,1-2,1-2,金宝*,0.99,-0.5,0.93,20250104124238
托特纳姆热刺 vs 纽卡斯尔联,1-2,1-2,金宝*,1.0,-0.5,0.92,20250104124206
托特纳姆热刺 vs 纽卡斯尔联,1-2,1-2,金宝*,0.99,-0.5,0.93,20250104123930
托特纳姆热刺 vs 纽卡斯尔联,1-2,1-2,金宝*,0.98,-0.5,0.94,20250104123726
托特纳姆热刺 vs 纽卡斯尔联,1-2,1-2,金宝*,0.97,-0.5,0.95,20250104123553
托特纳姆热刺 vs 纽卡斯尔联,1-2,1-2,金宝*,1.02,-0.5,0.9,20250104123043
托特纳姆热刺 vs 纽卡斯尔联,1-2,1-2,金宝*,1.01,-0.5,0.91,20250104123011
托特纳姆热刺 vs 纽卡斯尔联,1-2,1-2,金宝*,1.02,-0.5,0.9,20250104122223
托特纳姆热刺 vs 纽卡斯尔联,1-2,1-2,金宝*,1.03,-0.5,0.89,20250104122151
托特纳姆热刺 vs 纽卡斯尔联,1-2,1-2,金宝*,1.02,-0.5,0.9,20250104122120
托特纳姆热刺 vs 纽卡斯尔联,1-2,1-2,金宝*,1.01,-0.5,0.91,20250104121402
托特纳姆热刺 vs 纽卡斯尔联,1-2,1-2,金宝*,1.0,-0.5,0.92,20250104121331
托特纳姆热刺 vs 纽卡斯尔联,1-2,1-2,金宝*,1.03,-0.5,0.89,20250104121300
托特纳姆热刺 vs 纽卡斯尔联,1-2,1-2,金宝*,1.01,-0.5,0.91,20250104120714
托特纳姆热刺 vs 纽卡斯尔联,1-2,1-2,金宝*,1.0,-0.5,0.92,20250104120232
托特纳姆热刺 vs 纽卡斯尔联,1-2,1-2,金宝*,0.99,-0.5,0.93,20250104105129
托特纳姆热刺 vs 纽卡斯尔联,1-2,1-2,金宝*,1.0,-0.5,0.92,20250104103602
托特纳姆热刺 vs 纽卡斯尔联,1-2,1-2,金宝*,1.01,-0.5,0.91,20250104103155
托特纳姆热刺 vs 纽卡斯尔联,1-2,1-2,金宝*,1.02,-0.5,0.9,20250104095838
托特纳姆热刺 vs 纽卡斯尔联,1-2,1-2,金宝*,1.04,-0.5,0.88,20250104095024
托特纳姆热刺 vs 纽卡斯尔联,1-2,1-2,金宝*,1.01,-0.5,0.91,20250104091924
托特纳姆热刺 vs 纽卡斯尔联,1-2,1-2,金宝*,1.03,-0.5,0.89,20250104060913
托特纳姆热刺 vs 纽卡斯尔联,1-2,1-2,金宝*,1.02,-0.5,0.9,20250104053441
托特纳姆热刺 vs 纽卡斯尔联,1-2,1-2,金宝*,1.02,-0.5,0.88,20250104053234
托特纳姆热刺 vs 纽卡斯尔联,1-2,1-2,金宝*,1.01,-0.5,0.89,20250104051649
托特纳姆热刺 vs 纽卡斯尔联,1-2,1-2,金宝*,0.93,-0.5,0.97,20250104050925
托特纳姆热刺 vs 纽卡斯尔联,1-2,1-2,金宝*,0.86,-0.5,1.04,20250104044143
托特纳姆热刺 vs 纽卡斯尔联,1-2,1-2,金宝*,0.85,-0.5,1.05,20250104041422
托特纳姆热刺 vs 纽卡斯尔联,1-2,1-2,金宝*,1.05,-0.25,0.85,20250104041110
托特纳姆热刺 vs 纽卡斯尔联,1-2,1-2,金宝*,1.04,-0.25,0.86,20250104041007
托特纳姆热刺 vs 纽卡斯尔联,1-2,1-2,金宝*,1.01,-0.25,0.89,20250104040658
托特纳姆热刺 vs 纽卡斯尔联,1-2,1-2,金宝*,0.97,-0.25,0.93,20250104034952
托特纳姆热刺 vs 纽卡斯尔联,1-2,1-2,金宝*,0.95,-0.25,0.95,20250104023916
托特纳姆热刺 vs 纽卡斯尔联,1-2,1-2,金宝*,0.92,-0.25,0.98,20250104023042
托特纳姆热刺 vs 纽卡斯尔联,1-2,1-2,金宝*,0.91,-0.25,0.99,20250104021807
托特纳姆热刺 vs 纽卡斯尔联,1-2,1-2,金宝*,0.9,-0.25,1.0,20250103235119
托特纳姆热刺 vs 纽卡斯尔联,1-2,1-2,金宝*,0.91,-0.25,0.99,20250102185523
托特纳姆热刺 vs 纽卡斯尔联,1-2,1-2,金宝*,0.9,-0.25,1.0,20250101112326
托特纳姆热刺 vs 纽卡斯尔联,1-2,1-2,金宝*,0.93,-0.25,0.97,20241231212557
托特纳姆热刺 vs 纽卡斯尔联,1-2,1-2,金宝*,0.91,-0.25,0.99,20241231055949
托特纳姆热刺 vs 纽卡斯尔联,1-2,1-2,金宝*,0.84,-0.25,1.06,20241230010220
托特纳姆热刺 vs 纽卡斯尔联,1-2,1-2,金宝*,1.06,0.0,0.84,20241229221406
托特纳姆热刺 vs 纽卡斯尔联,1-2,1-2,金宝*,1.04,0.0,0.86,20241228071453
托特纳姆热刺 vs 纽卡斯尔联,1-2,1-2,金宝*,1.03,0.0,0.87,20241228071354
托特纳姆热刺 vs 纽卡斯尔联,1-2,1-2,金宝*,1.0,0.0,0.9,20241228020835
托特纳姆热刺 vs 纽卡斯尔联,1-2,1-2,金宝*,0.98,0.0,0.92,20241228020636
托特纳姆热刺 vs 纽卡斯尔联,1-2,1-2,金宝*,0.95,0.0,0.95,20241228020041
托特纳姆热刺 vs 纽卡斯尔联,1-2,1-2,金宝*,0.91,0.0,0.99,20241227221530
托特纳姆热刺 vs 纽卡斯尔联,1-2,1-2,12*,0.98,-0.75,0.96,20250104202937
托特纳姆热刺 vs 纽卡斯尔联,1-2,1-2,12*,0.97,-0.75,0.97,20250104202848
托特纳姆热刺 vs 纽卡斯尔联,1-2,1-2,12*,0.95,-0.75,0.99,20250104202344
托特纳姆热刺 vs 纽卡斯尔联,1-2,1-2,12*,0.94,-0.75,1.0,20250104202018
托特纳姆热刺 vs 纽卡斯尔联,1-2,1-2,12*,0.93,-0.75,1.01,20250104201821
托特纳姆热刺 vs 纽卡斯尔联,1-2,1-2,12*,0.92,-0.75,1.02,20250104201640
托特纳姆热刺 vs 纽卡斯尔联,1-2,1-2,12*,0.94,-0.75,1.0,20250104200536
托特纳姆热刺 vs 纽卡斯尔联,1-2,1-2,12*,0.93,-0.75,1.01,20250104200511
托特纳姆热刺 vs 纽卡斯尔联,1-2,1-2,12*,0.96,-0.75,0.98,20250104194546
托特纳姆热刺 vs 纽卡斯尔联,1-2,1-2,12*,0.95,-0.75,0.99,20250104194311
托特纳姆热刺 vs 纽卡斯尔联,1-2,1-2,12*,0.92,-0.75,1.02,20250104194115
托特纳姆热刺 vs 纽卡斯尔联,1-2,1-2,12*,0.93,-0.75,1.01,20250104194024
托特纳姆热刺 vs 纽卡斯尔联,1-2,1-2,12*,0.94,-0.75,1.0,20250104193157
托特纳姆热刺 vs 纽卡斯尔联,1-2,1-2,12*,0.95,-0.75,0.99,20250104192909
托特纳姆热刺 vs 纽卡斯尔联,1-2,1-2,12*,0.96,-0.75,0.98,20250104192457
托特纳姆热刺 vs 纽卡斯尔联,1-2,1-2,12*,0.98,-0.75,0.96,20250104192226
托特纳姆热刺 vs 纽卡斯尔联,1-2,1-2,12*,0.96,-0.75,0.98,20250104192135
托特纳姆热刺 vs 纽卡斯尔联,1-2,1-2,12*,0.91,-0.75,1.03,20250104192041
托特纳姆热刺 vs 纽卡斯尔联,1-2,1-2,12*,0.88,-0.75,1.06,20250104191603
托特纳姆热刺 vs 纽卡斯尔联,1-2,1-2,12*,0.87,-0.75,1.07,20250104191422
托特纳姆热刺 vs 纽卡斯尔联,1-2,1-2,12*,0.89,-0.75,1.05,20250104191332
托特纳姆热刺 vs 纽卡斯尔联,1-2,1-2,12*,0.9,-0.75,1.04,20250104191101
托特纳姆热刺 vs 纽卡斯尔联,1-2,1-2,12*,0.91,-0.75,1.03,20250104190723
托特纳姆热刺 vs 纽卡斯尔联,1-2,1-2,12*,0.92,-0.75,1.02,20250104185948
托特纳姆热刺 vs 纽卡斯尔联,1-2,1-2,12*,0.93,-0.75,1.01,20250104185858
托特纳姆热刺 vs 纽卡斯尔联,1-2,1-2,12*,0.92,-0.75,1.02,20250104185632
托特纳姆热刺 vs 纽卡斯尔联,1-2,1-2,12*,0.94,-0.75,1.0,20250104185156
托特纳姆热刺 vs 纽卡斯尔联,1-2,1-2,12*,0.95,-0.75,0.99,20250104185105
托特纳姆热刺 vs 纽卡斯尔联,1-2,1-2,12*,0.96,-0.75,0.98,20250104185015
托特纳姆热刺 vs 纽卡斯尔联,1-2,1-2,12*,0.95,-0.75,0.99,20250104184743
托特纳姆热刺 vs 纽卡斯尔联,1-2,1-2,12*,0.94,-0.75,1.0,20250104184508
托特纳姆热刺 vs 纽卡斯尔联,1-2,1-2,12*,0.91,-0.75,1.03,20250104184045
托特纳姆热刺 vs 纽卡斯尔联,1-2,1-2,12*,0.9,-0.75,1.04,20250104183954
托特纳姆热刺 vs 纽卡斯尔联,1-2,1-2,12*,1.09,-0.5,0.85,20250104183723
托特纳姆热刺 vs 纽卡斯尔联,1-2,1-2,12*,1.11,-0.5,0.84,20250104183632
托特纳姆热刺 vs 纽卡斯尔联,1-2,1-2,12*,1.08,-0.5,0.86,20250104183126
托特纳姆热刺 vs 纽卡斯尔联,1-2,1-2,12*,1.08,-0.5,0.85,20250104182843
托特纳姆热刺 vs 纽卡斯尔联,1-2,1-2,12*,1.07,-0.5,0.86,20250104181400
托特纳姆热刺 vs 纽卡斯尔联,1-2,1-2,12*,1.06,-0.5,0.87,20250104180949
托特纳姆热刺 vs 纽卡斯尔联,1-2,1-2,12*,1.07,-0.5,0.86,20250104180855
托特纳姆热刺 vs 纽卡斯尔联,1-2,1-2,12*,1.08,-0.5,0.85,20250104180601
托特纳姆热刺 vs 纽卡斯尔联,1-2,1-2,12*,1.09,-0.5,0.84,20250104180421
托特纳姆热刺 vs 纽卡斯尔联,1-2,1-2,12*,1.07,-0.5,0.86,20250104180059
托特纳姆热刺 vs 纽卡斯尔联,1-2,1-2,12*,1.06,-0.5,0.87,20250104175918
托特纳姆热刺 vs 纽卡斯尔联,1-2,1-2,12*,1.05,-0.5,0.88,20250104175158
托特纳姆热刺 vs 纽卡斯尔联,1-2,1-2,12*,1.04,-0.5,0.89,20250104174424
托特纳姆热刺 vs 纽卡斯尔联,1-2,1-2,12*,1.03,-0.5,0.9,20250104174240
托特纳姆热刺 vs 纽卡斯尔联,1-2,1-2,12*,1.02,-0.5,0.91,20250104173909
托特纳姆热刺 vs 纽卡斯尔联,1-2,1-2,12*,1.01,-0.5,0.92,20250104173728
托特纳姆热刺 vs 纽卡斯尔联,1-2,1-2,12*,1.02,-0.5,0.91,20250104173457
托特纳姆热刺 vs 纽卡斯尔联,1-2,1-2,12*,1.03,-0.5,0.9,20250104173406
托特纳姆热刺 vs 纽卡斯尔联,1-2,1-2,12*,1.06,-0.5,0.87,20250104172657
托特纳姆热刺 vs 纽卡斯尔联,1-2,1-2,12*,1.08,-0.5,0.85,20250104172517
托特纳姆热刺 vs 纽卡斯尔联,1-2,1-2,12*,1.07,-0.5,0.86,20250104172427
托特纳姆热刺 vs 纽卡斯尔联,1-2,1-2,12*,1.06,-0.5,0.87,20250104170009
托特纳姆热刺 vs 纽卡斯尔联,1-2,1-2,12*,1.08,-0.5,0.85,20250104165615
托特纳姆热刺 vs 纽卡斯尔联,1-2,1-2,12*,1.06,-0.5,0.87,20250104165058
托特纳姆热刺 vs 纽卡斯尔联,1-2,1-2,12*,1.02,-0.5,0.91,20250104165007
托特纳姆热刺 vs 纽卡斯尔联,1-2,1-2,12*,1.04,-0.5,0.89,20250104164505
托特纳姆热刺 vs 纽卡斯尔联,1-2,1-2,12*,1.05,-0.5,0.88,20250104163254
托特纳姆热刺 vs 纽卡斯尔联,1-2,1-2,12*,1.04,-0.5,0.89,20250104161035
托特纳姆热刺 vs 纽卡斯尔联,1-2,1-2,12*,1.03,-0.5,0.9,20250104160944
托特纳姆热刺 vs 纽卡斯尔联,1-2,1-2,12*,1.01,-0.5,0.92,20250104155603
托特纳姆热刺 vs 纽卡斯尔联,1-2,1-2,12*,1.0,-0.5,0.93,20250104155512
托特纳姆热刺 vs 纽卡斯尔联,1-2,1-2,12*,1.01,-0.5,0.92,20250104154954
托特纳姆热刺 vs 纽卡斯尔联,1-2,1-2,12*,1.02,-0.5,0.91,20250104152632
托特纳姆热刺 vs 纽卡斯尔联,1-2,1-2,12*,1.0,-0.5,0.93,20250104152541
托特纳姆热刺 vs 纽卡斯尔联,1-2,1-2,12*,0.98,-0.5,0.95,20250104151435
托特纳姆热刺 vs 纽卡斯尔联,1-2,1-2,12*,0.97,-0.5,0.96,20250104150319
托特纳姆热刺 vs 纽卡斯尔联,1-2,1-2,12*,0.96,-0.5,0.96,20250104150229
托特纳姆热刺 vs 纽卡斯尔联,1-2,1-2,12*,0.97,-0.5,0.95,20250104141254
托特纳姆热刺 vs 纽卡斯尔联,1-2,1-2,12*,0.98,-0.5,0.94,20250104135434
托特纳姆热刺 vs 纽卡斯尔联,1-2,1-2,12*,0.97,-0.5,0.95,20250104134450
托特纳姆热刺 vs 纽卡斯尔联,1-2,1-2,12*,0.96,-0.5,0.96,20250104133848
托特纳姆热刺 vs 纽卡斯尔联,1-2,1-2,12*,0.99,-0.5,0.93,20250104133344
托特纳姆热刺 vs 纽卡斯尔联,1-2,1-2,12*,0.98,-0.5,0.94,20250104133253
托特纳姆热刺 vs 纽卡斯尔联,1-2,1-2,12*,0.96,-0.5,0.96,20250104133109
托特纳姆热刺 vs 纽卡斯尔联,1-2,1-2,12*,0.95,-0.5,0.97,20250104132914
托特纳姆热刺 vs 纽卡斯尔联,1-2,1-2,12*,0.94,-0.5,0.98,20250104132824
托特纳姆热刺 vs 纽卡斯尔联,1-2,1-2,12*,0.95,-0.5,0.97,20250104132411
托特纳姆热刺 vs 纽卡斯尔联,1-2,1-2,12*,0.96,-0.5,0.96,20250104131609
托特纳姆热刺 vs 纽卡斯尔联,1-2,1-2,12*,0.94,-0.5,0.98,20250104131247
托特纳姆热刺 vs 纽卡斯尔联,1-2,1-2,12*,0.95,-0.5,0.97,20250104130925
托特纳姆热刺 vs 纽卡斯尔联,1-2,1-2,12*,0.96,-0.5,0.96,20250104130632
托特纳姆热刺 vs 纽卡斯尔联,1-2,1-2,12*,0.97,-0.5,0.95,20250104125948
托特纳姆热刺 vs 纽卡斯尔联,1-2,1-2,12*,0.98,-0.5,0.94,20250104125859
托特纳姆热刺 vs 纽卡斯尔联,1-2,1-2,12*,0.99,-0.5,0.93,20250104125330
托特纳姆热刺 vs 纽卡斯尔联,1-2,1-2,12*,1.0,-0.5,0.92,20250104124636
托特纳姆热刺 vs 纽卡斯尔联,1-2,1-2,12*,0.98,-0.5,0.94,20250104124020
托特纳姆热刺 vs 纽卡斯尔联,1-2,1-2,12*,0.97,-0.5,0.95,20250104123655
托特纳姆热刺 vs 纽卡斯尔联,1-2,1-2,12*,0.99,-0.5,0.93,20250104123604
托特纳姆热刺 vs 纽卡斯尔联,1-2,1-2,12*,1.01,-0.5,0.91,20250104122724
托特纳姆热刺 vs 纽卡斯尔联,1-2,1-2,12*,1.02,-0.5,0.9,20250104121516
托特纳姆热刺 vs 纽卡斯尔联,1-2,1-2,12*,1.01,-0.5,0.91,20250104121244
托特纳姆热刺 vs 纽卡斯尔联,1-2,1-2,12*,1.04,-0.5,0.88,20250104120922
托特纳姆热刺 vs 纽卡斯尔联,1-2,1-2,12*,1.02,-0.5,0.9,20250104120448
托特纳姆热刺 vs 纽卡斯尔联,1-2,1-2,12*,1.0,-0.5,0.92,20250104120357
托特纳姆热刺 vs 纽卡斯尔联,1-2,1-2,12*,1.0,-0.5,0.9,20250104120216
托特纳姆热刺 vs 纽卡斯尔联,1-2,1-2,12*,0.97,-0.5,0.93,20250104115343
托特纳姆热刺 vs 纽卡斯尔联,1-2,1-2,12*,0.96,-0.5,0.94,20250104115249
托特纳姆热刺 vs 纽卡斯尔联,1-2,1-2,12*,0.99,-0.5,0.91,20250104114649
托特纳姆热刺 vs 纽卡斯尔联,1-2,1-2,12*,1.0,-0.5,0.9,20250104113716
托特纳姆热刺 vs 纽卡斯尔联,1-2,1-2,12*,0.97,-0.5,0.93,20250104113354
托特纳姆热刺 vs 纽卡斯尔联,1-2,1-2,12*,0.99,-0.5,0.91,20250104113213
托特纳姆热刺 vs 纽卡斯尔联,1-2,1-2,12*,1.0,-0.5,0.9,20250104113029
托特纳姆热刺 vs 纽卡斯尔联,1-2,1-2,12*,1.01,-0.5,0.89,20250104111918
托特纳姆热刺 vs 纽卡斯尔联,1-2,1-2,12*,1.02,-0.5,0.88,20250104110809
托特纳姆热刺 vs 纽卡斯尔联,1-2,1-2,12*,0.97,-0.5,0.93,20250104102852
托特纳姆热刺 vs 纽卡斯尔联,1-2,1-2,12*,0.96,-0.5,0.94,20250104102801
托特纳姆热刺 vs 纽卡斯尔联,1-2,1-2,12*,0.97,-0.5,0.93,20250104101601
托特纳姆热刺 vs 纽卡斯尔联,1-2,1-2,12*,0.95,-0.5,0.95,20250104101511
托特纳姆热刺 vs 纽卡斯尔联,1-2,1-2,12*,0.94,-0.5,0.96,20250104101420
托特纳姆热刺 vs 纽卡斯尔联,1-2,1-2,12*,0.98,-0.5,0.92,20250104100918
托特纳姆热刺 vs 纽卡斯尔联,1-2,1-2,12*,1.0,-0.5,0.9,20250104100013
托特纳姆热刺 vs 纽卡斯尔联,1-2,1-2,12*,1.02,-0.5,0.88,20250104095923
托特纳姆热刺 vs 纽卡斯尔联,1-2,1-2,12*,0.99,-0.5,0.91,20250104094810
托特纳姆热刺 vs 纽卡斯尔联,1-2,1-2,12*,0.97,-0.5,0.93,20250104094012
托特纳姆热刺 vs 纽卡斯尔联,1-2,1-2,12*,0.98,-0.5,0.92,20250104093921
托特纳姆热刺 vs 纽卡斯尔联,1-2,1-2,12*,0.99,-0.5,0.91,20250104093509
托特纳姆热刺 vs 纽卡斯尔联,1-2,1-2,12*,1.0,-0.5,0.9,20250104093238
托特纳姆热刺 vs 纽卡斯尔联,1-2,1-2,12*,1.01,-0.5,0.89,20250104091723
托特纳姆热刺 vs 纽卡斯尔联,1-2,1-2,12*,1.02,-0.5,0.88,20250104082726
托特纳姆热刺 vs 纽卡斯尔联,1-2,1-2,12*,1.03,-0.5,0.87,20250104075411
托特纳姆热刺 vs 纽卡斯尔联,1-2,1-2,12*,1.04,-0.5,0.86,20250104064505
托特纳姆热刺 vs 纽卡斯尔联,1-2,1-2,12*,1.03,-0.5,0.87,20250104063855
托特纳姆热刺 vs 纽卡斯尔联,1-2,1-2,12*,1.05,-0.5,0.85,20250104063028
托特纳姆热刺 vs 纽卡斯尔联,1-2,1-2,12*,1.04,-0.5,0.86,20250104062551
托特纳姆热刺 vs 纽卡斯尔联,1-2,1-2,12*,1.03,-0.5,0.87,20250104061904
托特纳姆热刺 vs 纽卡斯尔联,1-2,1-2,12*,1.02,-0.5,0.88,20250104060932
托特纳姆热刺 vs 纽卡斯尔联,1-2,1-2,12*,1.04,-0.5,0.86,20250104060748
托特纳姆热刺 vs 纽卡斯尔联,1-2,1-2,12*,1.02,-0.5,0.88,20250104060457
托特纳姆热刺 vs 纽卡斯尔联,1-2,1-2,12*,1.0,-0.5,0.9,20250104054255
托特纳姆热刺 vs 纽卡斯尔联,1-2,1-2,12*,1.02,-0.5,0.88,20250104053640
托特纳姆热刺 vs 纽卡斯尔联,1-2,1-2,12*,1.04,-0.5,0.86,20250104052529
托特纳姆热刺 vs 纽卡斯尔联,1-2,1-2,12*,1.23,-0.25,0.71,20250104051843
托特纳姆热刺 vs 纽卡斯尔联,1-2,1-2,12*,1.25,-0.25,0.7,20250104051416
托特纳姆热刺 vs 纽卡斯尔联,1-2,1-2,12*,1.21,-0.25,0.72,20250104051236
托特纳姆热刺 vs 纽卡斯尔联,1-2,1-2,12*,1.17,-0.25,0.75,20250104050915
托特纳姆热刺 vs 纽卡斯尔联,1-2,1-2,12*,1.14,-0.25,0.77,20250104050132
托特纳姆热刺 vs 纽卡斯尔联,1-2,1-2,12*,1.13,-0.25,0.78,20250104043658
托特纳姆热刺 vs 纽卡斯尔联,1-2,1-2,12*,1.11,-0.25,0.8,20250104043518
托特纳姆热刺 vs 纽卡斯尔联,1-2,1-2,12*,1.09,-0.25,0.81,20250104041420
托特纳姆热刺 vs 纽卡斯尔联,1-2,1-2,12*,1.05,-0.25,0.85,20250104041239
托特纳姆热刺 vs 纽卡斯尔联,1-2,1-2,12*,1.06,-0.25,0.84,20250104041059
托特纳姆热刺 vs 纽卡斯尔联,1-2,1-2,12*,1.02,-0.25,0.88,20250104040918
托特纳姆热刺 vs 纽卡斯尔联,1-2,1-2,12*,1.04,-0.25,0.86,20250104040734
托特纳姆热刺 vs 纽卡斯尔联,1-2,1-2,12*,1.01,-0.25,0.89,20250104035758
托特纳姆热刺 vs 纽卡斯尔联,1-2,1-2,12*,1.0,-0.25,0.9,20250104031852
托特纳姆热刺 vs 纽卡斯尔联,1-2,1-2,12*,0.98,-0.25,0.92,20250104031609
托特纳姆热刺 vs 纽卡斯尔联,1-2,1-2,12*,0.96,-0.25,0.94,20250104025629
托特纳姆热刺 vs 纽卡斯尔联,1-2,1-2,12*,0.94,-0.25,0.96,20250104024617
托特纳姆热刺 vs 纽卡斯尔联,1-2,1-2,12*,0.96,-0.25,0.94,20250104024437
托特纳姆热刺 vs 纽卡斯尔联,1-2,1-2,12*,0.95,-0.25,0.95,20250104022203
托特纳姆热刺 vs 纽卡斯尔联,1-2,1-2,12*,0.94,-0.25,0.96,20250104021838
托特纳姆热刺 vs 纽卡斯尔联,1-2,1-2,12*,0.93,-0.25,0.97,20250104021052
托特纳姆热刺 vs 纽卡斯尔联,1-2,1-2,12*,0.92,-0.25,0.98,20250104013839
托特纳姆热刺 vs 纽卡斯尔联,1-2,1-2,12*,0.94,-0.25,0.96,20250104013659
托特纳姆热刺 vs 纽卡斯尔联,1-2,1-2,12*,0.91,-0.25,0.99,20250104012719
托特纳姆热刺 vs 纽卡斯尔联,1-2,1-2,12*,0.88,-0.25,1.02,20250104010924
托特纳姆热刺 vs 纽卡斯尔联,1-2,1-2,12*,0.89,-0.25,1.01,20250104001034
托特纳姆热刺 vs 纽卡斯尔联,1-2,1-2,12*,0.87,-0.25,1.03,20250104000103
托特纳姆热刺 vs 纽卡斯尔联,1-2,1-2,12*,0.84,-0.25,1.06,20250103223513
托特纳姆热刺 vs 纽卡斯尔联,1-2,1-2,12*,0.87,-0.25,1.03,20250103220712
托特纳姆热刺 vs 纽卡斯尔联,1-2,1-2,12*,0.85,-0.25,1.05,20250103213524
托特纳姆热刺 vs 纽卡斯尔联,1-2,1-2,12*,0.86,-0.25,1.04,20250103204416
托特纳姆热刺 vs 纽卡斯尔联,1-2,1-2,12*,0.88,-0.25,1.02,20250103202931
托特纳姆热刺 vs 纽卡斯尔联,1-2,1-2,12*,0.87,-0.25,1.03,20250103184816
托特纳姆热刺 vs 纽卡斯尔联,1-2,1-2,12*,0.84,-0.25,1.06,20250103175010
托特纳姆热刺 vs 纽卡斯尔联,1-2,1-2,12*,0.83,-0.25,1.07,20250103174829
托特纳姆热刺 vs 纽卡斯尔联,1-2,1-2,12*,0.84,-0.25,1.06,20250103174047
托特纳姆热刺 vs 纽卡斯尔联,1-2,1-2,12*,0.86,-0.25,1.04,20250103173544
托特纳姆热刺 vs 纽卡斯尔联,1-2,1-2,12*,0.87,-0.25,1.03,20250103163041
托特纳姆热刺 vs 纽卡斯尔联,1-2,1-2,12*,0.85,-0.25,1.05,20250103130335
托特纳姆热刺 vs 纽卡斯尔联,1-2,1-2,12*,0.85,-0.25,1.03,20250103114132
托特纳姆热刺 vs 纽卡斯尔联,1-2,1-2,12*,0.83,-0.25,1.05,20250103113519
托特纳姆热刺 vs 纽卡斯尔联,1-2,1-2,12*,0.82,-0.25,1.06,20250103075047
托特纳姆热刺 vs 纽卡斯尔联,1-2,1-2,12*,0.81,-0.25,1.07,20250103071050
托特纳姆热刺 vs 纽卡斯尔联,1-2,1-2,12*,0.8,-0.25,1.08,20250103023524
托特纳姆热刺 vs 纽卡斯尔联,1-2,1-2,12*,0.79,-0.25,1.09,20250103023026
托特纳姆热刺 vs 纽卡斯尔联,1-2,1-2,12*,0.8,-0.25,1.08,20250103022842
托特纳姆热刺 vs 纽卡斯尔联,1-2,1-2,12*,0.81,-0.25,1.07,20250103001550
托特纳姆热刺 vs 纽卡斯尔联,1-2,1-2,12*,0.83,-0.25,1.05,20250102230709
托特纳姆热刺 vs 纽卡斯尔联,1-2,1-2,12*,0.82,-0.25,1.06,20250102164050
托特纳姆热刺 vs 纽卡斯尔联,1-2,1-2,12*,0.83,-0.25,1.05,20250102141906
托特纳姆热刺 vs 纽卡斯尔联,1-2,1-2,12*,0.87,-0.25,1.01,20250102131801
托特纳姆热刺 vs 纽卡斯尔联,1-2,1-2,12*,0.86,-0.25,1.02,20250102092219
托特纳姆热刺 vs 纽卡斯尔联,1-2,1-2,12*,0.87,-0.25,1.01,20250102072642
托特纳姆热刺 vs 纽卡斯尔联,1-2,1-2,12*,0.88,-0.25,1.0,20250102052917
托特纳姆热刺 vs 纽卡斯尔联,1-2,1-2,12*,0.86,-0.25,1.02,20250102052737
托特纳姆热刺 vs 纽卡斯尔联,1-2,1-2,12*,0.84,-0.25,1.04,20250102052552
托特纳姆热刺 vs 纽卡斯尔联,1-2,1-2,12*,0.85,-0.25,1.03,20250102043316
托特纳姆热刺 vs 纽卡斯尔联,1-2,1-2,12*,0.86,-0.25,1.02,20250102034442
托特纳姆热刺 vs 纽卡斯尔联,1-2,1-2,12*,0.88,-0.25,1.0,20250102032412
托特纳姆热刺 vs 纽卡斯尔联,1-2,1-2,12*,0.93,-0.25,0.95,20250102002906
托特纳姆热刺 vs 纽卡斯尔联,1-2,1-2,12*,0.89,-0.25,0.99,20250102002220
托特纳姆热刺 vs 纽卡斯尔联,1-2,1-2,12*,0.88,-0.25,1.0,20250101203913
托特纳姆热刺 vs 纽卡斯尔联,1-2,1-2,12*,0.9,-0.25,0.98,20250101181929
托特纳姆热刺 vs 纽卡斯尔联,1-2,1-2,12*,0.87,-0.25,1.01,20250101181000
托特纳姆热刺 vs 纽卡斯尔联,1-2,1-2,12*,0.86,-0.25,1.02,20250101090559
托特纳姆热刺 vs 纽卡斯尔联,1-2,1-2,12*,0.88,-0.25,1.0,20250101035525
托特纳姆热刺 vs 纽卡斯尔联,1-2,1-2,12*,0.9,-0.25,0.98,20250101020645
托特纳姆热刺 vs 纽卡斯尔联,1-2,1-2,12*,0.92,-0.25,0.96,20250101004616
托特纳姆热刺 vs 纽卡斯尔联,1-2,1-2,12*,0.91,-0.25,0.97,20250101001040
托特纳姆热刺 vs 纽卡斯尔联,1-2,1-2,12*,1.21,0.0,0.7,20241231220826
托特纳姆热刺 vs 纽卡斯尔联,1-2,1-2,12*,1.23,0.0,0.69,20241231172931
托特纳姆热刺 vs 纽卡斯尔联,1-2,1-2,12*,1.25,0.0,0.68,20241231162611
托特纳姆热刺 vs 纽卡斯尔联,1-2,1-2,12*,1.26,0.0,0.67,20241231133938
托特纳姆热刺 vs 纽卡斯尔联,1-2,1-2,12*,1.23,0.0,0.69,20241231122407
托特纳姆热刺 vs 纽卡斯尔联,1-2,1-2,12*,1.2,0.0,0.71,20241231095400
托特纳姆热刺 vs 纽卡斯尔联,1-2,1-2,12*,1.19,0.0,0.72,20241231072235
托特纳姆热刺 vs 纽卡斯尔联,1-2,1-2,12*,1.17,0.0,0.73,20241231060451
托特纳姆热刺 vs 纽卡斯尔联,1-2,1-2,12*,1.13,0.0,0.76,20241231055949
托特纳姆热刺 vs 纽卡斯尔联,1-2,1-2,12*,1.11,0.0,0.78,20241231055809
托特纳姆热刺 vs 纽卡斯尔联,1-2,1-2,12*,1.02,0.0,0.86,20241230212702
托特纳姆热刺 vs 纽卡斯尔联,1-2,1-2,12*,1.05,0.0,0.83,20241230094254
托特纳姆热刺 vs 纽卡斯尔联,1-2,1-2,12*,1.09,0.0,0.79,20241230063824
托特纳姆热刺 vs 纽卡斯尔联,1-2,1-2,12*,1.08,0.0,0.8,20241230031643
托特纳姆热刺 vs 纽卡斯尔联,1-2,1-2,12*,1.06,0.0,0.82,20241230024434
托特纳姆热刺 vs 纽卡斯尔联,1-2,1-2,12*,1.07,0.0,0.81,20241230015955
托特纳姆热刺 vs 纽卡斯尔联,1-2,1-2,12*,1.05,0.0,0.83,20241230010957
托特纳姆热刺 vs 纽卡斯尔联,1-2,1-2,12*,0.98,0.0,0.9,20241229175033
托特纳姆热刺 vs 纽卡斯尔联,1-2,1-2,12*,0.94,0.0,0.94,20241229160327
托特纳姆热刺 vs 纽卡斯尔联,1-2,1-2,12*,0.97,0.0,0.91,20241229135340
托特纳姆热刺 vs 纽卡斯尔联,1-2,1-2,12*,0.98,0.0,0.9,20241229022751
托特纳姆热刺 vs 纽卡斯尔联,1-2,1-2,12*,0.94,0.0,0.94,20241229001833
托特纳姆热刺 vs 纽卡斯尔联,1-2,1-2,12*,0.93,0.0,0.95,20241229000110
托特纳姆热刺 vs 纽卡斯尔联,1-2,1-2,12*,0.94,0.0,0.94,20241228184537
托特纳姆热刺 vs 纽卡斯尔联,1-2,1-2,12*,0.95,0.0,0.93,20241228165325
托特纳姆热刺 vs 纽卡斯尔联,1-2,1-2,12*,0.99,0.0,0.89,20241228020542
托特纳姆热刺 vs 纽卡斯尔联,1-2,1-2,12*,1.0,0.0,0.88,20241228015920
托特纳姆热刺 vs 纽卡斯尔联,1-2,1-2,12*,0.95,0.0,0.93,20241227231106
托特纳姆热刺 vs 纽卡斯尔联,1-2,1-2,12*,0.94,0.0,0.94,20241227202827
托特纳姆热刺 vs 纽卡斯尔联,1-2,1-2,12*,0.9,0.0,0.98,20241227185644
托特纳姆热刺 vs 纽卡斯尔联,1-2,1-2,12*,0.88,0.0,1.0,20241227182713
托特纳姆热刺 vs 纽卡斯尔联,1-2,1-2,12*,0.92,0.0,0.96,20241227093335
托特纳姆热刺 vs 纽卡斯尔联,1-2,1-2,12*,0.93,0.0,0.95,20241227062642
托特纳姆热刺 vs 纽卡斯尔联,1-2,1-2,利*,0.97,-0.75,0.97,20250104202711
托特纳姆热刺 vs 纽卡斯尔联,1-2,1-2,利*,0.96,-0.75,0.98,20250104202327
托特纳姆热刺 vs 纽卡斯尔联,1-2,1-2,利*,0.95,-0.75,0.99,20250104202135
托特纳姆热刺 vs 纽卡斯尔联,1-2,1-2,利*,0.96,-0.75,0.98,20250104201949
托特纳姆热刺 vs 纽卡斯尔联,1-2,1-2,利*,0.94,-0.75,1.0,20250104200947
托特纳姆热刺 vs 纽卡斯尔联,1-2,1-2,利*,0.95,-0.75,0.99,20250104200609
托特纳姆热刺 vs 纽卡斯尔联,1-2,1-2,利*,0.96,-0.75,0.98,20250104195425
托特纳姆热刺 vs 纽卡斯尔联,1-2,1-2,利*,0.98,-0.75,0.96,20250104195230
托特纳姆热刺 vs 纽卡斯尔联,1-2,1-2,利*,0.94,-0.75,1.0,20250104194311
托特纳姆热刺 vs 纽卡斯尔联,1-2,1-2,利*,0.93,-0.75,1.01,20250104194120
托特纳姆热刺 vs 纽卡斯尔联,1-2,1-2,利*,0.95,-0.75,0.99,20250104193748
托特纳姆热刺 vs 纽卡斯尔联,1-2,1-2,利*,0.94,-0.75,1.0,20250104193553
托特纳姆热刺 vs 纽卡斯尔联,1-2,1-2,利*,0.95,-0.75,0.99,20250104193400
托特纳姆热刺 vs 纽卡斯尔联,1-2,1-2,利*,0.93,-0.75,1.01,20250104193208
托特纳姆热刺 vs 纽卡斯尔联,1-2,1-2,利*,0.95,-0.75,0.99,20250104192832
托特纳姆热刺 vs 纽卡斯尔联,1-2,1-2,利*,0.96,-0.75,0.98,20250104192504
托特纳姆热刺 vs 纽卡斯尔联,1-2,1-2,利*,0.97,-0.75,0.97,20250104192128
托特纳姆热刺 vs 纽卡斯尔联,1-2,1-2,利*,0.89,-0.75,1.05,20250104191744
托特纳姆热刺 vs 纽卡斯尔联,1-2,1-2,利*,0.88,-0.75,1.06,20250104191422
托特纳姆热刺 vs 纽卡斯尔联,1-2,1-2,利*,0.9,-0.75,1.04,20250104190537
托特纳姆热刺 vs 纽卡斯尔联,1-2,1-2,利*,0.91,-0.75,1.03,20250104190349
托特纳姆热刺 vs 纽卡斯尔联,1-2,1-2,利*,0.92,-0.75,1.02,20250104185818
托特纳姆热刺 vs 纽卡斯尔联,1-2,1-2,利*,0.93,-0.75,1.01,20250104184521
托特纳姆热刺 vs 纽卡斯尔联,1-2,1-2,利*,0.91,-0.75,1.03,20250104183937
托特纳姆热刺 vs 纽卡斯尔联,1-2,1-2,利*,1.09,-0.5,0.85,20250104183544
托特纳姆热刺 vs 纽卡斯尔联,1-2,1-2,利*,1.06,-0.5,0.88,20250104183205
托特纳姆热刺 vs 纽卡斯尔联,1-2,1-2,利*,1.06,-0.5,0.87,20250104182624
托特纳姆热刺 vs 纽卡斯尔联,1-2,1-2,利*,1.05,-0.5,0.88,20250104182229
托特纳姆热刺 vs 纽卡斯尔联,1-2,1-2,利*,1.07,-0.5,0.86,20250104182038
托特纳姆热刺 vs 纽卡斯尔联,1-2,1-2,利*,1.06,-0.5,0.87,20250104181900
托特纳姆热刺 vs 纽卡斯尔联,1-2,1-2,利*,1.08,-0.5,0.85,20250104180152
托特纳姆热刺 vs 纽卡斯尔联,1-2,1-2,利*,1.07,-0.5,0.86,20250104175958
托特纳姆热刺 vs 纽卡斯尔联,1-2,1-2,利*,1.04,-0.5,0.89,20250104175428
托特纳姆热刺 vs 纽卡斯尔联,1-2,1-2,利*,1.05,-0.5,0.88,20250104174135
托特纳姆热刺 vs 纽卡斯尔联,1-2,1-2,利*,1.04,-0.5,0.89,20250104173949
托特纳姆热刺 vs 纽卡斯尔联,1-2,1-2,利*,1.03,-0.5,0.9,20250104173805
托特纳姆热刺 vs 纽卡斯尔联,1-2,1-2,利*,1.05,-0.5,0.88,20250104173425
托特纳姆热刺 vs 纽卡斯尔联,1-2,1-2,利*,1.06,-0.5,0.87,20250104165723
托特纳姆热刺 vs 纽卡斯尔联,1-2,1-2,利*,1.05,-0.5,0.88,20250104165200
托特纳姆热刺 vs 纽卡斯尔联,1-2,1-2,利*,1.02,-0.5,0.91,20250104164638
托特纳姆热刺 vs 纽卡斯尔联,1-2,1-2,利*,1.03,-0.5,0.9,20250104163153
托特纳姆热刺 vs 纽卡斯尔联,1-2,1-2,利*,1.04,-0.5,0.89,20250104162432
托特纳姆热刺 vs 纽卡斯尔联,1-2,1-2,利*,1.03,-0.5,0.9,20250104161355
托特纳姆热刺 vs 纽卡斯尔联,1-2,1-2,利*,1.04,-0.5,0.89,20250104161025
托特纳姆热刺 vs 纽卡斯尔联,1-2,1-2,利*,1.0,-0.5,0.93,20250104160119
托特纳姆热刺 vs 纽卡斯尔联,1-2,1-2,利*,1.02,-0.5,0.91,20250104155552
托特纳姆热刺 vs 纽卡斯尔联,1-2,1-2,利*,1.01,-0.5,0.92,20250104154708
托特纳姆热刺 vs 纽卡斯尔联,1-2,1-2,利*,1.0,-0.5,0.93,20250104152724
托特纳姆热刺 vs 纽卡斯尔联,1-2,1-2,利*,0.99,-0.5,0.94,20250104152542
托特纳姆热刺 vs 纽卡斯尔联,1-2,1-2,利*,1.0,-0.5,0.93,20250104152028
托特纳姆热刺 vs 纽卡斯尔联,1-2,1-2,利*,0.98,-0.5,0.95,20250104151648
托特纳姆热刺 vs 纽卡斯尔联,1-2,1-2,利*,0.99,-0.5,0.94,20250104150245
托特纳姆热刺 vs 纽卡斯尔联,1-2,1-2,利*,1.0,-0.5,0.93,20250104150049
托特纳姆热刺 vs 纽卡斯尔联,1-2,1-2,利*,0.97,-0.5,0.95,20250104145000
托特纳姆热刺 vs 纽卡斯尔联,1-2,1-2,利*,0.99,-0.5,0.93,20250104142139
托特纳姆热刺 vs 纽卡斯尔联,1-2,1-2,利*,0.98,-0.5,0.94,20250104135400
托特纳姆热刺 vs 纽卡斯尔联,1-2,1-2,利*,0.94,-0.5,0.98,20250104135220
托特纳姆热刺 vs 纽卡斯尔联,1-2,1-2,利*,0.98,-0.5,0.94,20250104134026
托特纳姆热刺 vs 纽卡斯尔联,1-2,1-2,利*,0.95,-0.5,0.97,20250104132844
托特纳姆热刺 vs 纽卡斯尔联,1-2,1-2,利*,0.97,-0.5,0.95,20250104131411
托特纳姆热刺 vs 纽卡斯尔联,1-2,1-2,利*,0.99,-0.5,0.93,20250104125633
托特纳姆热刺 vs 纽卡斯尔联,1-2,1-2,利*,0.95,-0.5,0.97,20250104125459
托特纳姆热刺 vs 纽卡斯尔联,1-2,1-2,利*,0.97,-0.5,0.95,20250104124504
托特纳姆热刺 vs 纽卡斯尔联,1-2,1-2,利*,0.96,-0.5,0.96,20250104123905
托特纳姆热刺 vs 纽卡斯尔联,1-2,1-2,利*,0.99,-0.5,0.93,20250104123742
托特纳姆热刺 vs 纽卡斯尔联,1-2,1-2,利*,0.96,-0.5,0.96,20250104123602
托特纳姆热刺 vs 纽卡斯尔联,1-2,1-2,利*,1.03,-0.5,0.89,20250104121513
托特纳姆热刺 vs 纽卡斯尔联,1-2,1-2,利*,1.01,-0.5,0.91,20250104120725
托特纳姆热刺 vs 纽卡斯尔联,1-2,1-2,利*,1.01,-0.5,0.89,20250104104941
托特纳姆热刺 vs 纽卡斯尔联,1-2,1-2,利*,1.0,-0.5,0.9,20250104103811
托特纳姆热刺 vs 纽卡斯尔联,1-2,1-2,利*,1.02,-0.5,0.88,20250104093514
托特纳姆热刺 vs 纽卡斯尔联,1-2,1-2,利*,1.01,-0.5,0.89,20250104093043
托特纳姆热刺 vs 纽卡斯尔联,1-2,1-2,利*,0.97,-0.5,0.93,20250104092908
托特纳姆热刺 vs 纽卡斯尔联,1-2,1-2,利*,1.02,-0.5,0.88,20250104092141
托特纳姆热刺 vs 纽卡斯尔联,1-2,1-2,利*,1.04,-0.5,0.86,20250104063512
托特纳姆热刺 vs 纽卡斯尔联,1-2,1-2,利*,1.02,-0.5,0.88,20250104055138
托特纳姆热刺 vs 纽卡斯尔联,1-2,1-2,利*,1.05,-0.5,0.85,20250104052721
托特纳姆热刺 vs 纽卡斯尔联,1-2,1-2,利*,1.07,-0.5,0.83,20250104051447
托特纳姆热刺 vs 纽卡斯尔联,1-2,1-2,利*,1.03,-0.5,0.87,20250104051151
托特纳姆热刺 vs 纽卡斯尔联,1-2,1-2,利*,0.98,-0.5,0.92,20250104051034
托特纳姆热刺 vs 纽卡斯尔联,1-2,1-2,利*,0.94,-0.5,0.96,20250104050746
托特纳姆热刺 vs 纽卡斯尔联,1-2,1-2,利*,0.85,-0.5,1.05,20250104043428
托特纳姆热刺 vs 纽卡斯尔联,1-2,1-2,利*,1.09,-0.25,0.81,20250104041725
托特纳姆热刺 vs 纽卡斯尔联,1-2,1-2,利*,0.81,-0.5,1.09,20250104041603
托特纳姆热刺 vs 纽卡斯尔联,1-2,1-2,利*,1.09,-0.25,0.81,20250104041437
托特纳姆热刺 vs 纽卡斯尔联,1-2,1-2,利*,1.11,-0.25,0.8,20250104041308
托特纳姆热刺 vs 纽卡斯尔联,1-2,1-2,利*,1.05,-0.25,0.85,20250104040736
托特纳姆热刺 vs 纽卡斯尔联,1-2,1-2,利*,1.06,-0.25,0.84,20250104040612
托特纳姆热刺 vs 纽卡斯尔联,1-2,1-2,利*,0.99,-0.25,0.91,20250104034318
托特纳姆热刺 vs 纽卡斯尔联,1-2,1-2,利*,0.96,-0.25,0.94,20250104032130
托特纳姆热刺 vs 纽卡斯尔联,1-2,1-2,利*,0.95,-0.25,0.95,20250104031008
托特纳姆热刺 vs 纽卡斯尔联,1-2,1-2,利*,0.92,-0.25,0.98,20250104022046
托特纳姆热刺 vs 纽卡斯尔联,1-2,1-2,利*,0.91,-0.25,0.99,20250104021906
托特纳姆热刺 vs 纽卡斯尔联,1-2,1-2,利*,0.88,-0.25,1.02,20250104010823
托特纳姆热刺 vs 纽卡斯尔联,1-2,1-2,利*,0.9,-0.25,1.0,20250104001101
托特纳姆热刺 vs 纽卡斯尔联,1-2,1-2,利*,0.87,-0.25,1.03,20250103213409
托特纳姆热刺 vs 纽卡斯尔联,1-2,1-2,利*,0.89,-0.25,1.01,20250103184656
托特纳姆热刺 vs 纽卡斯尔联,1-2,1-2,利*,0.84,-0.25,1.06,20250103174011
托特纳姆热刺 vs 纽卡斯尔联,1-2,1-2,利*,0.87,-0.25,1.03,20250103173410
托特纳姆热刺 vs 纽卡斯尔联,1-2,1-2,利*,0.89,-0.25,1.01,20250103120030
托特纳姆热刺 vs 纽卡斯尔联,1-2,1-2,利*,0.84,-0.25,1.06,20250103022949
托特纳姆热刺 vs 纽卡斯尔联,1-2,1-2,利*,0.89,-0.25,1.01,20250103001551
托特纳姆热刺 vs 纽卡斯尔联,1-2,1-2,利*,0.92,-0.25,0.98,20250102230640
托特纳姆热刺 vs 纽卡斯尔联,1-2,1-2,利*,0.91,-0.25,0.99,20250102164014
托特纳姆热刺 vs 纽卡斯尔联,1-2,1-2,利*,0.92,-0.25,0.98,20250102072739
托特纳姆热刺 vs 纽卡斯尔联,1-2,1-2,利*,0.94,-0.25,0.96,20250101203759
托特纳姆热刺 vs 纽卡斯尔联,1-2,1-2,利*,0.97,-0.25,0.93,20250101182017
托特纳姆热刺 vs 纽卡斯尔联,1-2,1-2,利*,0.92,-0.25,0.98,20250101004604
托特纳姆热刺 vs 纽卡斯尔联,1-2,1-2,利*,0.9,-0.25,1.0,20241231193550
托特纳姆热刺 vs 纽卡斯尔联,1-2,1-2,利*,0.87,-0.25,1.03,20241231104001
托特纳姆热刺 vs 纽卡斯尔联,1-2,1-2,利*,0.89,-0.25,1.01,20241231061703
托特纳姆热刺 vs 纽卡斯尔联,1-2,1-2,利*,0.87,-0.25,1.03,20241231060830
托特纳姆热刺 vs 纽卡斯尔联,1-2,1-2,利*,0.83,-0.25,1.07,20241231052703
托特纳姆热刺 vs 纽卡斯尔联,1-2,1-2,利*,1.13,0.0,0.78,20241231044703
托特纳姆热刺 vs 纽卡斯尔联,1-2,1-2,利*,1.11,0.0,0.8,20241231041824
托特纳姆热刺 vs 纽卡斯尔联,1-2,1-2,利*,1.07,0.0,0.83,20241230103149
托特纳姆热刺 vs 纽卡斯尔联,1-2,1-2,利*,0.78,-0.25,1.13,20241230102116
托特纳姆热刺 vs 纽卡斯尔联,1-2,1-2,利*,1.07,0.0,0.83,20241230022252
托特纳姆热刺 vs 纽卡斯尔联,1-2,1-2,利*,1.05,0.0,0.85,20241230020201
托特纳姆热刺 vs 纽卡斯尔联,1-2,1-2,利*,1.01,0.0,0.89,20241230010345
托特纳姆热刺 vs 纽卡斯尔联,1-2,1-2,利*,0.99,0.0,0.91,20241229235508
托特纳姆热刺 vs 纽卡斯尔联,1-2,1-2,利*,0.97,0.0,0.93,20241227060315
托特纳姆热刺 vs 纽卡斯尔联,1-2,1-2,利*,1.01,0.0,0.89,20241227050329
托特纳姆热刺 vs 纽卡斯尔联,1-2,1-2,利*,1.05,0.0,0.85,20241227040619
托特纳姆热刺 vs 纽卡斯尔联,1-2,1-2,利*,1.29,0.25,0.67,20241227040353
托特纳姆热刺 vs 纽卡斯尔联,1-2,1-2,利*,1.33,0.25,0.65,20241227034635
托特纳姆热刺 vs 纽卡斯尔联,1-2,1-2,利*,1.29,0.25,0.67,20241227034354
托特纳姆热刺 vs 纽卡斯尔联,1-2,1-2,利*,1.17,0.25,0.75,20241227033625
托特纳姆热刺 vs 纽卡斯尔联,1-2,1-2,利*,1.13,0.25,0.78,20241227033354
托特纳姆热刺 vs 纽卡斯尔联,1-2,1-2,盈*,0.96,-0.75,0.96,20250104202913
托特纳姆热刺 vs 纽卡斯尔联,1-2,1-2,盈*,0.94,-0.75,0.98,20250104202410
托特纳姆热刺 vs 纽卡斯尔联,1-2,1-2,盈*,0.93,-0.75,0.99,20250104202050
托特纳姆热刺 vs 纽卡斯尔联,1-2,1-2,盈*,0.91,-0.75,1.01,20250104201727
托特纳姆热刺 vs 纽卡斯尔联,1-2,1-2,盈*,0.93,-0.75,0.99,20250104200907
托特纳姆热刺 vs 纽卡斯尔联,1-2,1-2,盈*,0.95,-0.75,0.97,20250104194838
托特纳姆热刺 vs 纽卡斯尔联,1-2,1-2,盈*,0.94,-0.75,0.98,20250104194307
托特纳姆热刺 vs 纽卡斯尔联,1-2,1-2,盈*,0.93,-0.75,0.99,20250104193355
托特纳姆热刺 vs 纽卡斯尔联,1-2,1-2,盈*,0.92,-0.75,1.0,20250104193205
托特纳姆热刺 vs 纽卡斯尔联,1-2,1-2,盈*,0.94,-0.75,0.98,20250104193015
托特纳姆热刺 vs 纽卡斯尔联,1-2,1-2,盈*,0.96,-0.75,0.96,20250104192446
托特纳姆热刺 vs 纽卡斯尔联,1-2,1-2,盈*,0.97,-0.75,0.95,20250104192255
托特纳姆热刺 vs 纽卡斯尔联,1-2,1-2,盈*,0.92,-0.75,1.0,20250104192106
托特纳姆热刺 vs 纽卡斯尔联,1-2,1-2,盈*,0.87,-0.75,1.05,20250104191727
托特纳姆热刺 vs 纽卡斯尔联,1-2,1-2,盈*,1.07,-0.5,0.85,20250104191535
托特纳姆热刺 vs 纽卡斯尔联,1-2,1-2,盈*,0.88,-0.75,1.04,20250104191345
托特纳姆热刺 vs 纽卡斯尔联,1-2,1-2,盈*,0.91,-0.75,1.01,20250104191156
托特纳姆热刺 vs 纽卡斯尔联,1-2,1-2,盈*,0.92,-0.75,1.0,20250104185903
托特纳姆热刺 vs 纽卡斯尔联,1-2,1-2,盈*,0.91,-0.75,1.01,20250104185713
托特纳姆热刺 vs 纽卡斯尔联,1-2,1-2,盈*,0.94,-0.75,0.98,20250104185107
托特纳姆热刺 vs 纽卡斯尔联,1-2,1-2,盈*,0.93,-0.75,0.99,20250104184721
托特纳姆热刺 vs 纽卡斯尔联,1-2,1-2,盈*,0.91,-0.75,1.01,20250104184458
托特纳姆热刺 vs 纽卡斯尔联,1-2,1-2,盈*,0.88,-0.75,1.04,20250104183112
托特纳姆热刺 vs 纽卡斯尔联,1-2,1-2,盈*,0.87,-0.75,1.05,20250104181352
托特纳姆热刺 vs 纽卡斯尔联,1-2,1-2,盈*,0.86,-0.75,1.06,20250104181009
托特纳姆热刺 vs 纽卡斯尔联,1-2,1-2,盈*,0.85,-0.75,1.07,20250104180816
托特纳姆热刺 vs 纽卡斯尔联,1-2,1-2,盈*,0.87,-0.75,1.05,20250104180432
托特纳姆热刺 vs 纽卡斯尔联,1-2,1-2,盈*,1.06,-0.5,0.86,20250104175854
托特纳姆热刺 vs 纽卡斯尔联,1-2,1-2,盈*,1.04,-0.5,0.88,20250104174554
托特纳姆热刺 vs 纽卡斯尔联,1-2,1-2,盈*,1.03,-0.5,0.89,20250104173634
托特纳姆热刺 vs 纽卡斯尔联,1-2,1-2,盈*,1.04,-0.5,0.88,20250104173442
托特纳姆热刺 vs 纽卡斯尔联,1-2,1-2,盈*,1.06,-0.5,0.86,20250104172135
托特纳姆热刺 vs 纽卡斯尔联,1-2,1-2,盈*,0.85,-0.75,1.07,20250104165910
托特纳姆热刺 vs 纽卡斯尔联,1-2,1-2,盈*,0.88,-0.75,1.04,20250104165718
托特纳姆热刺 vs 纽卡斯尔联,1-2,1-2,盈*,0.85,-0.75,1.07,20250104165526
托特纳姆热刺 vs 纽卡斯尔联,1-2,1-2,盈*,1.04,-0.5,0.88,20250104164949
托特纳姆热刺 vs 纽卡斯尔联,1-2,1-2,盈*,1.06,-0.5,0.86,20250104163303
托特纳姆热刺 vs 纽卡斯尔联,1-2,1-2,盈*,1.05,-0.5,0.87,20250104162105
托特纳姆热刺 vs 纽卡斯尔联,1-2,1-2,盈*,1.06,-0.5,0.86,20250104161422
托特纳姆热刺 vs 纽卡斯尔联,1-2,1-2,盈*,1.04,-0.5,0.88,20250104160957
托特纳姆热刺 vs 纽卡斯尔联,1-2,1-2,盈*,1.03,-0.5,0.89,20250104152809
托特纳姆热刺 vs 纽卡斯尔联,1-2,1-2,盈*,1.02,-0.5,0.9,20250104152545
托特纳姆热刺 vs 纽卡斯尔联,1-2,1-2,盈*,0.98,-0.5,0.94,20250104150554
托特纳姆热刺 vs 纽卡斯尔联,1-2,1-2,盈*,0.99,-0.5,0.93,20250104141102
托特纳姆热刺 vs 纽卡斯尔联,1-2,1-2,盈*,1.0,-0.5,0.92,20250104140244
托特纳姆热刺 vs 纽卡斯尔联,1-2,1-2,盈*,0.99,-0.5,0.93,20250104134626
托特纳姆热刺 vs 纽卡斯尔联,1-2,1-2,盈*,0.98,-0.5,0.94,20250104134421
托特纳姆热刺 vs 纽卡斯尔联,1-2,1-2,盈*,0.96,-0.5,0.96,20250104134016
托特纳姆热刺 vs 纽卡斯尔联,1-2,1-2,盈*,0.99,-0.5,0.93,20250104133358
托特纳姆热刺 vs 纽卡斯尔联,1-2,1-2,盈*,0.95,-0.5,0.97,20250104131128
托特纳姆热刺 vs 纽卡斯尔联,1-2,1-2,盈*,0.97,-0.5,0.95,20250104130112
托特纳姆热刺 vs 纽卡斯尔联,1-2,1-2,盈*,1.0,-0.5,0.92,20250104124654
托特纳姆热刺 vs 纽卡斯尔联,1-2,1-2,盈*,0.98,-0.5,0.94,20250104124043
托特纳姆热刺 vs 纽卡斯尔联,1-2,1-2,盈*,0.97,-0.5,0.95,20250104123838
托特纳姆热刺 vs 纽卡斯尔联,1-2,1-2,盈*,1.02,-0.5,0.9,20250104123228
托特纳姆热刺 vs 纽卡斯尔联,1-2,1-2,盈*,1.01,-0.5,0.89,20250104122011
托特纳姆热刺 vs 纽卡斯尔联,1-2,1-2,盈*,0.98,-0.5,0.92,20250104110129
托特纳姆热刺 vs 纽卡斯尔联,1-2,1-2,盈*,0.99,-0.5,0.91,20250104104919
托特纳姆热刺 vs 纽卡斯尔联,1-2,1-2,盈*,1.03,-0.5,0.87,20250104095209
托特纳姆热刺 vs 纽卡斯尔联,1-2,1-2,盈*,1.02,-0.5,0.88,20250104061845
托特纳姆热刺 vs 纽卡斯尔联,1-2,1-2,盈*,1.04,-0.5,0.86,20250104051657
托特纳姆热刺 vs 纽卡斯尔联,1-2,1-2,盈*,0.93,-0.5,0.97,20250104051328
托特纳姆热刺 vs 纽卡斯尔联,1-2,1-2,盈*,1.04,-0.25,0.86,20250104041724
托特纳姆热刺 vs 纽卡斯尔联,1-2,1-2,盈*,1.02,-0.25,0.88,20250104041027
托特纳姆热刺 vs 纽卡斯尔联,1-2,1-2,盈*,0.89,-0.25,1.01,20250103215840
托特纳姆热刺 vs 纽卡斯尔联,1-2,1-2,盈*,0.9,-0.25,1.0,20250103203359
托特纳姆热刺 vs 纽卡斯尔联,1-2,1-2,盈*,0.89,-0.25,0.99,20250103114446
托特纳姆热刺 vs 纽卡斯尔联,1-2,1-2,盈*,0.87,-0.25,1.01,20250103100538
托特纳姆热刺 vs 纽卡斯尔联,1-2,1-2,盈*,0.84,-0.25,1.04,20250103100135
托特纳姆热刺 vs 纽卡斯尔联,1-2,1-2,盈*,0.87,-0.25,1.01,20250103023216
托特纳姆热刺 vs 纽卡斯尔联,1-2,1-2,盈*,0.9,-0.25,0.98,20250102185910
托特纳姆热刺 vs 纽卡斯尔联,1-2,1-2,盈*,0.92,-0.25,0.96,20250101182233
托特纳姆热刺 vs 纽卡斯尔联,1-2,1-2,盈*,0.89,-0.25,0.99,20250101112806
托特纳姆热刺 vs 纽卡斯尔联,1-2,1-2,盈*,0.9,-0.25,0.98,20241231201709
托特纳姆热刺 vs 纽卡斯尔联,1-2,1-2,盈*,0.88,-0.25,1.0,20241231120310
托特纳姆热刺 vs 纽卡斯尔联,1-2,1-2,盈*,0.9,-0.25,0.98,20241231080753
托特纳姆热刺 vs 纽卡斯尔联,1-2,1-2,盈*,0.86,-0.25,1.02,20241231060127
托特纳姆热刺 vs 纽卡斯尔联,1-2,1-2,盈*,0.83,-0.25,1.05,20241231042824
托特纳姆热刺 vs 纽卡斯尔联,1-2,1-2,盈*,0.84,-0.25,1.04,20241231041924
托特纳姆热刺 vs 纽卡斯尔联,1-2,1-2,盈*,0.83,-0.25,1.05,20241230213958
托特纳姆热刺 vs 纽卡斯尔联,1-2,1-2,盈*,1.05,0.0,0.83,20241230211532
托特纳姆热刺 vs 纽卡斯尔联,1-2,1-2,盈*,0.83,-0.25,1.05,20241230211231
托特纳姆热刺 vs 纽卡斯尔联,1-2,1-2,盈*,1.05,0.0,0.83,20241230180617
托特纳姆热刺 vs 纽卡斯尔联,1-2,1-2,盈*,0.83,-0.25,1.05,20241230180017
托特纳姆热刺 vs 纽卡斯尔联,1-2,1-2,盈*,1.05,0.0,0.83,20241230175717
托特纳姆热刺 vs 纽卡斯尔联,1-2,1-2,盈*,0.83,-0.25,1.05,20241230175416
托特纳姆热刺 vs 纽卡斯尔联,1-2,1-2,盈*,1.05,0.0,0.83,20241230164555
托特纳姆热刺 vs 纽卡斯尔联,1-2,1-2,盈*,0.83,-0.25,1.05,20241230164255
托特纳姆热刺 vs 纽卡斯尔联,1-2,1-2,盈*,1.05,0.0,0.83,20241230163343
托特纳姆热刺 vs 纽卡斯尔联,1-2,1-2,盈*,0.82,-0.25,1.06,20241230163025
托特纳姆热刺 vs 纽卡斯尔联,1-2,1-2,盈*,1.05,0.0,0.83,20241230130114
托特纳姆热刺 vs 纽卡斯尔联,1-2,1-2,盈*,0.83,-0.25,1.05,20241230125515
托特纳姆热刺 vs 纽卡斯尔联,1-2,1-2,盈*,1.05,0.0,0.83,20241230124316
托特纳姆热刺 vs 纽卡斯尔联,1-2,1-2,盈*,0.83,-0.25,1.05,20241230122521
托特纳姆热刺 vs 纽卡斯尔联,1-2,1-2,盈*,1.05,0.0,0.83,20241230120424
托特纳姆热刺 vs 纽卡斯尔联,1-2,1-2,盈*,0.83,-0.25,1.05,20241230020226
托特纳姆热刺 vs 纽卡斯尔联,1-2,1-2,盈*,1.03,0.0,0.85,20241230010447
托特纳姆热刺 vs 纽卡斯尔联,1-2,1-2,盈*,0.97,0.0,0.91,20241229230211
托特纳姆热刺 vs 纽卡斯尔联,1-2,1-2,盈*,1.0,0.0,0.88,20241228133813
托特纳姆热刺 vs 纽卡斯尔联,1-2,1-2,盈*,0.93,0.0,0.95,20241227221801
托特纳姆热刺 vs 纽卡斯尔联,1-2,1-2,盈*,0.95,0.0,0.93,20241227070230
托特纳姆热刺 vs 纽卡斯尔联,1-2,1-2,18*,0.87,-0.75,0.93,20250104202923
托特纳姆热刺 vs 纽卡斯尔联,1-2,1-2,18*,0.9,-0.75,0.94,20250104202833
托特纳姆热刺 vs 纽卡斯尔联,1-2,1-2,18*,0.89,-0.75,0.96,20250104202746
托特纳姆热刺 vs 纽卡斯尔联,1-2,1-2,18*,0.89,-0.75,0.95,20250104202617
托特纳姆热刺 vs 纽卡斯尔联,1-2,1-2,18*,0.88,-0.75,0.96,20250104195747
托特纳姆热刺 vs 纽卡斯尔联,1-2,1-2,18*,0.9,-0.75,0.95,20250104195648
托特纳姆热刺 vs 纽卡斯尔联,1-2,1-2,18*,0.89,-0.75,0.95,20250104194523
托特纳姆热刺 vs 纽卡斯尔联,1-2,1-2,18*,0.89,-0.75,0.96,20250104194427
托特纳姆热刺 vs 纽卡斯尔联,1-2,1-2,18*,0.88,-0.75,0.96,20250104194105
托特纳姆热刺 vs 纽卡斯尔联,1-2,1-2,18*,0.88,-0.75,0.97,20250104193923
托特纳姆热刺 vs 纽卡斯尔联,1-2,1-2,18*,0.87,-0.75,0.97,20250104193349
托特纳姆热刺 vs 纽卡斯尔联,1-2,1-2,18*,0.88,-0.75,0.96,20250104193246
托特纳姆热刺 vs 纽卡斯尔联,1-2,1-2,18*,0.89,-0.75,0.96,20250104193155
托特纳姆热刺 vs 纽卡斯尔联,1-2,1-2,18*,0.88,-0.75,0.96,20250104193106
托特纳姆热刺 vs 纽卡斯尔联,1-2,1-2,18*,0.89,-0.75,0.95,20250104193012
托特纳姆热刺 vs 纽卡斯尔联,1-2,1-2,18*,0.9,-0.75,0.95,20250104192923
托特纳姆热刺 vs 纽卡斯尔联,1-2,1-2,18*,0.89,-0.75,0.95,20250104192828
托特纳姆热刺 vs 纽卡斯尔联,1-2,1-2,18*,0.88,-0.75,0.96,20250104192742
托特纳姆热刺 vs 纽卡斯尔联,1-2,1-2,18*,0.89,-0.75,0.96,20250104192650
托特纳姆热刺 vs 纽卡斯尔联,1-2,1-2,18*,0.89,-0.75,0.95,20250104192249
托特纳姆热刺 vs 纽卡斯尔联,1-2,1-2,18*,0.88,-0.75,0.97,20250104192202
托特纳姆热刺 vs 纽卡斯尔联,1-2,1-2,18*,0.87,-0.75,0.97,20250104192107
托特纳姆热刺 vs 纽卡斯尔联,1-2,1-2,18*,0.85,-0.75,1.0,20250104192017
托特纳姆热刺 vs 纽卡斯尔联,1-2,1-2,18*,0.84,-0.75,1.01,20250104191208
托特纳姆热刺 vs 纽卡斯尔联,1-2,1-2,18*,0.84,-0.75,1.0,20250104190841
托特纳姆热刺 vs 纽卡斯尔联,1-2,1-2,18*,0.85,-0.75,0.99,20250104190113
托特纳姆热刺 vs 纽卡斯尔联,1-2,1-2,18*,0.86,-0.75,0.98,20250104184434
托特纳姆热刺 vs 纽卡斯尔联,1-2,1-2,18*,0.84,-0.75,1.0,20250104184250
托特纳姆热刺 vs 纽卡斯尔联,1-2,1-2,18*,0.84,-0.75,1.01,20250104184202
托特纳姆热刺 vs 纽卡斯尔联,1-2,1-2,18*,0.83,-0.75,1.02,20250104184021
托特纳姆热刺 vs 纽卡斯尔联,1-2,1-2,18*,1.02,-0.5,0.83,20250104181651
托特纳姆热刺 vs 纽卡斯尔联,1-2,1-2,18*,1.03,-0.5,0.82,20250104175237
托特纳姆热刺 vs 纽卡斯尔联,1-2,1-2,18*,1.02,-0.5,0.83,20250104170258
托特纳姆热刺 vs 纽卡斯尔联,1-2,1-2,18*,1.03,-0.5,0.82,20250104165715
托特纳姆热刺 vs 纽卡斯尔联,1-2,1-2,18*,1.02,-0.5,0.83,20250104165527
托特纳姆热刺 vs 纽卡斯尔联,1-2,1-2,18*,1.01,-0.5,0.84,20250104165347
托特纳姆热刺 vs 纽卡斯尔联,1-2,1-2,18*,1.0,-0.5,0.84,20250104165254
托特纳姆热刺 vs 纽卡斯尔联,1-2,1-2,18*,1.0,-0.5,0.85,20250104165109
托特纳姆热刺 vs 纽卡斯尔联,1-2,1-2,18*,0.99,-0.5,0.86,20250104164318
托特纳姆热刺 vs 纽卡斯尔联,1-2,1-2,18*,0.99,-0.5,0.85,20250104163227
托特纳姆热刺 vs 纽卡斯尔联,1-2,1-2,18*,0.99,-0.5,0.86,20250104161125
托特纳姆热刺 vs 纽卡斯尔联,1-2,1-2,18*,0.98,-0.5,0.86,20250104160911
托特纳姆热刺 vs 纽卡斯尔联,1-2,1-2,18*,0.98,-0.5,0.87,20250104160818
托特纳姆热刺 vs 纽卡斯尔联,1-2,1-2,18*,0.97,-0.5,0.87,20250104160216
托特纳姆热刺 vs 纽卡斯尔联,1-2,1-2,18*,0.97,-0.5,0.88,20250104155125
托特纳姆热刺 vs 纽卡斯尔联,1-2,1-2,18*,0.97,-0.5,0.87,20250104155035
托特纳姆热刺 vs 纽卡斯尔联,1-2,1-2,18*,0.98,-0.5,0.87,20250104152804
托特纳姆热刺 vs 纽卡斯尔联,1-2,1-2,18*,0.97,-0.5,0.87,20250104152720
托特纳姆热刺 vs 纽卡斯尔联,1-2,1-2,18*,0.96,-0.5,0.88,20250104152551
托特纳姆热刺 vs 纽卡斯尔联,1-2,1-2,18*,0.95,-0.5,0.89,20250104151717
托特纳姆热刺 vs 纽卡斯尔联,1-2,1-2,18*,0.95,-0.5,0.9,20250104151624
托特纳姆热刺 vs 纽卡斯尔联,1-2,1-2,18*,0.96,-0.5,0.89,20250104141252
托特纳姆热刺 vs 纽卡斯尔联,1-2,1-2,18*,0.95,-0.5,0.9,20250104141200
托特纳姆热刺 vs 纽卡斯尔联,1-2,1-2,18*,0.96,-0.5,0.89,20250104135115
托特纳姆热刺 vs 纽卡斯尔联,1-2,1-2,18*,0.95,-0.5,0.9,20250104133956
托特纳姆热刺 vs 纽卡斯尔联,1-2,1-2,18*,0.94,-0.5,0.91,20250104132453
托特纳姆热刺 vs 纽卡斯尔联,1-2,1-2,18*,0.95,-0.5,0.9,20250104132131
托特纳姆热刺 vs 纽卡斯尔联,1-2,1-2,18*,0.94,-0.5,0.91,20250104131229
托特纳姆热刺 vs 纽卡斯尔联,1-2,1-2,18*,0.95,-0.5,0.9,20250104130326
托特纳姆热刺 vs 纽卡斯尔联,1-2,1-2,18*,0.96,-0.5,0.89,20250104124337
托特纳姆热刺 vs 纽卡斯尔联,1-2,1-2,18*,0.95,-0.5,0.9,20250104123845
托特纳姆热刺 vs 纽卡斯尔联,1-2,1-2,18*,0.96,-0.5,0.89,20250104123755
托特纳姆热刺 vs 纽卡斯尔联,1-2,1-2,18*,0.98,-0.5,0.87,20250104123611
托特纳姆热刺 vs 纽卡斯尔联,1-2,1-2,18*,0.99,-0.5,0.86,20250104123524
托特纳姆热刺 vs 纽卡斯尔联,1-2,1-2,18*,1.0,-0.5,0.85,20250104122247
托特纳姆热刺 vs 纽卡斯尔联,1-2,1-2,18*,0.99,-0.5,0.85,20250104120843
托特纳姆热刺 vs 纽卡斯尔联,1-2,1-2,18*,0.99,-0.5,0.86,20250104103624
托特纳姆热刺 vs 纽卡斯尔联,1-2,1-2,18*,1.0,-0.5,0.85,20250104100634
托特纳姆热刺 vs 纽卡斯尔联,1-2,1-2,18*,1.01,-0.5,0.84,20250104095358
托特纳姆热刺 vs 纽卡斯尔联,1-2,1-2,18*,1.0,-0.5,0.85,20250104092228
托特纳姆热刺 vs 纽卡斯尔联,1-2,1-2,18*,1.0,-0.5,0.84,20250104091824
托特纳姆热刺 vs 纽卡斯尔联,1-2,1-2,18*,1.01,-0.5,0.84,20250104061820
托特纳姆热刺 vs 纽卡斯尔联,1-2,1-2,18*,1.0,-0.5,0.85,20250104061506
托特纳姆热刺 vs 纽卡斯尔联,1-2,1-2,18*,0.99,-0.5,0.86,20250104061151
托特纳姆热刺 vs 纽卡斯尔联,1-2,1-2,18*,0.98,-0.5,0.87,20250104054850
托特纳姆热刺 vs 纽卡斯尔联,1-2,1-2,18*,0.97,-0.5,0.87,20250104054152
托特纳姆热刺 vs 纽卡斯尔联,1-2,1-2,18*,0.99,-0.5,0.86,20250104053206
托特纳姆热刺 vs 纽卡斯尔联,1-2,1-2,18*,0.98,-0.5,0.85,20250104052220
托特纳姆热刺 vs 纽卡斯尔联,1-2,1-2,18*,0.94,-0.5,0.89,20250104051820
托特纳姆热刺 vs 纽卡斯尔联,1-2,1-2,18*,0.92,-0.5,0.91,20250104051416
托特纳姆热刺 vs 纽卡斯尔联,1-2,1-2,18*,0.89,-0.5,0.94,20250104051102
托特纳姆热刺 vs 纽卡斯尔联,1-2,1-2,18*,0.86,-0.5,0.96,20250104050747
托特纳姆热刺 vs 纽卡斯尔联,1-2,1-2,18*,0.84,-0.5,0.98,20250104050113
托特纳姆热刺 vs 纽卡斯尔联,1-2,1-2,18*,0.84,-0.5,0.99,20250104044812
托特纳姆热刺 vs 纽卡斯尔联,1-2,1-2,18*,0.81,-0.5,1.02,20250104044455
托特纳姆热刺 vs 纽卡斯尔联,1-2,1-2,18*,0.81,-0.5,1.03,20250104043511
托特纳姆热刺 vs 纽卡斯尔联,1-2,1-2,18*,0.8,-0.5,1.04,20250104041853
托特纳姆热刺 vs 纽卡斯尔联,1-2,1-2,18*,1.01,-0.25,0.82,20250104041539
托特纳姆热刺 vs 纽卡斯尔联,1-2,1-2,18*,0.98,-0.25,0.85,20250104041224
托特纳姆热刺 vs 纽卡斯尔联,1-2,1-2,18*,0.98,-0.25,0.84,20250104040910
托特纳姆热刺 vs 纽卡斯尔联,1-2,1-2,18*,0.95,-0.25,0.88,20250104035240
托特纳姆热刺 vs 纽卡斯尔联,1-2,1-2,18*,0.94,-0.25,0.89,20250104033211
托特纳姆热刺 vs 纽卡斯尔联,1-2,1-2,18*,0.91,-0.25,0.92,20250104031549
托特纳姆热刺 vs 纽卡斯尔联,1-2,1-2,18*,0.9,-0.25,0.93,20250104031237
托特纳姆热刺 vs 纽卡斯尔联,1-2,1-2,18*,0.89,-0.25,0.93,20250104024631
托特纳姆热刺 vs 纽卡斯尔联,1-2,1-2,18*,0.89,-0.25,0.94,20250104024240
托特纳姆热刺 vs 纽卡斯尔联,1-2,1-2,18*,0.88,-0.25,0.95,20250104023549
托特纳姆热刺 vs 纽卡斯尔联,1-2,1-2,18*,0.87,-0.25,0.96,20250104004011
托特纳姆热刺 vs 纽卡斯尔联,1-2,1-2,18*,0.86,-0.25,0.97,20250103235550
托特纳姆热刺 vs 纽卡斯尔联,1-2,1-2,18*,0.87,-0.25,0.96,20250103231242
托特纳姆热刺 vs 纽卡斯尔联,1-2,1-2,18*,0.86,-0.25,0.96,20250103224218
托特纳姆热刺 vs 纽卡斯尔联,1-2,1-2,18*,0.86,-0.25,0.97,20250103223546
托特纳姆热刺 vs 纽卡斯尔联,1-2,1-2,18*,0.88,-0.25,0.95,20250103215742
托特纳姆热刺 vs 纽卡斯尔联,1-2,1-2,18*,0.87,-0.25,0.96,20250103202626
托特纳姆热刺 vs 纽卡斯尔联,1-2,1-2,18*,0.86,-0.25,0.97,20250103193433
托特纳姆热刺 vs 纽卡斯尔联,1-2,1-2,18*,0.85,-0.25,0.96,20250103152106
托特纳姆热刺 vs 纽卡斯尔联,1-2,1-2,18*,0.85,-0.25,0.95,20250103120313
托特纳姆热刺 vs 纽卡斯尔联,1-2,1-2,18*,0.85,-0.25,0.96,20250103114455
托特纳姆热刺 vs 纽卡斯尔联,1-2,1-2,18*,0.84,-0.25,0.97,20250103023515
托特纳姆热刺 vs 纽卡斯尔联,1-2,1-2,18*,0.84,-0.25,0.96,20250102220712
托特纳姆热刺 vs 纽卡斯尔联,1-2,1-2,18*,0.84,-0.25,0.97,20250102142256
托特纳姆热刺 vs 纽卡斯尔联,1-2,1-2,18*,0.85,-0.25,0.96,20250102125445
托特纳姆热刺 vs 纽卡斯尔联,1-2,1-2,18*,0.84,-0.25,0.96,20250102092646
托特纳姆热刺 vs 纽卡斯尔联,1-2,1-2,18*,0.84,-0.25,0.97,20250102044613
托特纳姆热刺 vs 纽卡斯尔联,1-2,1-2,18*,0.85,-0.25,0.96,20250102002025
托特纳姆热刺 vs 纽卡斯尔联,1-2,1-2,18*,0.84,-0.25,0.96,20250101203637
托特纳姆热刺 vs 纽卡斯尔联,1-2,1-2,18*,0.85,-0.25,0.96,20250101193324
托特纳姆热刺 vs 纽卡斯尔联,1-2,1-2,18*,0.83,-0.25,0.94,20250101182157
托特纳姆热刺 vs 纽卡斯尔联,1-2,1-2,18*,0.82,-0.25,0.94,20250101181843
托特纳姆热刺 vs 纽卡斯尔联,1-2,1-2,18*,0.82,-0.25,0.95,20250101135640
托特纳姆热刺 vs 纽卡斯尔联,1-2,1-2,18*,0.84,-0.25,0.93,20250101080301
托特纳姆热刺 vs 纽卡斯尔联,1-2,1-2,18*,0.83,-0.25,0.94,20250101025642
托特纳姆热刺 vs 纽卡斯尔联,1-2,1-2,18*,0.85,-0.25,0.92,20250101001333
托特纳姆热刺 vs 纽卡斯尔联,1-2,1-2,18*,0.86,-0.25,0.91,20241231213310
托特纳姆热刺 vs 纽卡斯尔联,1-2,1-2,18*,0.85,-0.25,0.91,20241231191652
托特纳姆热刺 vs 纽卡斯尔联,1-2,1-2,18*,0.85,-0.25,0.92,20241231163307
托特纳姆热刺 vs 纽卡斯尔联,1-2,1-2,18*,0.86,-0.25,0.91,20241231150748
托特纳姆热刺 vs 纽卡斯尔联,1-2,1-2,18*,0.85,-0.25,0.92,20241231122945
托特纳姆热刺 vs 纽卡斯尔联,1-2,1-2,18*,0.84,-0.25,0.93,20241231062405
托特纳姆热刺 vs 纽卡斯尔联,1-2,1-2,18*,0.78,-0.25,0.99,20241231055334
托特纳姆热刺 vs 纽卡斯尔联,1-2,1-2,18*,0.79,-0.25,0.98,20241231054548
托特纳姆热刺 vs 纽卡斯尔联,1-2,1-2,18*,0.81,-0.25,0.96,20241231044835
托特纳姆热刺 vs 纽卡斯尔联,1-2,1-2,18*,0.8,-0.25,0.97,20241231042518
托特纳姆热刺 vs 纽卡斯尔联,1-2,1-2,18*,0.78,-0.25,0.99,20241231042140
托特纳姆热刺 vs 纽卡斯尔联,1-2,1-2,18*,1.0,0.0,0.77,20241230213813
托特纳姆热刺 vs 纽卡斯尔联,1-2,1-2,18*,0.78,-0.25,0.99,20241230064605
托特纳姆热刺 vs 纽卡斯尔联,1-2,1-2,18*,0.77,-0.25,1.01,20241230060742
托特纳姆热刺 vs 纽卡斯尔联,1-2,1-2,18*,0.76,-0.25,1.02,20241230031531
托特纳姆热刺 vs 纽卡斯尔联,1-2,1-2,18*,0.75,-0.25,1.03,20241230012151
托特纳姆热刺 vs 纽卡斯尔联,1-2,1-2,18*,1.01,0.0,0.77,20241230011008
托特纳姆热刺 vs 纽卡斯尔联,1-2,1-2,18*,0.97,0.0,0.8,20241230010209
托特纳姆热刺 vs 纽卡斯尔联,1-2,1-2,18*,0.94,0.0,0.83,20241230000243
托特纳姆热刺 vs 纽卡斯尔联,1-2,1-2,18*,0.93,0.0,0.84,20241229161011
托特纳姆热刺 vs 纽卡斯尔联,1-2,1-2,18*,0.94,0.0,0.83,20241229160632
托特纳姆热刺 vs 纽卡斯尔联,1-2,1-2,18*,0.96,0.0,0.81,20241229013802
托特纳姆热刺 vs 纽卡斯尔联,1-2,1-2,18*,0.95,0.0,0.81,20241229002916
托特纳姆热刺 vs 纽卡斯尔联,1-2,1-2,18*,0.96,0.0,0.81,20241228023237
托特纳姆热刺 vs 纽卡斯尔联,1-2,1-2,18*,0.89,0.0,0.88,20241227231444
托特纳姆热刺 vs 纽卡斯尔联,1-2,1-2,18*,0.88,0.0,0.89,20241227204559
托特纳姆热刺 vs 纽卡斯尔联,1-2,1-2,18*,0.87,0.0,0.9,20241227195620
托特纳姆热刺 vs 纽卡斯尔联,1-2,1-2,18*,0.86,0.0,0.91,20241227104719
托特纳姆热刺 vs 纽卡斯尔联,1-2,1-2,18*,0.84,0.0,0.93,20241227064957
托特纳姆热刺 vs 纽卡斯尔联,1-2,1-2,18*,0.83,0.0,0.93,20241227055651
托特纳姆热刺 vs 纽卡斯尔联,1-2,1-2,18*,0.81,0.0,0.95,20241227050733
托特纳姆热刺 vs 纽卡斯尔联,1-2,1-2,18*,0.96,0.25,0.81,20241227034224
托特纳姆热刺 vs 纽卡斯尔联,1-2,1-2,18*,0.94,0.25,0.83,20241227000222
托特纳姆热刺 vs 纽卡斯尔联,1-2,1-2,18*,0.94,0.25,0.82,20241226235840
托特纳姆热刺 vs 纽卡斯尔联,1-2,1-2,平*,0.94,-0.75,0.97,20250104202940
托特纳姆热刺 vs 纽卡斯尔联,1-2,1-2,平*,0.94,-0.75,0.98,20250104202905
托特纳姆热刺 vs 纽卡斯尔联,1-2,1-2,平*,0.96,-0.75,0.96,20250104202755
托特纳姆热刺 vs 纽卡斯尔联,1-2,1-2,平*,0.93,-0.75,1.0,20250104202353
托特纳姆热刺 vs 纽卡斯尔联,1-2,1-2,平*,0.92,-0.75,1.0,20250104202211
托特纳姆热刺 vs 纽卡斯尔联,1-2,1-2,平*,0.93,-0.75,1.0,20250104200343
托特纳姆热刺 vs 纽卡斯尔联,1-2,1-2,平*,0.93,-0.75,0.99,20250104200232
托特纳姆热刺 vs 纽卡斯尔联,1-2,1-2,平*,0.93,-0.75,1.0,20250104195640
托特纳姆热刺 vs 纽卡斯尔联,1-2,1-2,平*,0.96,-0.75,0.96,20250104195605
托特纳姆热刺 vs 纽卡斯尔联,1-2,1-2,平*,0.94,-0.75,0.98,20250104195456
托特纳姆热刺 vs 纽卡斯尔联,1-2,1-2,平*,0.93,-0.75,0.98,20250104195345
托特纳姆热刺 vs 纽卡斯尔联,1-2,1-2,平*,0.94,-0.75,0.98,20250104194022
托特纳姆热刺 vs 纽卡斯尔联,1-2,1-2,平*,0.93,-0.75,1.0,20250104193318
托特纳姆热刺 vs 纽卡斯尔联,1-2,1-2,平*,0.93,-0.75,0.99,20250104193054
托特纳姆热刺 vs 纽卡斯尔联,1-2,1-2,平*,0.91,-0.75,1.01,20250104193017
托特纳姆热刺 vs 纽卡斯尔联,1-2,1-2,平*,0.95,-0.75,0.97,20250104192943
托特纳姆热刺 vs 纽卡斯尔联,1-2,1-2,平*,0.96,-0.75,0.96,20250104192835
托特纳姆热刺 vs 纽卡斯尔联,1-2,1-2,平*,0.95,-0.75,0.97,20250104192727
托特纳姆热刺 vs 纽卡斯尔联,1-2,1-2,平*,0.96,-0.75,0.96,20250104192032
托特纳姆热刺 vs 纽卡斯尔联,1-2,1-2,平*,0.92,-0.75,1.01,20250104191956
托特纳姆热刺 vs 纽卡斯尔联,1-2,1-2,平*,0.91,-0.75,1.02,20250104191921
托特纳姆热刺 vs 纽卡斯尔联,1-2,1-2,平*,0.88,-0.75,1.05,20250104191408
托特纳姆热刺 vs 纽卡斯尔联,1-2,1-2,平*,0.87,-0.75,1.06,20250104191333
托特纳姆热刺 vs 纽卡斯尔联,1-2,1-2,平*,0.88,-0.75,1.05,20250104191150
托特纳姆热刺 vs 纽卡斯尔联,1-2,1-2,平*,0.89,-0.75,1.03,20250104191115
托特纳姆热刺 vs 纽卡斯尔联,1-2,1-2,平*,0.9,-0.75,1.02,20250104191041
托特纳姆热刺 vs 纽卡斯尔联,1-2,1-2,平*,0.91,-0.75,1.02,20250104190641
托特纳姆热刺 vs 纽卡斯尔联,1-2,1-2,平*,0.92,-0.75,1.01,20250104190531
托特纳姆热刺 vs 纽卡斯尔联,1-2,1-2,平*,0.93,-0.75,1.0,20250104185752
托特纳姆热刺 vs 纽卡斯尔联,1-2,1-2,平*,0.92,-0.75,1.01,20250104185717
托特纳姆热刺 vs 纽卡斯尔联,1-2,1-2,平*,0.93,-0.75,1.0,20250104184159
托特纳姆热刺 vs 纽卡斯尔联,1-2,1-2,平*,0.91,-0.75,1.02,20250104183941
托特纳姆热刺 vs 纽卡斯尔联,1-2,1-2,平*,0.88,-0.75,1.06,20250104183906
托特纳姆热刺 vs 纽卡斯尔联,1-2,1-2,平*,0.88,-0.75,1.05,20250104183759
托特纳姆热刺 vs 纽卡斯尔联,1-2,1-2,平*,0.85,-0.75,1.06,20250104182730
托特纳姆热刺 vs 纽卡斯尔联,1-2,1-2,平*,0.87,-0.75,1.07,20250104182142
托特纳姆热刺 vs 纽卡斯尔联,1-2,1-2,平*,0.87,-0.75,1.06,20250104174500
托特纳姆热刺 vs 纽卡斯尔联,1-2,1-2,平*,0.87,-0.75,1.07,20250104173705
托特纳姆热刺 vs 纽卡斯尔联,1-2,1-2,平*,0.87,-0.75,1.06,20250104173449
托特纳姆热刺 vs 纽卡斯尔联,1-2,1-2,平*,0.87,-0.75,1.07,20250104173016
托特纳姆热刺 vs 纽卡斯尔联,1-2,1-2,平*,1.06,-0.5,0.85,20250104172326
托特纳姆热刺 vs 纽卡斯尔联,1-2,1-2,平*,0.87,-0.75,1.07,20250104171103
托特纳姆热刺 vs 纽卡斯尔联,1-2,1-2,平*,1.06,-0.5,0.85,20250104170120
托特纳姆热刺 vs 纽卡斯尔联,1-2,1-2,平*,0.85,-0.75,1.06,20250104170046
托特纳姆热刺 vs 纽卡斯尔联,1-2,1-2,平*,0.88,-0.75,1.06,20250104165427
托特纳姆热刺 vs 纽卡斯尔联,1-2,1-2,平*,0.88,-0.75,1.05,20250104165246
托特纳姆热刺 vs 纽卡斯尔联,1-2,1-2,平*,0.87,-0.75,1.06,20250104165035
托特纳姆热刺 vs 纽卡斯尔联,1-2,1-2,平*,0.85,-0.75,1.06,20250104164959
托特纳姆热刺 vs 纽卡斯尔联,1-2,1-2,平*,1.04,-0.5,0.88,20250104163748
托特纳姆热刺 vs 纽卡斯尔联,1-2,1-2,平*,1.05,-0.5,0.88,20250104163100
托特纳姆热刺 vs 纽卡斯尔联,1-2,1-2,平*,1.04,-0.5,0.88,20250104162252
托特纳姆热刺 vs 纽卡斯尔联,1-2,1-2,平*,1.03,-0.5,0.88,20250104161922
托特纳姆热刺 vs 纽卡斯尔联,1-2,1-2,平*,1.04,-0.5,0.88,20250104161616
托特纳姆热刺 vs 纽卡斯尔联,1-2,1-2,平*,1.04,-0.5,0.87,20250104160857
托特纳姆热刺 vs 纽卡斯尔联,1-2,1-2,平*,1.02,-0.5,0.88,20250104160742
托特纳姆热刺 vs 纽卡斯尔联,1-2,1-2,平*,1.01,-0.5,0.9,20250104160117
托特纳姆热刺 vs 纽卡斯尔联,1-2,1-2,平*,1.0,-0.5,0.9,20250104160000
托特纳姆热刺 vs 纽卡斯尔联,1-2,1-2,平*,1.0,-0.5,0.91,20250104155446
托特纳姆热刺 vs 纽卡斯尔联,1-2,1-2,平*,0.99,-0.5,0.91,20250104155337
托特纳姆热刺 vs 纽卡斯尔联,1-2,1-2,平*,1.0,-0.5,0.91,20250104154448
托特纳姆热刺 vs 纽卡斯尔联,1-2,1-2,平*,1.02,-0.5,0.89,20250104154153
托特纳姆热刺 vs 纽卡斯尔联,1-2,1-2,平*,1.01,-0.5,0.89,20250104154118
托特纳姆热刺 vs 纽卡斯尔联,1-2,1-2,平*,1.01,-0.5,0.9,20250104152514
托特纳姆热刺 vs 纽卡斯尔联,1-2,1-2,平*,0.98,-0.5,0.93,20250104151635
托特纳姆热刺 vs 纽卡斯尔联,1-2,1-2,平*,0.97,-0.5,0.93,20250104134324
托特纳姆热刺 vs 纽卡斯尔联,1-2,1-2,平*,0.95,-0.5,0.95,20250104132954
托特纳姆热刺 vs 纽卡斯尔联,1-2,1-2,平*,0.94,-0.5,0.96,20250104132515
托特纳姆热刺 vs 纽卡斯尔联,1-2,1-2,平*,0.95,-0.5,0.95,20250104131455
托特纳姆热刺 vs 纽卡斯尔联,1-2,1-2,平*,0.94,-0.5,0.96,20250104130734
托特纳姆热刺 vs 纽卡斯尔联,1-2,1-2,平*,0.95,-0.5,0.95,20250104130111
托特纳姆热刺 vs 纽卡斯尔联,1-2,1-2,平*,0.96,-0.5,0.94,20250104123912
托特纳姆热刺 vs 纽卡斯尔联,1-2,1-2,平*,0.95,-0.5,0.95,20250104123507
托特纳姆热刺 vs 纽卡斯尔联,1-2,1-2,平*,0.97,-0.5,0.93,20250104123432
托特纳姆热刺 vs 纽卡斯尔联,1-2,1-2,平*,1.01,-0.5,0.9,20250104114905
托特纳姆热刺 vs 纽卡斯尔联,1-2,1-2,平*,1.0,-0.5,0.9,20250104103309
托特纳姆热刺 vs 纽卡斯尔联,1-2,1-2,平*,1.02,-0.5,0.89,20250104093855
托特纳姆热刺 vs 纽卡斯尔联,1-2,1-2,平*,1.03,-0.5,0.88,20250104082512
托特纳姆热刺 vs 纽卡斯尔联,1-2,1-2,平*,1.04,-0.5,0.88,20250104065617
托特纳姆热刺 vs 纽卡斯尔联,1-2,1-2,平*,1.04,-0.5,0.87,20250104062458
托特纳姆热刺 vs 纽卡斯尔联,1-2,1-2,平*,1.03,-0.5,0.88,20250104061650
托特纳姆热刺 vs 纽卡斯尔联,1-2,1-2,平*,1.01,-0.5,0.89,20250104060642
托特纳姆热刺 vs 纽卡斯尔联,1-2,1-2,平*,0.88,-0.75,1.04,20250104060548
托特纳姆热刺 vs 纽卡斯尔联,1-2,1-2,平*,1.01,-0.5,0.9,20250104054740
托特纳姆热刺 vs 纽卡斯尔联,1-2,1-2,平*,1.0,-0.5,0.91,20250104054121
托特纳姆热刺 vs 纽卡斯尔联,1-2,1-2,平*,1.04,-0.5,0.87,20250104051705
托特纳姆热刺 vs 纽卡斯尔联,1-2,1-2,平*,1.05,-0.5,0.86,20250104051327
托特纳姆热刺 vs 纽卡斯尔联,1-2,1-2,平*,0.99,-0.5,0.92,20250104051138
托特纳姆热刺 vs 纽卡斯尔联,1-2,1-2,平*,1.02,-0.5,0.89,20250104051040
托特纳姆热刺 vs 纽卡斯尔联,1-2,1-2,平*,0.93,-0.5,0.97,20250104050757
托特纳姆热刺 vs 纽卡斯尔联,1-2,1-2,平*,0.94,-0.5,0.96,20250104050704
托特纳姆热刺 vs 纽卡斯尔联,1-2,1-2,平*,0.88,-0.5,1.02,20250104045901
托特纳姆热刺 vs 纽卡斯尔联,1-2,1-2,平*,0.88,-0.5,1.04,20250104043310
托特纳姆热刺 vs 纽卡斯尔联,1-2,1-2,平*,0.85,-0.5,1.07,20250104041321
托特纳姆热刺 vs 纽卡斯尔联,1-2,1-2,平*,1.05,-0.25,0.86,20250104041131
托特纳姆热刺 vs 纽卡斯尔联,1-2,1-2,平*,0.84,-0.5,1.07,20250104040943
托特纳姆热刺 vs 纽卡斯尔联,1-2,1-2,平*,0.84,-0.5,1.08,20250104040606
托特纳姆热刺 vs 纽卡斯尔联,1-2,1-2,平*,0.99,-0.25,0.92,20250104031416
托特纳姆热刺 vs 纽卡斯尔联,1-2,1-2,平*,0.95,-0.25,0.95,20250104031041
托特纳姆热刺 vs 纽卡斯尔联,1-2,1-2,平*,0.94,-0.25,0.96,20250104024253
托特纳姆热刺 vs 纽卡斯尔联,1-2,1-2,平*,0.92,-0.25,0.99,20250104020802
托特纳姆热刺 vs 纽卡斯尔联,1-2,1-2,平*,0.91,-0.25,0.99,20250104003931
托特纳姆热刺 vs 纽卡斯尔联,1-2,1-2,平*,0.9,-0.25,1.01,20250103231133
托特纳姆热刺 vs 纽卡斯尔联,1-2,1-2,平*,0.89,-0.25,1.01,20250103224121
托特纳姆热刺 vs 纽卡斯尔联,1-2,1-2,平*,0.89,-0.25,1.02,20250103223251
托特纳姆热刺 vs 纽卡斯尔联,1-2,1-2,平*,0.94,-0.25,0.96,20250103220431
托特纳姆热刺 vs 纽卡斯尔联,1-2,1-2,平*,0.93,-0.25,0.98,20250103215513
托特纳姆热刺 vs 纽卡斯尔联,1-2,1-2,平*,0.92,-0.25,0.99,20250103214633
托特纳姆热刺 vs 纽卡斯尔联,1-2,1-2,平*,0.91,-0.25,1.0,20250103212835
托特纳姆热刺 vs 纽卡斯尔联,1-2,1-2,平*,0.9,-0.25,1.01,20250103202558
托特纳姆热刺 vs 纽卡斯尔联,1-2,1-2,平*,0.88,-0.25,1.02,20250103182242
托特纳姆热刺 vs 纽卡斯尔联,1-2,1-2,平*,0.88,-0.25,1.03,20250103121934
托特纳姆热刺 vs 纽卡斯尔联,1-2,1-2,平*,0.88,-0.25,1.02,20250103121840
托特纳姆热刺 vs 纽卡斯尔联,1-2,1-2,平*,0.89,-0.25,1.01,20250102215452
托特纳姆热刺 vs 纽卡斯尔联,1-2,1-2,平*,0.89,-0.25,1.02,20250102001840
托特纳姆热刺 vs 纽卡斯尔联,1-2,1-2,平*,0.88,-0.25,1.02,20250101020359
托特纳姆热刺 vs 纽卡斯尔联,1-2,1-2,平*,0.93,-0.25,0.98,20250101000025
托特纳姆热刺 vs 纽卡斯尔联,1-2,1-2,平*,0.93,-0.25,0.97,20241231184956
托特纳姆热刺 vs 纽卡斯尔联,1-2,1-2,平*,0.93,-0.25,0.98,20241231145210
托特纳姆热刺 vs 纽卡斯尔联,1-2,1-2,平*,0.92,-0.25,0.99,20241231084940
托特纳姆热刺 vs 纽卡斯尔联,1-2,1-2,平*,0.91,-0.25,1.0,20241231072001
托特纳姆热刺 vs 纽卡斯尔联,1-2,1-2,平*,0.9,-0.25,1.01,20241231055548
托特纳姆热刺 vs 纽卡斯尔联,1-2,1-2,平*,0.87,-0.25,1.05,20241231054420
托特纳姆热刺 vs 纽卡斯尔联,1-2,1-2,平*,0.87,-0.25,1.04,20241231054141
托特纳姆热刺 vs 纽卡斯尔联,1-2,1-2,平*,0.88,-0.25,1.03,20241231054049
托特纳姆热刺 vs 纽卡斯尔联,1-2,1-2,平*,0.88,-0.25,1.02,20241231053009
托特纳姆热刺 vs 纽卡斯尔联,1-2,1-2,平*,0.89,-0.25,1.01,20241231045918
托特纳姆热刺 vs 纽卡斯尔联,1-2,1-2,平*,0.92,-0.25,0.99,20241231044649
托特纳姆热刺 vs 纽卡斯尔联,1-2,1-2,平*,0.88,-0.25,0.97,20241231042107
托特纳姆热刺 vs 纽卡斯尔联,1-2,1-2,平*,0.85,-0.25,1.01,20241231041641
托特纳姆热刺 vs 纽卡斯尔联,1-2,1-2,平*,1.06,0.0,0.81,20241230212602
托特纳姆热刺 vs 纽卡斯尔联,1-2,1-2,平*,1.08,0.0,0.79,20241230212415
托特纳姆热刺 vs 纽卡斯尔联,1-2,1-2,平*,0.82,-0.25,1.05,20241230063542
托特纳姆热刺 vs 纽卡斯尔联,1-2,1-2,平*,0.8,-0.25,1.07,20241230031240
托特纳姆热刺 vs 纽卡斯尔联,1-2,1-2,平*,1.07,0.0,0.8,20241230010124
托特纳姆热刺 vs 纽卡斯尔联,1-2,1-2,平*,0.97,0.0,0.88,20241229160134
托特纳姆热刺 vs 纽卡斯尔联,1-2,1-2,平*,1.03,0.0,0.83,20241229001442
托特纳姆热刺 vs 纽卡斯尔联,1-2,1-2,平*,1.01,0.0,0.85,20241228235922
托特纳姆热刺 vs 纽卡斯尔联,1-2,1-2,平*,1.03,0.0,0.83,20241228020453
托特纳姆热刺 vs 纽卡斯尔联,1-2,1-2,平*,1.04,0.0,0.82,20241228015825
托特纳姆热刺 vs 纽卡斯尔联,1-2,1-2,平*,0.94,0.0,0.91,20241227230944
托特纳姆热刺 vs 纽卡斯尔联,1-2,1-2,平*,0.92,0.0,0.93,20241227185405
托特纳姆热刺 vs 纽卡斯尔联,1-2,1-2,平*,0.89,0.0,0.96,20241227060144
托特纳姆热刺 vs 纽卡斯尔联,1-2,1-2,平*,0.85,0.0,0.97,20241227050037
托特纳姆热刺 vs 纽卡斯尔联,1-2,1-2,香港马*,0.91,-0.75,0.91,20250104202932
托特纳姆热刺 vs 纽卡斯尔联,1-2,1-2,香港马*,0.93,-0.75,0.89,20250104200544
托特纳姆热刺 vs 纽卡斯尔联,1-2,1-2,香港马*,0.95,-0.75,0.87,20250104194814
托特纳姆热刺 vs 纽卡斯尔联,1-2,1-2,香港马*,0.92,-0.75,0.9,20250104193956
托特纳姆热刺 vs 纽卡斯尔联,1-2,1-2,香港马*,0.91,-0.75,0.91,20250104192153
托特纳姆热刺 vs 纽卡斯尔联,1-2,1-2,香港马*,0.87,-0.75,0.95,20250104192110
托特纳姆热刺 vs 纽卡斯尔联,1-2,1-2,香港马*,0.82,-0.75,1.0,20250104191505
托特纳姆热刺 vs 纽卡斯尔联,1-2,1-2,香港马*,0.87,-0.75,0.95,20250104184108
托特纳姆热刺 vs 纽卡斯尔联,1-2,1-2,香港马*,0.82,-0.75,1.0,20250104174655
托特纳姆热刺 vs 纽卡斯尔联,1-2,1-2,香港马*,0.78,-0.75,1.05,20250104120041
托特纳姆热刺 vs 纽卡斯尔联,1-2,1-2,香港马*,0.76,-0.75,1.02,20250104102210
托特纳姆热刺 vs 纽卡斯尔联,1-2,1-2,香港马*,1.15,-0.25,0.66,20250104083220
托特纳姆热刺 vs 纽卡斯尔联,1-2,1-2,香港马*,1.12,-0.25,0.68,20250104051530
托特纳姆热刺 vs 纽卡斯尔联,1-2,1-2,香港马*,1.03,-0.25,0.75,20250104051158
托特纳姆热刺 vs 纽卡斯尔联,1-2,1-2,香港马*,0.98,-0.25,0.79,20250104051117
托特纳姆热刺 vs 纽卡斯尔联,1-2,1-2,香港马*,0.93,-0.25,0.83,20250104050746
托特纳姆热刺 vs 纽卡斯尔联,1-2,1-2,香港马*,0.88,-0.25,0.88,20250104041639
托特纳姆热刺 vs 纽卡斯尔联,1-2,1-2,香港马*,0.85,-0.25,0.91,20250104041213
托特纳姆热刺 vs 纽卡斯尔联,1-2,1-2,香港马*,0.81,-0.25,0.96,20250102193157
托特纳姆热刺 vs 纽卡斯尔联,1-2,1-2,威*,0.86,-0.75,0.99,20250104200316
托特纳姆热刺 vs 纽卡斯尔联,1-2,1-2,威*,0.85,-0.75,0.99,20250104195000
托特纳姆热刺 vs 纽卡斯尔联,1-2,1-2,威*,0.86,-0.75,0.99,20250104193639
托特纳姆热刺 vs 纽卡斯尔联,1-2,1-2,威*,0.83,-0.75,0.96,20250104192313
托特纳姆热刺 vs 纽卡斯尔联,1-2,1-2,威*,0.85,-0.75,0.99,20250104190945
托特纳姆热刺 vs 纽卡斯尔联,1-2,1-2,威*,0.98,-0.5,0.81,20250104171952
托特纳姆热刺 vs 纽卡斯尔联,1-2,1-2,威*,0.93,-0.5,0.86,20250104160226
托特纳姆热刺 vs 纽卡斯尔联,1-2,1-2,威*,0.88,-0.5,0.9,20250104153622
托特纳姆热刺 vs 纽卡斯尔联,1-2,1-2,威*,0.92,-0.5,0.87,20250104125926
托特纳姆热刺 vs 纽卡斯尔联,1-2,1-2,威*,0.94,-0.5,0.85,20250104061119
托特纳姆热刺 vs 纽卡斯尔联,1-2,1-2,威*,0.85,-0.5,0.94,20250104053217
托特纳姆热刺 vs 纽卡斯尔联,1-2,1-2,威*,0.8,-0.5,1.0,20250104050604
托特纳姆热刺 vs 纽卡斯尔联,1-2,1-2,威*,0.8,-0.5,1.05,20250104043940
托特纳姆热刺 vs 纽卡斯尔联,1-2,1-2,威*,0.99,-0.25,0.8,20250104042630
托特纳姆热刺 vs 纽卡斯尔联,1-2,1-2,威*,0.73,-0.5,1.15,20250104033201
托特纳姆热刺 vs 纽卡斯尔联,1-2,1-2,威*,0.86,-0.25,0.93,20250104023421
托特纳姆热刺 vs 纽卡斯尔联,1-2,1-2,威*,0.82,-0.25,0.99,20250104015023
托特纳姆热刺 vs 纽卡斯尔联,1-2,1-2,威*,0.81,-0.25,0.99,20250103220341
托特纳姆热刺 vs 纽卡斯尔联,1-2,1-2,威*,0.83,-0.25,0.96,20250103190217
托特纳姆热刺 vs 纽卡斯尔联,1-2,1-2,威*,0.81,-0.25,0.99,20250103180345
托特纳姆热刺 vs 纽卡斯尔联,1-2,1-2,威*,0.83,-0.25,0.97,20250103134016
托特纳姆热刺 vs 纽卡斯尔联,1-2,1-2,威*,0.81,-0.25,0.99,20250103132105
托特纳姆热刺 vs 纽卡斯尔联,1-2,1-2,威*,0.85,-0.25,0.95,20250103120424
托特纳姆热刺 vs 纽卡斯尔联,1-2,1-2,威*,0.82,-0.25,0.98,20250103075533
托特纳姆热刺 vs 纽卡斯尔联,1-2,1-2,威*,0.82,-0.25,0.97,20250103025140
托特纳姆热刺 vs 纽卡斯尔联,1-2,1-2,威*,0.85,-0.25,0.94,20250102190215
托特纳姆热刺 vs 纽卡斯尔联,1-2,1-2,威*,0.84,-0.25,0.95,20250102143750
托特纳姆热刺 vs 纽卡斯尔联,1-2,1-2,威*,0.85,-0.25,0.95,20250102075405
托特纳姆热刺 vs 纽卡斯尔联,1-2,1-2,威*,0.84,-0.25,0.95,20250101200258
托特纳姆热刺 vs 纽卡斯尔联,1-2,1-2,威*,0.85,-0.25,0.95,20241231204516
托特纳姆热刺 vs 纽卡斯尔联,1-2,1-2,威*,0.86,-0.25,0.94,20241231195147
托特纳姆热刺 vs 纽卡斯尔联,1-2,1-2,威*,0.82,-0.25,0.98,20241231143029
托特纳姆热刺 vs 纽卡斯尔联,1-2,1-2,威*,0.81,-0.25,0.97,20241231064703
托特纳姆热刺 vs 纽卡斯尔联,1-2,1-2,威*,0.67,-0.5,1.25,20241231045924
托特纳姆热刺 vs 纽卡斯尔联,1-2,1-2,威*,0.78,-0.25,1.03,20241230101945
托特纳姆热刺 vs 纽卡斯尔联,1-2,1-2,威*,0.78,-0.25,1.02,20241230070453
托特纳姆热刺 vs 纽卡斯尔联,1-2,1-2,威*,1.03,0.0,0.78,20241230014554
托特纳姆热刺 vs 纽卡斯尔联,1-2,1-2,威*,1.0,0.0,0.81,20241229025201
托特纳姆热刺 vs 纽卡斯尔联,1-2,1-2,威*,0.96,0.0,0.85,20241228173600
托特纳姆热刺 vs 纽卡斯尔联,1-2,1-2,威*,0.96,0.0,0.84,20241228022952
托特纳姆热刺 vs 纽卡斯尔联,1-2,1-2,威*,0.92,0.0,0.88,20241228014522
托特纳姆热刺 vs 纽卡斯尔联,1-2,1-2,威*,0.88,0.0,0.92,20241227224651
托特纳姆热刺 vs 纽卡斯尔联,1-2,1-2,威*,0.96,0.0,0.84,20241227101841
托特纳姆热刺 vs 纽卡斯尔联,1-2,1-2,威*,0.84,0.0,0.96,20241227070632
托特纳姆热刺 vs 纽卡斯尔联,1-2,1-2,威*,0.85,0.0,0.97,20241227053703
托特纳姆热刺 vs 纽卡斯尔联,1-2,1-2,威*,0.76,0.0,1.05,20241227045225
托特纳姆热刺 vs 纽卡斯尔联,1-2,1-2,威*,1.45,0.5,0.6,20241227040744
托特纳姆热刺 vs 纽卡斯尔联,1-2,1-2,Interwet*,0.95,-0.5,0.83,20250104200845
托特纳姆热刺 vs 纽卡斯尔联,1-2,1-2,Interwet*,0.97,-0.5,0.8,20250104200253
托特纳姆热刺 vs 纽卡斯尔联,1-2,1-2,Interwet*,0.95,-0.5,0.83,20250104193652
托特纳姆热刺 vs 纽卡斯尔联,1-2,1-2,Interwet*,1.0,-0.5,0.8,20250104193206
托特纳姆热刺 vs 纽卡斯尔联,1-2,1-2,Interwet*,0.97,-0.5,0.83,20250104192741
托特纳姆热刺 vs 纽卡斯尔联,1-2,1-2,Interwet*,0.95,-0.5,0.85,20250104191319
托特纳姆热刺 vs 纽卡斯尔联,1-2,1-2,Interwet*,0.97,-0.5,0.8,20250104184445
托特纳姆热刺 vs 纽卡斯尔联,1-2,1-2,Interwet*,0.95,-0.5,0.85,20250104183442
托特纳姆热刺 vs 纽卡斯尔联,1-2,1-2,Interwet*,0.95,-0.5,0.83,20250104175713
托特纳姆热刺 vs 纽卡斯尔联,1-2,1-2,Interwet*,0.95,-0.5,0.85,20250104165948
托特纳姆热刺 vs 纽卡斯尔联,1-2,1-2,Interwet*,0.95,-0.5,0.9,20250104164530
托特纳姆热刺 vs 纽卡斯尔联,1-2,1-2,Interwet*,0.95,-0.5,0.85,20250104163904
托特纳姆热刺 vs 纽卡斯尔联,1-2,1-2,Interwet*,0.9,-0.5,0.9,20250104152244
托特纳姆热刺 vs 纽卡斯尔联,1-2,1-2,Interwet*,0.9,-0.5,0.95,20250104150906
托特纳姆热刺 vs 纽卡斯尔联,1-2,1-2,Interwet*,0.85,-0.5,0.95,20250104141018
托特纳姆热刺 vs 纽卡斯尔联,1-2,1-2,Interwet*,0.9,-0.5,0.9,20250104135929
托特纳姆热刺 vs 纽卡斯尔联,1-2,1-2,Interwet*,0.9,-0.5,0.95,20250104133936
托特纳姆热刺 vs 纽卡斯尔联,1-2,1-2,Interwet*,0.85,-0.5,0.95,20250104131814
托特纳姆热刺 vs 纽卡斯尔联,1-2,1-2,Interwet*,0.9,-0.5,0.9,20250104114742
托特纳姆热刺 vs 纽卡斯尔联,1-2,1-2,Interwet*,0.95,-0.5,0.85,20250104111456
托特纳姆热刺 vs 纽卡斯尔联,1-2,1-2,Interwet*,0.9,-0.5,0.9,20250104092829
托特纳姆热刺 vs 纽卡斯尔联,1-2,1-2,Interwet*,0.95,-0.5,0.85,20250104070131
托特纳姆热刺 vs 纽卡斯尔联,1-2,1-2,Interwet*,0.95,-0.5,0.9,20250104063427
托特纳姆热刺 vs 纽卡斯尔联,1-2,1-2,Interwet*,0.95,-0.5,0.85,20250104062042
托特纳姆热刺 vs 纽卡斯尔联,1-2,1-2,Interwet*,0.9,-0.5,0.9,20250104061237
托特纳姆热刺 vs 纽卡斯尔联,1-2,1-2,Interwet*,0.95,-0.5,0.9,20250104054631
托特纳姆热刺 vs 纽卡斯尔联,1-2,1-2,Interwet*,0.9,-0.5,0.9,20250104054159
托特纳姆热刺 vs 纽卡斯尔联,1-2,1-2,Interwet*,0.95,-0.5,0.85,20250104053249
托特纳姆热刺 vs 纽卡斯尔联,1-2,1-2,Interwet*,0.9,-0.5,0.9,20250104052151
托特纳姆热刺 vs 纽卡斯尔联,1-2,1-2,Interwet*,0.85,-0.5,0.95,20250104051642
托特纳姆热刺 vs 纽卡斯尔联,1-2,1-2,Interwet*,0.8,-0.5,1.0,20250104044640
托特纳姆热刺 vs 纽卡斯尔联,1-2,1-2,Interwet*,0.75,-0.5,1.05,20250104043722
托特纳姆热刺 vs 纽卡斯尔联,1-2,1-2,Interwet*,0.75,-0.5,1.1,20250104042615
托特纳姆热刺 vs 纽卡斯尔联,1-2,1-2,Interwet*,0.73,-0.5,1.1,20250104042156
托特纳姆热刺 vs 纽卡斯尔联,1-2,1-2,Interwet*,0.7,-0.5,1.15,20250104041731
托特纳姆热刺 vs 纽卡斯尔联,1-2,1-2,Interwet*,1.15,0.0,0.63,20250104041310
托特纳姆热刺 vs 纽卡斯尔联,1-2,1-2,Interwet*,1.15,0.0,0.65,20250104024704
托特纳姆热刺 vs 纽卡斯尔联,1-2,1-2,Interwet*,1.1,0.0,0.67,20250102095201
托特纳姆热刺 vs 纽卡斯尔联,1-2,1-2,Interwet*,1.1,0.0,0.65,20250101035908
托特纳姆热刺 vs 纽卡斯尔联,1-2,1-2,Interwet*,1.15,0.0,0.65,20250101021324
托特纳姆热刺 vs 纽卡斯尔联,1-2,1-2,Interwet*,1.15,0.0,0.63,20241231144502
托特纳姆热刺 vs 纽卡斯尔联,1-2,1-2,Interwet*,1.15,0.0,0.65,20241231060448
托特纳姆热刺 vs 纽卡斯尔联,1-2,1-2,Interwet*,1.1,0.0,0.67,20241231043746
托特纳姆热刺 vs 纽卡斯尔联,1-2,1-2,Interwet*,1.1,0.0,0.7,20241231042957
托特纳姆热刺 vs 纽卡斯尔联,1-2,1-2,Interwet*,1.05,0.0,0.7,20241231042127
托特纳姆热刺 vs 纽卡斯尔联,1-2,1-2,Interwet*,1.0,0.0,0.75,20241230213235
托特纳姆热刺 vs 纽卡斯尔联,1-2,1-2,Interwet*,1.05,0.0,0.73,20241230212805
托特纳姆热刺 vs 纽卡斯尔联,1-2,1-2,Interwet*,1.05,0.0,0.7,20241230032039
托特纳姆热刺 vs 纽卡斯尔联,1-2,1-2,Interwet*,0.97,0.0,0.75,20241230031519
托特纳姆热刺 vs 纽卡斯尔联,1-2,1-2,Interwet*,1.05,0.0,0.73,20241230011536
托特纳姆热刺 vs 纽卡斯尔联,1-2,1-2,Interwet*,0.95,0.0,0.77,20241230010729
托特纳姆热刺 vs 纽卡斯尔联,1-2,1-2,Interwet*,0.95,0.0,0.8,20241229234323
托特纳姆热刺 vs 纽卡斯尔联,1-2,1-2,Interwet*,0.9,0.0,0.8,20241229161534
托特纳姆热刺 vs 纽卡斯尔联,1-2,1-2,Interwet*,0.95,0.0,0.8,20241228071947
托特纳姆热刺 vs 纽卡斯尔联,1-2,1-2,Interwet*,0.9,0.0,0.83,20241228020313
托特纳姆热刺 vs 纽卡斯尔联,1-2,1-2,Interwet*,0.85,0.0,0.85,20241228012041
托特纳姆热刺 vs 纽卡斯尔联,1-2,1-2,Interwet*,0.85,0.0,0.9,20241227222417
托特纳姆热刺 vs 纽卡斯尔联,1-2,1-2,Interwet*,0.85,0.0,0.85,20241227222020
托特纳姆热刺 vs 纽卡斯尔联,1-2,1-2,Interwet*,0.85,0.0,0.9,20241227093724
托特纳姆热刺 vs 纽卡斯尔联,1-2,1-2,Interwet*,0.83,0.0,0.9,20241227053553
托特纳姆热刺 vs 纽卡斯尔联,1-2,1-2,Interwet*,0.8,0.0,0.95,20241227050805
托特纳姆热刺 vs 纽卡斯尔联,1-2,1-2,Interwet*,0.77,0.0,0.95,20241227050409
托特纳姆热刺 vs 纽卡斯尔联,1-2,1-2,Interwet*,0.63,0.0,1.15,20241227033930
托特纳姆热刺 vs 纽卡斯尔联,1-2,1-2,Interwet*,0.63,0.0,1.2,20241227000300
