Teams,FT Score,HT Score,Bookmaker,Home Odds,Handicap,Away Odds,Timestamp
阿森纳 vs 托特纳姆热刺,2-1,2-1,澳*,1.02,1.5,0.84,20250116025126
阿森纳 vs 托特纳姆热刺,2-1,2-1,澳*,0.98,1.5,0.88,20250115222306
阿森纳 vs 托特纳姆热刺,2-1,2-1,澳*,0.94,1.5,0.92,20250115183338
阿森纳 vs 托特纳姆热刺,2-1,2-1,澳*,1.0,1.5,0.86,20250115183245
阿森纳 vs 托特纳姆热刺,2-1,2-1,澳*,1.06,1.5,0.8,20250115181422
阿森纳 vs 托特纳姆热刺,2-1,2-1,澳*,0.94,1.5,0.92,20250115180858
阿森纳 vs 托特纳姆热刺,2-1,2-1,澳*,0.98,1.5,0.88,20250115144042
阿森纳 vs 托特纳姆热刺,2-1,2-1,澳*,0.82,1.25,1.04,20250115123653
阿森纳 vs 托特纳姆热刺,2-1,2-1,澳*,0.92,1.25,0.94,20250114214150
阿森纳 vs 托特纳姆热刺,2-1,2-1,澳*,1.06,1.5,0.8,20250113101541
阿森纳 vs 托特纳姆热刺,2-1,2-1,澳*,1.05,1.5,0.81,20250113072112
阿森纳 vs 托特纳姆热刺,2-1,2-1,澳*,1.0,1.5,0.86,20250112182241
阿森纳 vs 托特纳姆热刺,2-1,2-1,Crow*,1.09,1.5,0.8,20250116035156
阿森纳 vs 托特纳姆热刺,2-1,2-1,Crow*,1.07,1.5,0.82,20250116035019
阿森纳 vs 托特纳姆热刺,2-1,2-1,Crow*,1.06,1.5,0.83,20250116032742
阿森纳 vs 托特纳姆热刺,2-1,2-1,Crow*,1.05,1.5,0.84,20250116031945
阿森纳 vs 托特纳姆热刺,2-1,2-1,Crow*,1.07,1.5,0.82,20250116031223
阿森纳 vs 托特纳姆热刺,2-1,2-1,Crow*,1.06,1.5,0.83,20250116031115
阿森纳 vs 托特纳姆热刺,2-1,2-1,Crow*,1.05,1.5,0.84,20250116030609
阿森纳 vs 托特纳姆热刺,2-1,2-1,Crow*,1.04,1.5,0.85,20250116025736
阿森纳 vs 托特纳姆热刺,2-1,2-1,Crow*,1.03,1.5,0.86,20250116025549
阿森纳 vs 托特纳姆热刺,2-1,2-1,Crow*,1.0,1.5,0.89,20250116025338
阿森纳 vs 托特纳姆热刺,2-1,2-1,Crow*,1.01,1.5,0.88,20250116025304
阿森纳 vs 托特纳姆热刺,2-1,2-1,Crow*,0.82,1.25,1.07,20250116025157
阿森纳 vs 托特纳姆热刺,2-1,2-1,Crow*,0.84,1.25,1.05,20250116024938
阿森纳 vs 托特纳姆热刺,2-1,2-1,Crow*,0.87,1.25,1.02,20250116024904
阿森纳 vs 托特纳姆热刺,2-1,2-1,Crow*,0.88,1.25,1.01,20250116024830
阿森纳 vs 托特纳姆热刺,2-1,2-1,Crow*,0.87,1.25,1.02,20250116024722
阿森纳 vs 托特纳姆热刺,2-1,2-1,Crow*,0.86,1.25,1.03,20250116024538
阿森纳 vs 托特纳姆热刺,2-1,2-1,Crow*,0.85,1.25,1.04,20250116024503
阿森纳 vs 托特纳姆热刺,2-1,2-1,Crow*,1.11,1.5,0.79,20250116024428
阿森纳 vs 托特纳姆热刺,2-1,2-1,Crow*,1.08,1.5,0.81,20250116024319
阿森纳 vs 托特纳姆热刺,2-1,2-1,Crow*,1.07,1.5,0.82,20250116024135
阿森纳 vs 托特纳姆热刺,2-1,2-1,Crow*,1.01,1.5,0.88,20250116014500
阿森纳 vs 托特纳姆热刺,2-1,2-1,Crow*,1.0,1.5,0.89,20250116014352
阿森纳 vs 托特纳姆热刺,2-1,2-1,Crow*,1.01,1.5,0.88,20250116014022
阿森纳 vs 托特纳姆热刺,2-1,2-1,Crow*,1.02,1.5,0.87,20250116004639
阿森纳 vs 托特纳姆热刺,2-1,2-1,Crow*,1.01,1.5,0.88,20250116000721
阿森纳 vs 托特纳姆热刺,2-1,2-1,Crow*,1.0,1.5,0.89,20250115235815
阿森纳 vs 托特纳姆热刺,2-1,2-1,Crow*,0.99,1.5,0.9,20250115234834
阿森纳 vs 托特纳姆热刺,2-1,2-1,Crow*,1.0,1.5,0.89,20250115233036
阿森纳 vs 托特纳姆热刺,2-1,2-1,Crow*,0.99,1.5,0.9,20250115232923
阿森纳 vs 托特纳姆热刺,2-1,2-1,Crow*,0.98,1.5,0.91,20250115231441
阿森纳 vs 托特纳姆热刺,2-1,2-1,Crow*,0.99,1.5,0.9,20250115222936
阿森纳 vs 托特纳姆热刺,2-1,2-1,Crow*,1.0,1.5,0.89,20250115220544
阿森纳 vs 托特纳姆热刺,2-1,2-1,Crow*,0.99,1.5,0.9,20250115220103
阿森纳 vs 托特纳姆热刺,2-1,2-1,Crow*,0.98,1.5,0.91,20250115215559
阿森纳 vs 托特纳姆热刺,2-1,2-1,Crow*,0.99,1.5,0.9,20250115215329
阿森纳 vs 托特纳姆热刺,2-1,2-1,Crow*,1.01,1.5,0.88,20250115215249
阿森纳 vs 托特纳姆热刺,2-1,2-1,Crow*,1.02,1.5,0.87,20250115214309
阿森纳 vs 托特纳姆热刺,2-1,2-1,Crow*,1.01,1.5,0.88,20250115214113
阿森纳 vs 托特纳姆热刺,2-1,2-1,Crow*,0.99,1.5,0.9,20250115213955
阿森纳 vs 托特纳姆热刺,2-1,2-1,Crow*,0.97,1.5,0.92,20250115213350
阿森纳 vs 托特纳姆热刺,2-1,2-1,Crow*,0.96,1.5,0.93,20250115211149
阿森纳 vs 托特纳姆热刺,2-1,2-1,Crow*,0.95,1.5,0.94,20250115204039
阿森纳 vs 托特纳姆热刺,2-1,2-1,Crow*,0.96,1.5,0.93,20250115202707
阿森纳 vs 托特纳姆热刺,2-1,2-1,Crow*,0.95,1.5,0.94,20250115201258
阿森纳 vs 托特纳姆热刺,2-1,2-1,Crow*,0.96,1.5,0.93,20250115200539
阿森纳 vs 托特纳姆热刺,2-1,2-1,Crow*,0.97,1.5,0.92,20250115193507
阿森纳 vs 托特纳姆热刺,2-1,2-1,Crow*,0.96,1.5,0.93,20250115193203
阿森纳 vs 托特纳姆热刺,2-1,2-1,Crow*,1.0,1.5,0.89,20250115192104
阿森纳 vs 托特纳姆热刺,2-1,2-1,Crow*,0.99,1.5,0.9,20250115191651
阿森纳 vs 托特纳姆热刺,2-1,2-1,Crow*,0.98,1.5,0.91,20250115190722
阿森纳 vs 托特纳姆热刺,2-1,2-1,Crow*,0.97,1.5,0.92,20250115190531
阿森纳 vs 托特纳姆热刺,2-1,2-1,Crow*,0.96,1.5,0.93,20250115184711
阿森纳 vs 托特纳姆热刺,2-1,2-1,Crow*,0.95,1.5,0.94,20250115182811
阿森纳 vs 托特纳姆热刺,2-1,2-1,Crow*,0.96,1.5,0.93,20250115182659
阿森纳 vs 托特纳姆热刺,2-1,2-1,Crow*,0.98,1.5,0.91,20250115182622
阿森纳 vs 托特纳姆热刺,2-1,2-1,Crow*,0.99,1.5,0.9,20250115182546
阿森纳 vs 托特纳姆热刺,2-1,2-1,Crow*,1.0,1.5,0.89,20250115182431
阿森纳 vs 托特纳姆热刺,2-1,2-1,Crow*,0.8,1.25,1.09,20250115182354
阿森纳 vs 托特纳姆热刺,2-1,2-1,Crow*,0.85,1.25,1.04,20250115181939
阿森纳 vs 托特纳姆热刺,2-1,2-1,Crow*,0.86,1.25,1.03,20250115181221
阿森纳 vs 托特纳姆热刺,2-1,2-1,Crow*,1.06,1.5,0.83,20250115181107
阿森纳 vs 托特纳姆热刺,2-1,2-1,Crow*,1.04,1.5,0.85,20250115180952
阿森纳 vs 托特纳姆热刺,2-1,2-1,Crow*,0.96,1.5,0.93,20250115175736
阿森纳 vs 托特纳姆热刺,2-1,2-1,Crow*,0.97,1.5,0.92,20250115175143
阿森纳 vs 托特纳姆热刺,2-1,2-1,Crow*,0.98,1.5,0.91,20250115171305
阿森纳 vs 托特纳姆热刺,2-1,2-1,Crow*,1.0,1.5,0.89,20250115165016
阿森纳 vs 托特纳姆热刺,2-1,2-1,Crow*,0.99,1.5,0.9,20250115164111
阿森纳 vs 托特纳姆热刺,2-1,2-1,Crow*,0.98,1.5,0.91,20250115164034
阿森纳 vs 托特纳姆热刺,2-1,2-1,Crow*,1.0,1.5,0.89,20250115151203
阿森纳 vs 托特纳姆热刺,2-1,2-1,Crow*,1.01,1.5,0.88,20250115150536
阿森纳 vs 托特纳姆热刺,2-1,2-1,Crow*,1.0,1.5,0.89,20250115143239
阿森纳 vs 托特纳姆热刺,2-1,2-1,Crow*,1.01,1.5,0.88,20250115143206
阿森纳 vs 托特纳姆热刺,2-1,2-1,Crow*,1.04,1.5,0.85,20250115142946
阿森纳 vs 托特纳姆热刺,2-1,2-1,Crow*,1.05,1.5,0.84,20250115141235
阿森纳 vs 托特纳姆热刺,2-1,2-1,Crow*,0.81,1.25,1.08,20250115140934
阿森纳 vs 托特纳姆热刺,2-1,2-1,Crow*,0.82,1.25,1.07,20250115135432
阿森纳 vs 托特纳姆热刺,2-1,2-1,Crow*,0.84,1.25,1.05,20250115134955
阿森纳 vs 托特纳姆热刺,2-1,2-1,Crow*,0.82,1.25,1.07,20250115134622
阿森纳 vs 托特纳姆热刺,2-1,2-1,Crow*,0.83,1.25,1.06,20250115132139
阿森纳 vs 托特纳姆热刺,2-1,2-1,Crow*,0.84,1.25,1.05,20250115131808
阿森纳 vs 托特纳姆热刺,2-1,2-1,Crow*,0.87,1.25,1.02,20250115131436
阿森纳 vs 托特纳姆热刺,2-1,2-1,Crow*,0.85,1.25,1.04,20250115130611
阿森纳 vs 托特纳姆热刺,2-1,2-1,Crow*,0.86,1.25,1.03,20250115125352
阿森纳 vs 托特纳姆热刺,2-1,2-1,Crow*,0.85,1.25,1.04,20250115124831
阿森纳 vs 托特纳姆热刺,2-1,2-1,Crow*,0.83,1.25,1.06,20250115124347
阿森纳 vs 托特纳姆热刺,2-1,2-1,Crow*,0.85,1.25,1.04,20250115123602
阿森纳 vs 托特纳姆热刺,2-1,2-1,Crow*,0.84,1.25,1.05,20250115123526
阿森纳 vs 托特纳姆热刺,2-1,2-1,Crow*,0.85,1.25,1.04,20250115093952
阿森纳 vs 托特纳姆热刺,2-1,2-1,Crow*,0.86,1.25,1.03,20250115092204
阿森纳 vs 托特纳姆热刺,2-1,2-1,Crow*,0.87,1.25,1.02,20250115085647
阿森纳 vs 托特纳姆热刺,2-1,2-1,Crow*,0.88,1.25,1.01,20250115075103
阿森纳 vs 托特纳姆热刺,2-1,2-1,Crow*,0.89,1.25,1.0,20250115063721
阿森纳 vs 托特纳姆热刺,2-1,2-1,Crow*,0.9,1.25,0.99,20250115051448
阿森纳 vs 托特纳姆热刺,2-1,2-1,Crow*,0.9,1.25,0.98,20250115042304
阿森纳 vs 托特纳姆热刺,2-1,2-1,Crow*,0.95,1.25,0.93,20250115042147
阿森纳 vs 托特纳姆热刺,2-1,2-1,Crow*,0.96,1.25,0.92,20250115041911
阿森纳 vs 托特纳姆热刺,2-1,2-1,Crow*,0.92,1.25,0.96,20250114210807
阿森纳 vs 托特纳姆热刺,2-1,2-1,Crow*,0.87,1.25,1.01,20250114210536
阿森纳 vs 托特纳姆热刺,2-1,2-1,Crow*,0.85,1.25,1.03,20250113233034
阿森纳 vs 托特纳姆热刺,2-1,2-1,Crow*,0.86,1.25,1.02,20250113205951
阿森纳 vs 托特纳姆热刺,2-1,2-1,Crow*,0.83,1.25,1.05,20250113015935
阿森纳 vs 托特纳姆热刺,2-1,2-1,Crow*,1.01,1.5,0.87,20250110004630
阿森纳 vs 托特纳姆热刺,2-1,2-1,Crow*,0.98,1.5,0.9,20250109191325
阿森纳 vs 托特纳姆热刺,2-1,2-1,Crow*,0.95,1.5,0.93,20250109064649
阿森纳 vs 托特纳姆热刺,2-1,2-1,Crow*,0.88,1.5,1.0,20250108063940
阿森纳 vs 托特纳姆热刺,2-1,2-1,Crow*,0.87,1.5,1.01,20250105034209
阿森纳 vs 托特纳姆热刺,2-1,2-1,Crow*,0.94,1.5,0.94,20250104230834
阿森纳 vs 托特纳姆热刺,2-1,2-1,Crow*,0.97,1.5,0.91,20250103135133
阿森纳 vs 托特纳姆热刺,2-1,2-1,Crow*,0.99,1.5,0.89,20250102225624
阿森纳 vs 托特纳姆热刺,2-1,2-1,36*,0.86,1.25,1.04,20250116035353
阿森纳 vs 托特纳姆热刺,2-1,2-1,36*,1.06,1.5,0.84,20250116034422
阿森纳 vs 托特纳姆热刺,2-1,2-1,36*,1.08,1.5,0.85,20250116033131
阿森纳 vs 托特纳姆热刺,2-1,2-1,36*,1.07,1.5,0.86,20250116033100
阿森纳 vs 托特纳姆热刺,2-1,2-1,36*,1.08,1.5,0.85,20250116032919
阿森纳 vs 托特纳姆热刺,2-1,2-1,36*,1.07,1.5,0.86,20250116032057
阿森纳 vs 托特纳姆热刺,2-1,2-1,36*,1.09,1.5,0.84,20250116031549
阿森纳 vs 托特纳姆热刺,2-1,2-1,36*,0.85,1.25,1.08,20250116031229
阿森纳 vs 托特纳姆热刺,2-1,2-1,36*,1.07,1.5,0.86,20250116030909
阿森纳 vs 托特纳姆热刺,2-1,2-1,36*,1.06,1.5,0.87,20250116030041
阿森纳 vs 托特纳姆热刺,2-1,2-1,36*,1.04,1.5,0.89,20250116025858
阿森纳 vs 托特纳姆热刺,2-1,2-1,36*,1.05,1.5,0.88,20250116025532
阿森纳 vs 托特纳姆热刺,2-1,2-1,36*,0.87,1.25,1.06,20250116025021
阿森纳 vs 托特纳姆热刺,2-1,2-1,36*,0.89,1.25,1.04,20250116024839
阿森纳 vs 托特纳姆热刺,2-1,2-1,36*,0.87,1.25,1.06,20250116024516
阿森纳 vs 托特纳姆热刺,2-1,2-1,36*,1.05,1.5,0.88,20250116024334
阿森纳 vs 托特纳姆热刺,2-1,2-1,36*,1.03,1.5,0.9,20250116021556
阿森纳 vs 托特纳姆热刺,2-1,2-1,36*,1.02,1.5,0.91,20250116020025
阿森纳 vs 托特纳姆热刺,2-1,2-1,36*,1.03,1.5,0.9,20250116015927
阿森纳 vs 托特纳姆热刺,2-1,2-1,36*,1.02,1.5,0.91,20250116013742
阿森纳 vs 托特纳姆热刺,2-1,2-1,36*,1.03,1.5,0.9,20250116012906
阿森纳 vs 托特纳姆热刺,2-1,2-1,36*,1.04,1.5,0.89,20250116011905
阿森纳 vs 托特纳姆热刺,2-1,2-1,36*,1.03,1.5,0.9,20250116005609
阿森纳 vs 托特纳姆热刺,2-1,2-1,36*,1.02,1.5,0.91,20250115235339
阿森纳 vs 托特纳姆热刺,2-1,2-1,36*,1.01,1.5,0.92,20250115235305
阿森纳 vs 托特纳姆热刺,2-1,2-1,36*,1.02,1.5,0.91,20250115235121
阿森纳 vs 托特纳姆热刺,2-1,2-1,36*,1.01,1.5,0.92,20250115233244
阿森纳 vs 托特纳姆热刺,2-1,2-1,36*,1.0,1.5,0.93,20250115221453
阿森纳 vs 托特纳姆热刺,2-1,2-1,36*,1.02,1.5,0.91,20250115221043
阿森纳 vs 托特纳姆热刺,2-1,2-1,36*,1.01,1.5,0.92,20250115221037
阿森纳 vs 托特纳姆热刺,2-1,2-1,36*,1.02,1.5,0.91,20250115220033
阿森纳 vs 托特纳姆热刺,2-1,2-1,36*,1.0,1.5,0.93,20250115215700
阿森纳 vs 托特纳姆热刺,2-1,2-1,36*,1.01,1.5,0.92,20250115215518
阿森纳 vs 托特纳姆热刺,2-1,2-1,36*,1.03,1.5,0.9,20250115214640
阿森纳 vs 托特纳姆热刺,2-1,2-1,36*,1.02,1.5,0.91,20250115214458
阿森纳 vs 托特纳姆热刺,2-1,2-1,36*,1.0,1.5,0.93,20250115214304
阿森纳 vs 托特纳姆热刺,2-1,2-1,36*,0.99,1.5,0.94,20250115214116
阿森纳 vs 托特纳姆热刺,2-1,2-1,36*,1.0,1.5,0.93,20250115214001
阿森纳 vs 托特纳姆热刺,2-1,2-1,36*,0.99,1.5,0.94,20250115213752
阿森纳 vs 托特纳姆热刺,2-1,2-1,36*,0.98,1.5,0.95,20250115212051
阿森纳 vs 托特纳姆热刺,2-1,2-1,36*,0.97,1.5,0.96,20250115204038
阿森纳 vs 托特纳姆热刺,2-1,2-1,36*,0.98,1.5,0.95,20250115193521
阿森纳 vs 托特纳姆热刺,2-1,2-1,36*,1.01,1.5,0.92,20250115192127
阿森纳 vs 托特纳姆热刺,2-1,2-1,36*,1.0,1.5,0.93,20250115190603
阿森纳 vs 托特纳姆热刺,2-1,2-1,36*,0.99,1.5,0.94,20250115185040
阿森纳 vs 托特纳姆热刺,2-1,2-1,36*,0.98,1.5,0.95,20250115184715
阿森纳 vs 托特纳姆热刺,2-1,2-1,36*,0.95,1.5,0.98,20250115183204
阿森纳 vs 托特纳姆热刺,2-1,2-1,36*,0.98,1.5,0.95,20250115182841
阿森纳 vs 托特纳姆热刺,2-1,2-1,36*,0.99,1.5,0.94,20250115182658
阿森纳 vs 托特纳姆热刺,2-1,2-1,36*,0.85,1.25,1.08,20250115182158
阿森纳 vs 托特纳姆热刺,2-1,2-1,36*,0.88,1.25,1.05,20250115181510
阿森纳 vs 托特纳姆热刺,2-1,2-1,36*,1.05,1.5,0.88,20250115181149
阿森纳 vs 托特纳姆热刺,2-1,2-1,36*,0.99,1.5,0.94,20250115180143
阿森纳 vs 托特纳姆热刺,2-1,2-1,36*,1.0,1.5,0.93,20250115175311
阿森纳 vs 托特纳姆热刺,2-1,2-1,36*,1.01,1.5,0.92,20250115172555
阿森纳 vs 托特纳姆热刺,2-1,2-1,36*,1.02,1.5,0.91,20250115154917
阿森纳 vs 托特纳姆热刺,2-1,2-1,36*,1.01,1.5,0.92,20250115153059
阿森纳 vs 托特纳姆热刺,2-1,2-1,36*,1.02,1.5,0.91,20250115143635
阿森纳 vs 托特纳姆热刺,2-1,2-1,36*,1.08,1.5,0.85,20250115140020
阿森纳 vs 托特纳姆热刺,2-1,2-1,36*,1.07,1.5,0.86,20250115135827
阿森纳 vs 托特纳姆热刺,2-1,2-1,36*,1.08,1.5,0.85,20250115135449
阿森纳 vs 托特纳姆热刺,2-1,2-1,36*,0.86,1.25,1.07,20250115135259
阿森纳 vs 托特纳姆热刺,2-1,2-1,36*,1.08,1.5,0.85,20250115134749
阿森纳 vs 托特纳姆热刺,2-1,2-1,36*,0.85,1.25,1.08,20250115133057
阿森纳 vs 托特纳姆热刺,2-1,2-1,36*,1.08,1.5,0.85,20250115132341
阿森纳 vs 托特纳姆热刺,2-1,2-1,36*,0.86,1.25,1.07,20250115132002
阿森纳 vs 托特纳姆热刺,2-1,2-1,36*,0.89,1.25,1.04,20250115131810
阿森纳 vs 托特纳姆热刺,2-1,2-1,36*,0.88,1.25,1.05,20250115131622
阿森纳 vs 托特纳姆热刺,2-1,2-1,36*,0.9,1.25,1.03,20250115131455
阿森纳 vs 托特纳姆热刺,2-1,2-1,36*,0.88,1.25,1.05,20250115131244
阿森纳 vs 托特纳姆热刺,2-1,2-1,36*,0.87,1.25,1.06,20250115122811
阿森纳 vs 托特纳姆热刺,2-1,2-1,36*,0.86,1.25,1.07,20250115120557
阿森纳 vs 托特纳姆热刺,2-1,2-1,36*,0.87,1.25,1.06,20250115120218
阿森纳 vs 托特纳姆热刺,2-1,2-1,36*,0.86,1.25,1.07,20250115100754
阿森纳 vs 托特纳姆热刺,2-1,2-1,36*,0.87,1.25,1.06,20250115100120
阿森纳 vs 托特纳姆热刺,2-1,2-1,36*,0.86,1.25,1.07,20250115095551
阿森纳 vs 托特纳姆热刺,2-1,2-1,36*,0.88,1.25,1.05,20250115085905
阿森纳 vs 托特纳姆热刺,2-1,2-1,36*,0.89,1.25,1.04,20250115074801
阿森纳 vs 托特纳姆热刺,2-1,2-1,36*,0.91,1.25,1.02,20250115070008
阿森纳 vs 托特纳姆热刺,2-1,2-1,36*,0.9,1.25,1.03,20250115064144
阿森纳 vs 托特纳姆热刺,2-1,2-1,36*,0.91,1.25,1.02,20250115062331
阿森纳 vs 托特纳姆热刺,2-1,2-1,36*,0.92,1.25,1.01,20250115055412
阿森纳 vs 托特纳姆热刺,2-1,2-1,36*,0.9,1.25,1.03,20250115055222
阿森纳 vs 托特纳姆热刺,2-1,2-1,36*,0.89,1.25,1.04,20250115051631
阿森纳 vs 托特纳姆热刺,2-1,2-1,36*,0.88,1.25,1.02,20250115043402
阿森纳 vs 托特纳姆热刺,2-1,2-1,36*,0.9,1.25,1.0,20250115042301
阿森纳 vs 托特纳姆热刺,2-1,2-1,36*,0.95,1.25,0.95,20250115014700
阿森纳 vs 托特纳姆热刺,2-1,2-1,36*,0.93,1.25,0.97,20250115002424
阿森纳 vs 托特纳姆热刺,2-1,2-1,36*,0.95,1.25,0.95,20250114235336
阿森纳 vs 托特纳姆热刺,2-1,2-1,36*,0.92,1.25,0.98,20250114224358
阿森纳 vs 托特纳姆热刺,2-1,2-1,36*,0.91,1.25,0.99,20250114220937
阿森纳 vs 托特纳姆热刺,2-1,2-1,36*,0.93,1.25,0.97,20250114213326
阿森纳 vs 托特纳姆热刺,2-1,2-1,36*,0.88,1.25,1.02,20250114195152
阿森纳 vs 托特纳姆热刺,2-1,2-1,36*,0.87,1.25,1.03,20250114191636
阿森纳 vs 托特纳姆热刺,2-1,2-1,36*,0.85,1.25,1.05,20250114160841
阿森纳 vs 托特纳姆热刺,2-1,2-1,36*,0.84,1.25,1.06,20250114081513
阿森纳 vs 托特纳姆热刺,2-1,2-1,36*,0.85,1.25,1.05,20250114041219
阿森纳 vs 托特纳姆热刺,2-1,2-1,36*,0.88,1.25,1.02,20250114014918
阿森纳 vs 托特纳姆热刺,2-1,2-1,36*,0.87,1.25,1.03,20250114012003
阿森纳 vs 托特纳姆热刺,2-1,2-1,36*,1.06,1.5,0.84,20250113234847
阿森纳 vs 托特纳姆热刺,2-1,2-1,36*,0.86,1.25,1.04,20250113230829
阿森纳 vs 托特纳姆热刺,2-1,2-1,36*,0.85,1.25,1.05,20250113184319
阿森纳 vs 托特纳姆热刺,2-1,2-1,36*,0.86,1.25,1.04,20250113181024
阿森纳 vs 托特纳姆热刺,2-1,2-1,36*,0.87,1.25,1.03,20250113143549
阿森纳 vs 托特纳姆热刺,2-1,2-1,36*,0.85,1.25,1.05,20250113041918
阿森纳 vs 托特纳姆热刺,2-1,2-1,36*,0.84,1.25,1.06,20250113022630
阿森纳 vs 托特纳姆热刺,2-1,2-1,36*,1.04,1.5,0.86,20250111232204
阿森纳 vs 托特纳姆热刺,2-1,2-1,36*,1.03,1.5,0.87,20250111220303
阿森纳 vs 托特纳姆热刺,2-1,2-1,36*,1.01,1.5,0.89,20250111023657
阿森纳 vs 托特纳姆热刺,2-1,2-1,36*,1.02,1.5,0.88,20250110180034
阿森纳 vs 托特纳姆热刺,2-1,2-1,36*,1.01,1.5,0.89,20250110022311
阿森纳 vs 托特纳姆热刺,2-1,2-1,36*,0.99,1.5,0.91,20250110010040
阿森纳 vs 托特纳姆热刺,2-1,2-1,36*,0.98,1.5,0.92,20250109192128
阿森纳 vs 托特纳姆热刺,2-1,2-1,36*,0.97,1.5,0.93,20250109065200
阿森纳 vs 托特纳姆热刺,2-1,2-1,36*,0.95,1.5,0.95,20250109063111
阿森纳 vs 托特纳姆热刺,2-1,2-1,36*,0.92,1.5,0.98,20250109060927
阿森纳 vs 托特纳姆热刺,2-1,2-1,36*,0.91,1.5,0.99,20250108211930
阿森纳 vs 托特纳姆热刺,2-1,2-1,36*,0.9,1.5,1.0,20250108065002
阿森纳 vs 托特纳姆热刺,2-1,2-1,36*,0.89,1.5,1.01,20250107111004
阿森纳 vs 托特纳姆热刺,2-1,2-1,36*,0.88,1.5,1.02,20250106233329
阿森纳 vs 托特纳姆热刺,2-1,2-1,36*,0.87,1.5,1.03,20250106070333
阿森纳 vs 托特纳姆热刺,2-1,2-1,36*,0.88,1.5,1.02,20250106000527
阿森纳 vs 托特纳姆热刺,2-1,2-1,36*,0.89,1.5,1.01,20250105190849
阿森纳 vs 托特纳姆热刺,2-1,2-1,36*,0.88,1.5,1.02,20250105041953
阿森纳 vs 托特纳姆热刺,2-1,2-1,36*,0.9,1.5,1.0,20250105035046
阿森纳 vs 托特纳姆热刺,2-1,2-1,36*,0.92,1.5,0.98,20250105020413
阿森纳 vs 托特纳姆热刺,2-1,2-1,36*,0.95,1.5,0.95,20250105000746
阿森纳 vs 托特纳姆热刺,2-1,2-1,36*,0.98,1.5,0.92,20250104205009
阿森纳 vs 托特纳姆热刺,2-1,2-1,36*,0.95,1.5,0.95,20250104073300
阿森纳 vs 托特纳姆热刺,2-1,2-1,36*,0.97,1.5,0.93,20250103140430
阿森纳 vs 托特纳姆热刺,2-1,2-1,36*,0.98,1.5,0.92,20250102232410
阿森纳 vs 托特纳姆热刺,2-1,2-1,36*,0.95,1.5,0.95,20250102053748
阿森纳 vs 托特纳姆热刺,2-1,2-1,36*,0.93,1.5,0.97,20250101062653
阿森纳 vs 托特纳姆热刺,2-1,2-1,36*,0.95,1.5,0.95,20250101044332
阿森纳 vs 托特纳姆热刺,2-1,2-1,36*,0.91,1.5,0.99,20241231192551
阿森纳 vs 托特纳姆热刺,2-1,2-1,36*,0.87,1.5,1.03,20241231133210
阿森纳 vs 托特纳姆热刺,2-1,2-1,36*,0.99,1.5,0.91,20241231062029
阿森纳 vs 托特纳姆热刺,2-1,2-1,36*,1.0,1.25,0.9,20241229235442
阿森纳 vs 托特纳姆热刺,2-1,2-1,易*,1.05,1.5,0.74,20250116035354
阿森纳 vs 托特纳姆热刺,2-1,2-1,易*,1.06,1.5,0.83,20250116035138
阿森纳 vs 托特纳姆热刺,2-1,2-1,易*,1.06,1.5,0.84,20250116033756
阿森纳 vs 托特纳姆热刺,2-1,2-1,易*,1.07,1.5,0.84,20250116033111
阿森纳 vs 托特纳姆热刺,2-1,2-1,易*,1.06,1.5,0.84,20250116032911
阿森纳 vs 托特纳姆热刺,2-1,2-1,易*,1.05,1.5,0.85,20250116032030
阿森纳 vs 托特纳姆热刺,2-1,2-1,易*,1.07,1.5,0.83,20250116031305
阿森纳 vs 托特纳姆热刺,2-1,2-1,易*,1.06,1.5,0.84,20250116031225
阿森纳 vs 托特纳姆热刺,2-1,2-1,易*,1.05,1.5,0.85,20250116030704
阿森纳 vs 托特纳姆热刺,2-1,2-1,易*,1.05,1.5,0.86,20250116030020
阿森纳 vs 托特纳姆热刺,2-1,2-1,易*,1.04,1.5,0.86,20250116025859
阿森纳 vs 托特纳姆热刺,2-1,2-1,易*,1.04,1.5,0.87,20250116025739
阿森纳 vs 托特纳姆热刺,2-1,2-1,易*,1.02,1.5,0.88,20250116025619
阿森纳 vs 托特纳姆热刺,2-1,2-1,易*,1.03,1.5,0.88,20250116025539
阿森纳 vs 托特纳姆热刺,2-1,2-1,易*,1.01,1.5,0.89,20250116025420
阿森纳 vs 托特纳姆热刺,2-1,2-1,易*,0.84,1.25,1.06,20250116025121
阿森纳 vs 托特纳姆热刺,2-1,2-1,易*,0.85,1.25,1.05,20250116025001
阿森纳 vs 托特纳姆热刺,2-1,2-1,易*,0.88,1.25,1.02,20250116024841
阿森纳 vs 托特纳姆热刺,2-1,2-1,易*,0.87,1.25,1.03,20250116024801
阿森纳 vs 托特纳姆热刺,2-1,2-1,易*,0.87,1.25,1.04,20250116024601
阿森纳 vs 托特纳姆热刺,2-1,2-1,易*,1.08,1.5,0.82,20250116024521
阿森纳 vs 托特纳姆热刺,2-1,2-1,易*,1.07,1.5,0.83,20250116024316
阿森纳 vs 托特纳姆热刺,2-1,2-1,易*,1.08,1.5,0.82,20250116024236
阿森纳 vs 托特纳姆热刺,2-1,2-1,易*,1.01,1.5,0.89,20250116021527
阿森纳 vs 托特纳姆热刺,2-1,2-1,易*,1.02,1.5,0.89,20250116021406
阿森纳 vs 托特纳姆热刺,2-1,2-1,易*,1.0,1.5,0.9,20250116021202
阿森纳 vs 托特纳姆热刺,2-1,2-1,易*,1.01,1.5,0.89,20250116014714
阿森纳 vs 托特纳姆热刺,2-1,2-1,易*,1.01,1.5,0.9,20250116014309
阿森纳 vs 托特纳姆热刺,2-1,2-1,易*,1.01,1.5,0.89,20250116013829
阿森纳 vs 托特纳姆热刺,2-1,2-1,易*,1.02,1.5,0.88,20250116010621
阿森纳 vs 托特纳姆热刺,2-1,2-1,易*,1.02,1.5,0.89,20250116005456
阿森纳 vs 托特纳姆热刺,2-1,2-1,易*,1.02,1.5,0.88,20250116004730
阿森纳 vs 托特纳姆热刺,2-1,2-1,易*,1.01,1.5,0.89,20250116000834
阿森纳 vs 托特纳姆热刺,2-1,2-1,易*,1.0,1.5,0.9,20250115235633
阿森纳 vs 托特纳姆热刺,2-1,2-1,易*,0.99,1.5,0.91,20250115234956
阿森纳 vs 托特纳姆热刺,2-1,2-1,易*,1.01,1.5,0.9,20250115234836
阿森纳 vs 托特纳姆热刺,2-1,2-1,易*,1.0,1.5,0.9,20250115234515
阿森纳 vs 托特纳姆热刺,2-1,2-1,易*,1.0,1.5,0.91,20250115233224
阿森纳 vs 托特纳姆热刺,2-1,2-1,易*,0.99,1.5,0.91,20250115233104
阿森纳 vs 托特纳姆热刺,2-1,2-1,易*,0.98,1.5,0.92,20250115231538
阿森纳 vs 托特纳姆热刺,2-1,2-1,易*,0.99,1.5,0.91,20250115223019
阿森纳 vs 托特纳姆热刺,2-1,2-1,易*,0.99,1.5,0.92,20250115221251
阿森纳 vs 托特纳姆热刺,2-1,2-1,易*,1.01,1.5,0.9,20250115220811
阿森纳 vs 托特纳姆热刺,2-1,2-1,易*,1.0,1.5,0.9,20250115220651
阿森纳 vs 托特纳姆热刺,2-1,2-1,易*,0.99,1.5,0.91,20250115220251
阿森纳 vs 托特纳姆热刺,2-1,2-1,易*,0.98,1.5,0.92,20250115215610
阿森纳 vs 托特纳姆热刺,2-1,2-1,易*,0.99,1.5,0.91,20250115215411
阿森纳 vs 托特纳姆热刺,2-1,2-1,易*,1.02,1.5,0.88,20250115214714
阿森纳 vs 托特纳姆热刺,2-1,2-1,易*,1.02,1.5,0.89,20250115214434
阿森纳 vs 托特纳姆热刺,2-1,2-1,易*,1.01,1.5,0.89,20250115214229
阿森纳 vs 托特纳姆热刺,2-1,2-1,易*,1.01,1.5,0.9,20250115214149
阿森纳 vs 托特纳姆热刺,2-1,2-1,易*,1.0,1.5,0.91,20250115214109
阿森纳 vs 托特纳姆热刺,2-1,2-1,易*,0.99,1.5,0.91,20250115213949
阿森纳 vs 托特纳姆热刺,2-1,2-1,易*,0.98,1.5,0.93,20250115213749
阿森纳 vs 托特纳姆热刺,2-1,2-1,易*,0.97,1.5,0.93,20250115213629
阿森纳 vs 托特纳姆热刺,2-1,2-1,易*,0.97,1.5,0.94,20250115211231
阿森纳 vs 托特纳姆热刺,2-1,2-1,易*,0.96,1.5,0.94,20250115210911
阿森纳 vs 托特纳姆热刺,2-1,2-1,易*,0.96,1.5,0.95,20250115210615
阿森纳 vs 托特纳姆热刺,2-1,2-1,易*,0.97,1.5,0.94,20250115204926
阿森纳 vs 托特纳姆热刺,2-1,2-1,易*,0.96,1.5,0.95,20250115204201
阿森纳 vs 托特纳姆热刺,2-1,2-1,易*,0.95,1.5,0.95,20250115203921
阿森纳 vs 托特纳姆热刺,2-1,2-1,易*,0.96,1.5,0.94,20250115202818
阿森纳 vs 托特纳姆热刺,2-1,2-1,易*,0.95,1.5,0.95,20250115201418
阿森纳 vs 托特纳姆热刺,2-1,2-1,易*,0.96,1.5,0.94,20250115200253
阿森纳 vs 托特纳姆热刺,2-1,2-1,易*,0.97,1.5,0.93,20250115193655
阿森纳 vs 托特纳姆热刺,2-1,2-1,易*,0.97,1.5,0.94,20250115193237
阿森纳 vs 托特纳姆热刺,2-1,2-1,易*,0.99,1.5,0.91,20250115193037
阿森纳 vs 托特纳姆热刺,2-1,2-1,易*,1.0,1.5,0.9,20250115192157
阿森纳 vs 托特纳姆热刺,2-1,2-1,易*,0.99,1.5,0.91,20250115191916
阿森纳 vs 托特纳姆热刺,2-1,2-1,易*,1.0,1.5,0.91,20250115191836
阿森纳 vs 托特纳姆热刺,2-1,2-1,易*,0.99,1.5,0.91,20250115191716
阿森纳 vs 托特纳姆热刺,2-1,2-1,易*,0.98,1.5,0.92,20250115190800
阿森纳 vs 托特纳姆热刺,2-1,2-1,易*,0.97,1.5,0.93,20250115190645
阿森纳 vs 托特纳姆热刺,2-1,2-1,易*,0.99,1.5,0.92,20250115190514
阿森纳 vs 托特纳姆热刺,2-1,2-1,易*,0.98,1.5,0.93,20250115185108
阿森纳 vs 托特纳姆热刺,2-1,2-1,易*,0.96,1.5,0.94,20250115184828
阿森纳 vs 托特纳姆热刺,2-1,2-1,易*,0.95,1.5,0.95,20250115182900
阿森纳 vs 托特纳姆热刺,2-1,2-1,易*,0.96,1.5,0.94,20250115182740
阿森纳 vs 托特纳姆热刺,2-1,2-1,易*,0.94,1.5,0.97,20250115182659
阿森纳 vs 托特纳姆热刺,2-1,2-1,易*,1.0,1.5,0.9,20250115182619
阿森纳 vs 托特纳姆热刺,2-1,2-1,易*,0.99,1.5,0.91,20250115182500
阿森纳 vs 托特纳姆热刺,2-1,2-1,易*,0.84,1.25,1.07,20250115182420
阿森纳 vs 托特纳姆热刺,2-1,2-1,易*,0.85,1.25,1.05,20250115181939
阿森纳 vs 托特纳姆热刺,2-1,2-1,易*,0.87,1.25,1.04,20250115181334
阿森纳 vs 托特纳姆热刺,2-1,2-1,易*,0.86,1.25,1.04,20250115181254
阿森纳 vs 托特纳姆热刺,2-1,2-1,易*,1.06,1.5,0.84,20250115181214
阿森纳 vs 托特纳姆热刺,2-1,2-1,易*,1.04,1.5,0.86,20250115181054
阿森纳 vs 托特纳姆热刺,2-1,2-1,易*,1.04,1.5,0.87,20250115181014
阿森纳 vs 托特纳姆热刺,2-1,2-1,易*,0.98,1.5,0.93,20250115180413
阿森纳 vs 托特纳姆热刺,2-1,2-1,易*,0.96,1.5,0.94,20250115175808
阿森纳 vs 托特纳姆热刺,2-1,2-1,易*,0.99,1.5,0.92,20250115175238
阿森纳 vs 托特纳姆热刺,2-1,2-1,易*,0.97,1.5,0.93,20250115175158
阿森纳 vs 托特纳姆热刺,2-1,2-1,易*,1.0,1.5,0.91,20250115171542
阿森纳 vs 托特纳姆热刺,2-1,2-1,易*,0.98,1.5,0.92,20250115171337
阿森纳 vs 托特纳姆热刺,2-1,2-1,易*,0.99,1.5,0.91,20250115171300
阿森纳 vs 托特纳姆热刺,2-1,2-1,易*,1.01,1.5,0.9,20250115170857
阿森纳 vs 托特纳姆热刺,2-1,2-1,易*,1.0,1.5,0.9,20250115165051
阿森纳 vs 托特纳姆热刺,2-1,2-1,易*,0.99,1.5,0.91,20250115165011
阿森纳 vs 托特纳姆热刺,2-1,2-1,易*,1.01,1.5,0.9,20250115164206
阿森纳 vs 托特纳姆热刺,2-1,2-1,易*,0.99,1.5,0.91,20250115164119
阿森纳 vs 托特纳姆热刺,2-1,2-1,易*,1.0,1.5,0.9,20250115160145
阿森纳 vs 托特纳姆热刺,2-1,2-1,易*,1.01,1.5,0.9,20250115154023
阿森纳 vs 托特纳姆热刺,2-1,2-1,易*,1.0,1.5,0.91,20250115153217
阿森纳 vs 托特纳姆热刺,2-1,2-1,易*,1.0,1.5,0.9,20250115150935
阿森纳 vs 托特纳姆热刺,2-1,2-1,易*,1.01,1.5,0.89,20250115150249
阿森纳 vs 托特纳姆热刺,2-1,2-1,易*,1.01,1.5,0.9,20250115143631
阿森纳 vs 托特纳姆热刺,2-1,2-1,易*,1.0,1.5,0.9,20250115143351
阿森纳 vs 托特纳姆热刺,2-1,2-1,易*,1.04,1.5,0.86,20250115143146
阿森纳 vs 托特纳姆热刺,2-1,2-1,易*,1.07,1.5,0.84,20250115141827
阿森纳 vs 托特纳姆热刺,2-1,2-1,易*,1.05,1.5,0.85,20250115141303
阿森纳 vs 托特纳姆热刺,2-1,2-1,易*,1.06,1.5,0.85,20250115141103
阿森纳 vs 托特纳姆热刺,2-1,2-1,易*,1.06,1.5,0.84,20250115140543
阿森纳 vs 托特纳姆热刺,2-1,2-1,易*,1.07,1.5,0.83,20250115140258
阿森纳 vs 托特纳姆热刺,2-1,2-1,易*,1.06,1.5,0.84,20250115140059
阿森纳 vs 托特纳姆热刺,2-1,2-1,易*,1.06,1.5,0.85,20250115135417
阿森纳 vs 托特纳姆热刺,2-1,2-1,易*,1.07,1.5,0.83,20250115135012
阿森纳 vs 托特纳姆热刺,2-1,2-1,易*,1.06,1.5,0.84,20250115134733
阿森纳 vs 托特纳姆热刺,2-1,2-1,易*,0.9,1.25,1.01,20250115131919
阿森纳 vs 托特纳姆热刺,2-1,2-1,易*,0.92,1.25,1.0,20250115131759
阿森纳 vs 托特纳姆热刺,2-1,2-1,易*,0.92,1.25,0.99,20250115131719
阿森纳 vs 托特纳姆热刺,2-1,2-1,易*,0.93,1.25,0.98,20250115131352
阿森纳 vs 托特纳姆热刺,2-1,2-1,易*,0.93,1.25,0.99,20250115131152
阿森纳 vs 托特纳姆热刺,2-1,2-1,易*,0.92,1.25,1.0,20250115130107
阿森纳 vs 托特纳姆热刺,2-1,2-1,易*,0.9,1.25,1.0,20250115121507
阿森纳 vs 托特纳姆热刺,2-1,2-1,易*,0.92,1.25,1.0,20250115115657
阿森纳 vs 托特纳姆热刺,2-1,2-1,易*,0.9,1.25,1.0,20250115114048
阿森纳 vs 托特纳姆热刺,2-1,2-1,易*,0.92,1.25,1.0,20250115103554
阿森纳 vs 托特纳姆热刺,2-1,2-1,易*,0.86,1.25,1.05,20250115100253
阿森纳 vs 托特纳姆热刺,2-1,2-1,易*,0.85,1.25,1.06,20250115095735
阿森纳 vs 托特纳姆热刺,2-1,2-1,易*,0.87,1.25,1.04,20250115095033
阿森纳 vs 托特纳姆热刺,2-1,2-1,易*,0.85,1.25,1.05,20250115093832
阿森纳 vs 托特纳姆热刺,2-1,2-1,易*,0.86,1.25,1.04,20250115092024
阿森纳 vs 托特纳姆热刺,2-1,2-1,易*,0.87,1.25,1.03,20250115085617
阿森纳 vs 托特纳姆热刺,2-1,2-1,易*,0.9,1.25,1.01,20250115083508
阿森纳 vs 托特纳姆热刺,2-1,2-1,易*,0.88,1.25,1.02,20250115082405
阿森纳 vs 托特纳姆热刺,2-1,2-1,易*,1.11,1.5,0.8,20250115082305
阿森纳 vs 托特纳姆热刺,2-1,2-1,易*,0.9,1.25,1.02,20250115075755
阿森纳 vs 托特纳姆热刺,2-1,2-1,易*,0.88,1.25,1.02,20250115074953
阿森纳 vs 托特纳姆热刺,2-1,2-1,易*,0.89,1.25,1.01,20250115063815
阿森纳 vs 托特纳姆热刺,2-1,2-1,易*,0.87,1.25,1.01,20250115061621
阿森纳 vs 托特纳姆热刺,2-1,2-1,易*,0.91,1.25,0.99,20250115051338
阿森纳 vs 托特纳姆热刺,2-1,2-1,易*,0.9,1.25,0.98,20250115042229
阿森纳 vs 托特纳姆热刺,2-1,2-1,易*,0.96,1.25,0.92,20250115041624
阿森纳 vs 托特纳姆热刺,2-1,2-1,易*,0.92,1.25,0.96,20250114234527
阿森纳 vs 托特纳姆热刺,2-1,2-1,易*,0.91,1.25,0.97,20250114232512
阿森纳 vs 托特纳姆热刺,2-1,2-1,易*,0.9,1.25,0.98,20250114220937
阿森纳 vs 托特纳姆热刺,2-1,2-1,易*,0.91,1.25,0.97,20250114211245
阿森纳 vs 托特纳姆热刺,2-1,2-1,易*,0.92,1.25,0.96,20250114210645
阿森纳 vs 托特纳姆热刺,2-1,2-1,易*,0.87,1.25,1.01,20250114195230
阿森纳 vs 托特纳姆热刺,2-1,2-1,易*,0.86,1.25,1.02,20250114184823
阿森纳 vs 托特纳姆热刺,2-1,2-1,易*,0.84,1.25,1.04,20250114130943
阿森纳 vs 托特纳姆热刺,2-1,2-1,易*,0.83,1.25,1.05,20250114080341
阿森纳 vs 托特纳姆热刺,2-1,2-1,易*,0.85,1.25,1.03,20250114054114
阿森纳 vs 托特纳姆热刺,2-1,2-1,易*,0.84,1.25,1.04,20250114034119
阿森纳 vs 托特纳姆热刺,2-1,2-1,易*,0.87,1.25,1.01,20250114014447
阿森纳 vs 托特纳姆热刺,2-1,2-1,易*,0.86,1.25,1.02,20250114010833
阿森纳 vs 托特纳姆热刺,2-1,2-1,易*,0.84,1.25,1.04,20250114010532
阿森纳 vs 托特纳姆热刺,2-1,2-1,易*,0.77,1.25,1.02,20250113233632
阿森纳 vs 托特纳姆热刺,2-1,2-1,易*,0.85,1.25,1.03,20250113210402
阿森纳 vs 托特纳姆热刺,2-1,2-1,易*,0.86,1.25,1.02,20250113205902
阿森纳 vs 托特纳姆热刺,2-1,2-1,易*,0.84,1.25,1.04,20250113182353
阿森纳 vs 托特纳姆热刺,2-1,2-1,易*,0.86,1.25,1.02,20250113141711
阿森纳 vs 托特纳姆热刺,2-1,2-1,易*,0.85,1.25,1.03,20250113141611
阿森纳 vs 托特纳姆热刺,2-1,2-1,易*,0.84,1.25,1.04,20250113120300
阿森纳 vs 托特纳姆热刺,2-1,2-1,易*,0.83,1.25,1.05,20250113064641
阿森纳 vs 托特纳姆热刺,2-1,2-1,伟*,0.99,1.5,0.88,20250115234832
阿森纳 vs 托特纳姆热刺,2-1,2-1,伟*,0.98,1.5,0.89,20250115224507
阿森纳 vs 托特纳姆热刺,2-1,2-1,伟*,0.97,1.5,0.9,20250115222939
阿森纳 vs 托特纳姆热刺,2-1,2-1,伟*,0.98,1.5,0.89,20250115215511
阿森纳 vs 托特纳姆热刺,2-1,2-1,伟*,0.99,1.5,0.88,20250115215357
阿森纳 vs 托特纳姆热刺,2-1,2-1,伟*,1.0,1.5,0.87,20250115214724
阿森纳 vs 托特纳姆热刺,2-1,2-1,伟*,0.99,1.5,0.88,20250115214607
阿森纳 vs 托特纳姆热刺,2-1,2-1,伟*,0.98,1.5,0.89,20250115214335
阿森纳 vs 托特纳姆热刺,2-1,2-1,伟*,0.97,1.5,0.9,20250115214220
阿森纳 vs 托特纳姆热刺,2-1,2-1,伟*,0.96,1.5,0.9,20250115214114
阿森纳 vs 托特纳姆热刺,2-1,2-1,伟*,0.96,1.5,0.91,20250115213951
阿森纳 vs 托特纳姆热刺,2-1,2-1,伟*,0.95,1.5,0.91,20250115213736
阿森纳 vs 托特纳姆热刺,2-1,2-1,伟*,0.95,1.5,0.92,20250115212355
阿森纳 vs 托特纳姆热刺,2-1,2-1,伟*,0.94,1.5,0.92,20250115200311
阿森纳 vs 托特纳姆热刺,2-1,2-1,伟*,0.95,1.5,0.92,20250115193704
阿森纳 vs 托特纳姆热刺,2-1,2-1,伟*,0.94,1.5,0.92,20250115193543
阿森纳 vs 托特纳姆热刺,2-1,2-1,伟*,0.95,1.5,0.92,20250115193431
阿森纳 vs 托特纳姆热刺,2-1,2-1,伟*,0.96,1.5,0.91,20250115193322
阿森纳 vs 托特纳姆热刺,2-1,2-1,伟*,0.97,1.5,0.9,20250115193215
阿森纳 vs 托特纳姆热刺,2-1,2-1,伟*,0.98,1.5,0.89,20250115192720
阿森纳 vs 托特纳姆热刺,2-1,2-1,伟*,0.97,1.5,0.9,20250115192606
阿森纳 vs 托特纳姆热刺,2-1,2-1,伟*,0.96,1.5,0.91,20250115190643
阿森纳 vs 托特纳姆热刺,2-1,2-1,伟*,0.95,1.5,0.92,20250115185350
阿森纳 vs 托特纳姆热刺,2-1,2-1,伟*,0.94,1.5,0.92,20250115185109
阿森纳 vs 托特纳姆热刺,2-1,2-1,伟*,0.93,1.5,0.93,20250115183347
阿森纳 vs 托特纳姆热刺,2-1,2-1,伟*,0.94,1.5,0.92,20250115182959
阿森纳 vs 托特纳姆热刺,2-1,2-1,伟*,0.95,1.5,0.91,20250115182847
阿森纳 vs 托特纳姆热刺,2-1,2-1,伟*,0.99,1.5,0.88,20250115182737
阿森纳 vs 托特纳姆热刺,2-1,2-1,伟*,1.01,1.5,0.86,20250115182626
阿森纳 vs 托特纳姆热刺,2-1,2-1,伟*,1.02,1.5,0.85,20250115182512
阿森纳 vs 托特纳姆热刺,2-1,2-1,伟*,0.83,1.25,1.05,20250115181751
阿森纳 vs 托特纳姆热刺,2-1,2-1,伟*,0.82,1.25,1.05,20250115181546
阿森纳 vs 托特纳姆热刺,2-1,2-1,伟*,1.05,1.5,0.83,20250115181449
阿森纳 vs 托特纳姆热刺,2-1,2-1,伟*,1.03,1.5,0.84,20250115181342
阿森纳 vs 托特纳姆热刺,2-1,2-1,伟*,1.02,1.5,0.85,20250115181238
阿森纳 vs 托特纳姆热刺,2-1,2-1,伟*,1.01,1.5,0.86,20250115181127
阿森纳 vs 托特纳姆热刺,2-1,2-1,伟*,1.0,1.5,0.87,20250115181029
阿森纳 vs 托特纳姆热刺,2-1,2-1,伟*,0.97,1.5,0.9,20250115180935
阿森纳 vs 托特纳姆热刺,2-1,2-1,伟*,0.96,1.5,0.91,20250115180312
阿森纳 vs 托特纳姆热刺,2-1,2-1,伟*,0.97,1.5,0.9,20250115175919
阿森纳 vs 托特纳姆热刺,2-1,2-1,伟*,0.98,1.5,0.89,20250115171315
阿森纳 vs 托特纳姆热刺,2-1,2-1,伟*,0.99,1.5,0.88,20250115165100
阿森纳 vs 托特纳姆热刺,2-1,2-1,伟*,0.98,1.5,0.88,20250115164134
阿森纳 vs 托特纳姆热刺,2-1,2-1,伟*,0.99,1.5,0.88,20250115154002
阿森纳 vs 托特纳姆热刺,2-1,2-1,伟*,0.98,1.5,0.89,20250115153247
阿森纳 vs 托特纳姆热刺,2-1,2-1,伟*,0.99,1.5,0.88,20250115150545
阿森纳 vs 托特纳姆热刺,2-1,2-1,伟*,1.0,1.5,0.87,20250115150335
阿森纳 vs 托特纳姆热刺,2-1,2-1,伟*,0.99,1.5,0.88,20250115145916
阿森纳 vs 托特纳姆热刺,2-1,2-1,伟*,0.98,1.5,0.88,20250115143913
阿森纳 vs 托特纳姆热刺,2-1,2-1,伟*,0.99,1.5,0.88,20250115143606
阿森纳 vs 托特纳姆热刺,2-1,2-1,伟*,1.01,1.5,0.86,20250115143405
阿森纳 vs 托特纳姆热刺,2-1,2-1,伟*,1.02,1.5,0.85,20250115143255
阿森纳 vs 托特纳姆热刺,2-1,2-1,伟*,1.03,1.5,0.84,20250115143053
阿森纳 vs 托特纳姆热刺,2-1,2-1,伟*,1.05,1.5,0.82,20250115142943
阿森纳 vs 托特纳姆热刺,2-1,2-1,伟*,1.06,1.5,0.82,20250115141129
阿森纳 vs 托特纳姆热刺,2-1,2-1,伟*,0.82,1.25,1.06,20250115135909
阿森纳 vs 托特纳姆热刺,2-1,2-1,伟*,0.83,1.25,1.05,20250115135403
阿森纳 vs 托特纳姆热刺,2-1,2-1,伟*,0.84,1.25,1.03,20250115134937
阿森纳 vs 托特纳姆热刺,2-1,2-1,伟*,0.84,1.25,1.04,20250115134829
阿森纳 vs 托特纳姆热刺,2-1,2-1,伟*,0.83,1.25,1.05,20250115134718
阿森纳 vs 托特纳姆热刺,2-1,2-1,伟*,0.83,1.25,1.04,20250115133810
阿森纳 vs 托特纳姆热刺,2-1,2-1,伟*,0.83,1.25,1.05,20250115132604
阿森纳 vs 托特纳姆热刺,2-1,2-1,伟*,0.84,1.25,1.03,20250115132152
阿森纳 vs 托特纳姆热刺,2-1,2-1,伟*,0.85,1.25,1.02,20250115132047
阿森纳 vs 托特纳姆热刺,2-1,2-1,伟*,0.86,1.25,1.01,20250115131734
阿森纳 vs 托特纳姆热刺,2-1,2-1,伟*,0.87,1.25,1.0,20250115131623
阿森纳 vs 托特纳姆热刺,2-1,2-1,伟*,0.86,1.25,1.01,20250115131415
阿森纳 vs 托特纳姆热刺,2-1,2-1,伟*,0.85,1.25,1.02,20250115124837
阿森纳 vs 托特纳姆热刺,2-1,2-1,伟*,0.84,1.25,1.03,20250115124331
阿森纳 vs 托特纳姆热刺,2-1,2-1,伟*,0.85,1.25,1.02,20250115123707
阿森纳 vs 托特纳姆热刺,2-1,2-1,伟*,0.84,1.25,1.03,20250115123558
阿森纳 vs 托特纳姆热刺,2-1,2-1,伟*,0.85,1.25,1.02,20250115121543
阿森纳 vs 托特纳姆热刺,2-1,2-1,伟*,0.84,1.25,1.03,20250115120738
阿森纳 vs 托特纳姆热刺,2-1,2-1,伟*,0.85,1.25,1.02,20250115115226
阿森纳 vs 托特纳姆热刺,2-1,2-1,伟*,0.84,1.25,1.03,20250115100310
阿森纳 vs 托特纳姆热刺,2-1,2-1,伟*,0.85,1.25,1.02,20250115100202
阿森纳 vs 托特纳姆热刺,2-1,2-1,伟*,0.84,1.25,1.03,20250115095648
阿森纳 vs 托特纳姆热刺,2-1,2-1,伟*,0.85,1.25,1.02,20250115093809
阿森纳 vs 托特纳姆热刺,2-1,2-1,伟*,0.86,1.25,1.01,20250115090248
阿森纳 vs 托特纳姆热刺,2-1,2-1,伟*,0.86,1.25,1.0,20250115085934
阿森纳 vs 托特纳姆热刺,2-1,2-1,伟*,0.87,1.25,1.0,20250115082358
阿森纳 vs 托特纳姆热刺,2-1,2-1,伟*,0.88,1.25,0.99,20250115082301
阿森纳 vs 托特纳姆热刺,2-1,2-1,伟*,0.87,1.25,1.0,20250115075903
阿森纳 vs 托特纳姆热刺,2-1,2-1,伟*,0.88,1.25,0.99,20250115075804
阿森纳 vs 托特纳姆热刺,2-1,2-1,伟*,0.87,1.25,1.0,20250115075017
阿森纳 vs 托特纳姆热刺,2-1,2-1,伟*,0.87,1.25,0.99,20250115074630
阿森纳 vs 托特纳姆热刺,2-1,2-1,伟*,0.88,1.25,0.99,20250115062445
阿森纳 vs 托特纳姆热刺,2-1,2-1,伟*,0.88,1.25,0.98,20250115062239
阿森纳 vs 托特纳姆热刺,2-1,2-1,伟*,0.89,1.25,0.98,20250115062037
阿森纳 vs 托特纳姆热刺,2-1,2-1,伟*,0.9,1.25,0.97,20250115061641
阿森纳 vs 托特纳姆热刺,2-1,2-1,伟*,0.91,1.25,0.96,20250115061539
阿森纳 vs 托特纳姆热刺,2-1,2-1,伟*,0.9,1.25,0.96,20250115055328
阿森纳 vs 托特纳姆热刺,2-1,2-1,伟*,0.9,1.25,0.97,20250115055010
阿森纳 vs 托特纳姆热刺,2-1,2-1,伟*,0.88,1.25,0.99,20250115042528
阿森纳 vs 托特纳姆热刺,2-1,2-1,伟*,0.89,1.25,0.98,20250115042256
阿森纳 vs 托特纳姆热刺,2-1,2-1,伟*,0.9,1.25,0.97,20250115042139
阿森纳 vs 托特纳姆热刺,2-1,2-1,伟*,0.92,1.25,0.95,20250115042017
阿森纳 vs 托特纳姆热刺,2-1,2-1,伟*,0.92,1.25,0.94,20250115041903
阿森纳 vs 托特纳姆热刺,2-1,2-1,伟*,0.94,1.25,0.92,20250115041520
阿森纳 vs 托特纳姆热刺,2-1,2-1,伟*,0.93,1.25,0.93,20250115040036
阿森纳 vs 托特纳姆热刺,2-1,2-1,伟*,0.89,1.25,0.9,20250115022508
阿森纳 vs 托特纳姆热刺,2-1,2-1,伟*,0.88,1.25,0.91,20250114231430
阿森纳 vs 托特纳姆热刺,2-1,2-1,伟*,0.87,1.25,0.92,20250114222212
阿森纳 vs 托特纳姆热刺,2-1,2-1,伟*,0.86,1.25,0.93,20250114221248
阿森纳 vs 托特纳姆热刺,2-1,2-1,伟*,0.87,1.25,0.93,20250114220915
阿森纳 vs 托特纳姆热刺,2-1,2-1,伟*,0.87,1.25,0.92,20250114220255
阿森纳 vs 托特纳姆热刺,2-1,2-1,伟*,0.89,1.25,0.91,20250114214033
阿森纳 vs 托特纳姆热刺,2-1,2-1,伟*,0.88,1.25,0.91,20250114211048
阿森纳 vs 托特纳姆热刺,2-1,2-1,伟*,0.88,1.25,0.92,20250114210742
阿森纳 vs 托特纳姆热刺,2-1,2-1,伟*,0.86,1.25,0.93,20250114210445
阿森纳 vs 托特纳姆热刺,2-1,2-1,伟*,0.84,1.25,0.95,20250114191906
阿森纳 vs 托特纳姆热刺,2-1,2-1,伟*,0.84,1.25,0.96,20250114191304
阿森纳 vs 托特纳姆热刺,2-1,2-1,伟*,0.83,1.25,0.97,20250114185017
阿森纳 vs 托特纳姆热刺,2-1,2-1,伟*,0.81,1.25,0.99,20250114130947
阿森纳 vs 托特纳姆热刺,2-1,2-1,伟*,0.8,1.25,1.0,20250114080614
阿森纳 vs 托特纳姆热刺,2-1,2-1,伟*,0.81,1.25,0.99,20250114053952
阿森纳 vs 托特纳姆热刺,2-1,2-1,伟*,0.82,1.25,0.98,20250114045017
阿森纳 vs 托特纳姆热刺,2-1,2-1,伟*,0.81,1.25,0.99,20250114034259
阿森纳 vs 托特纳姆热刺,2-1,2-1,伟*,0.84,1.25,0.96,20250114014807
阿森纳 vs 托特纳姆热刺,2-1,2-1,伟*,0.83,1.25,0.97,20250114011212
阿森纳 vs 托特纳姆热刺,2-1,2-1,伟*,0.8,1.25,1.0,20250114010920
阿森纳 vs 托特纳姆热刺,2-1,2-1,伟*,1.0,1.5,0.8,20250114000313
阿森纳 vs 托特纳姆热刺,2-1,2-1,伟*,1.01,1.5,0.79,20250113233646
阿森纳 vs 托特纳姆热刺,2-1,2-1,伟*,0.79,1.25,1.01,20250113233334
阿森纳 vs 托特纳姆热刺,2-1,2-1,伟*,0.8,1.25,1.0,20250113233046
阿森纳 vs 托特纳姆热刺,2-1,2-1,伟*,0.82,1.25,0.98,20250113210528
阿森纳 vs 托特纳姆热刺,2-1,2-1,伟*,0.81,1.25,0.99,20250113182707
阿森纳 vs 托特纳姆热刺,2-1,2-1,伟*,0.82,1.25,0.98,20250113182422
阿森纳 vs 托特纳姆热刺,2-1,2-1,伟*,0.84,1.25,0.96,20250113180013
阿森纳 vs 托特纳姆热刺,2-1,2-1,伟*,0.84,1.25,0.95,20250113175711
阿森纳 vs 托特纳姆热刺,2-1,2-1,伟*,0.83,1.25,0.97,20250113142009
阿森纳 vs 托特纳姆热刺,2-1,2-1,伟*,0.82,1.25,0.98,20250113091917
阿森纳 vs 托特纳姆热刺,2-1,2-1,伟*,0.81,1.25,0.99,20250113090419
阿森纳 vs 托特纳姆热刺,2-1,2-1,伟*,0.82,1.25,0.98,20250113084515
阿森纳 vs 托特纳姆热刺,2-1,2-1,伟*,1.01,1.5,0.79,20250112235427
阿森纳 vs 托特纳姆热刺,2-1,2-1,伟*,1.0,1.5,0.8,20250112220636
阿森纳 vs 托特纳姆热刺,2-1,2-1,伟*,0.99,1.5,0.81,20250112210627
阿森纳 vs 托特纳姆热刺,2-1,2-1,伟*,0.98,1.5,0.82,20250112005311
阿森纳 vs 托特纳姆热刺,2-1,2-1,伟*,0.97,1.5,0.82,20250112002034
阿森纳 vs 托特纳姆热刺,2-1,2-1,伟*,0.98,1.5,0.82,20250111222750
阿森纳 vs 托特纳姆热刺,2-1,2-1,伟*,0.97,1.5,0.82,20250111222503
阿森纳 vs 托特纳姆热刺,2-1,2-1,伟*,0.97,1.5,0.83,20250111215850
阿森纳 vs 托特纳姆热刺,2-1,2-1,伟*,0.95,1.5,0.84,20250111020628
阿森纳 vs 托特纳姆热刺,2-1,2-1,伟*,0.96,1.5,0.84,20250111020337
阿森纳 vs 托特纳姆热刺,2-1,2-1,伟*,0.97,1.5,0.83,20250110183200
阿森纳 vs 托特纳姆热刺,2-1,2-1,伟*,0.96,1.5,0.84,20250110181733
阿森纳 vs 托特纳姆热刺,2-1,2-1,伟*,0.97,1.5,0.83,20250110180042
阿森纳 vs 托特纳姆热刺,2-1,2-1,伟*,0.96,1.5,0.84,20250110174729
阿森纳 vs 托特纳姆热刺,2-1,2-1,伟*,0.95,1.5,0.84,20250110121835
阿森纳 vs 托特纳姆热刺,2-1,2-1,伟*,0.95,1.5,0.85,20250110121637
阿森纳 vs 托特纳姆热刺,2-1,2-1,伟*,0.95,1.5,0.84,20250110034622
阿森纳 vs 托特纳姆热刺,2-1,2-1,伟*,0.95,1.5,0.85,20250110034402
阿森纳 vs 托特纳姆热刺,2-1,2-1,伟*,0.95,1.5,0.84,20250110025110
阿森纳 vs 托特纳姆热刺,2-1,2-1,伟*,0.94,1.5,0.85,20250110024710
阿森纳 vs 托特纳姆热刺,2-1,2-1,伟*,0.95,1.5,0.84,20250110021049
阿森纳 vs 托特纳姆热刺,2-1,2-1,伟*,0.95,1.5,0.85,20250110020640
阿森纳 vs 托特纳姆热刺,2-1,2-1,伟*,0.93,1.5,0.86,20250110004613
阿森纳 vs 托特纳姆热刺,2-1,2-1,伟*,0.92,1.5,0.87,20250110004411
阿森纳 vs 托特纳姆热刺,2-1,2-1,伟*,0.93,1.5,0.86,20250110002539
阿森纳 vs 托特纳姆热刺,2-1,2-1,伟*,0.92,1.5,0.87,20250109190948
阿森纳 vs 托特纳姆热刺,2-1,2-1,伟*,0.9,1.5,0.89,20250109190714
阿森纳 vs 托特纳姆热刺,2-1,2-1,伟*,0.91,1.5,0.88,20250109182718
阿森纳 vs 托特纳姆热刺,2-1,2-1,伟*,0.92,1.5,0.87,20250109181419
阿森纳 vs 托特纳姆热刺,2-1,2-1,伟*,0.91,1.5,0.88,20250109180423
阿森纳 vs 托特纳姆热刺,2-1,2-1,伟*,0.92,1.5,0.88,20250109180122
阿森纳 vs 托特纳姆热刺,2-1,2-1,伟*,0.91,1.5,0.88,20250109175758
阿森纳 vs 托特纳姆热刺,2-1,2-1,伟*,0.92,1.5,0.87,20250109175058
阿森纳 vs 托特纳姆热刺,2-1,2-1,伟*,0.92,1.5,0.88,20250109174700
阿森纳 vs 托特纳姆热刺,2-1,2-1,伟*,0.91,1.5,0.88,20250109173840
阿森纳 vs 托特纳姆热刺,2-1,2-1,伟*,0.92,1.5,0.87,20250109172710
阿森纳 vs 托特纳姆热刺,2-1,2-1,伟*,0.91,1.5,0.88,20250109151405
阿森纳 vs 托特纳姆热刺,2-1,2-1,伟*,0.92,1.5,0.87,20250109151137
阿森纳 vs 托特纳姆热刺,2-1,2-1,伟*,0.92,1.5,0.88,20250109150624
阿森纳 vs 托特纳姆热刺,2-1,2-1,伟*,0.91,1.5,0.88,20250109150413
阿森纳 vs 托特纳姆热刺,2-1,2-1,伟*,0.92,1.5,0.88,20250109145945
阿森纳 vs 托特纳姆热刺,2-1,2-1,伟*,0.92,1.5,0.87,20250109144735
阿森纳 vs 托特纳姆热刺,2-1,2-1,伟*,0.91,1.5,0.88,20250109144521
阿森纳 vs 托特纳姆热刺,2-1,2-1,伟*,0.92,1.5,0.88,20250109144313
阿森纳 vs 托特纳姆热刺,2-1,2-1,伟*,0.91,1.5,0.88,20250109143815
阿森纳 vs 托特纳姆热刺,2-1,2-1,伟*,0.92,1.5,0.87,20250109143545
阿森纳 vs 托特纳姆热刺,2-1,2-1,伟*,0.91,1.5,0.88,20250109141717
阿森纳 vs 托特纳姆热刺,2-1,2-1,伟*,0.92,1.5,0.87,20250109141242
阿森纳 vs 托特纳姆热刺,2-1,2-1,伟*,0.92,1.5,0.88,20250109141032
阿森纳 vs 托特纳姆热刺,2-1,2-1,伟*,0.92,1.5,0.87,20250109140558
阿森纳 vs 托特纳姆热刺,2-1,2-1,伟*,0.91,1.5,0.88,20250109134803
阿森纳 vs 托特纳姆热刺,2-1,2-1,伟*,0.92,1.5,0.87,20250109134530
阿森纳 vs 托特纳姆热刺,2-1,2-1,伟*,0.92,1.5,0.88,20250109133631
阿森纳 vs 托特纳姆热刺,2-1,2-1,伟*,0.91,1.5,0.88,20250109132425
阿森纳 vs 托特纳姆热刺,2-1,2-1,伟*,0.92,1.5,0.87,20250109131719
阿森纳 vs 托特纳姆热刺,2-1,2-1,伟*,0.91,1.5,0.88,20250109131418
阿森纳 vs 托特纳姆热刺,2-1,2-1,伟*,0.92,1.5,0.88,20250109131152
阿森纳 vs 托特纳姆热刺,2-1,2-1,伟*,0.92,1.5,0.87,20250109130924
阿森纳 vs 托特纳姆热刺,2-1,2-1,伟*,0.91,1.5,0.88,20250109124515
阿森纳 vs 托特纳姆热刺,2-1,2-1,伟*,0.92,1.5,0.88,20250109124307
阿森纳 vs 托特纳姆热刺,2-1,2-1,伟*,0.92,1.5,0.87,20250109123620
阿森纳 vs 托特纳姆热刺,2-1,2-1,伟*,0.91,1.5,0.88,20250109122042
阿森纳 vs 托特纳姆热刺,2-1,2-1,伟*,0.92,1.5,0.87,20250109121834
阿森纳 vs 托特纳姆热刺,2-1,2-1,伟*,0.92,1.5,0.88,20250109121616
阿森纳 vs 托特纳姆热刺,2-1,2-1,伟*,0.91,1.5,0.88,20250109121154
阿森纳 vs 托特纳姆热刺,2-1,2-1,伟*,0.92,1.5,0.87,20250109120755
阿森纳 vs 托特纳姆热刺,2-1,2-1,伟*,0.91,1.5,0.88,20250109103541
阿森纳 vs 托特纳姆热刺,2-1,2-1,伟*,0.92,1.5,0.87,20250109103310
阿森纳 vs 托特纳姆热刺,2-1,2-1,伟*,0.91,1.5,0.88,20250109100955
阿森纳 vs 托特纳姆热刺,2-1,2-1,伟*,0.92,1.5,0.87,20250109100736
阿森纳 vs 托特纳姆热刺,2-1,2-1,伟*,0.92,1.5,0.88,20250109100536
阿森纳 vs 托特纳姆热刺,2-1,2-1,伟*,0.91,1.5,0.88,20250109092903
阿森纳 vs 托特纳姆热刺,2-1,2-1,伟*,0.92,1.5,0.87,20250109091717
阿森纳 vs 托特纳姆热刺,2-1,2-1,伟*,0.91,1.5,0.88,20250109085613
阿森纳 vs 托特纳姆热刺,2-1,2-1,伟*,0.92,1.5,0.87,20250109084943
阿森纳 vs 托特纳姆热刺,2-1,2-1,伟*,0.91,1.5,0.88,20250109084514
阿森纳 vs 托特纳姆热刺,2-1,2-1,伟*,0.92,1.5,0.87,20250109083021
阿森纳 vs 托特纳姆热刺,2-1,2-1,伟*,0.92,1.5,0.88,20250109082804
阿森纳 vs 托特纳姆热刺,2-1,2-1,伟*,0.92,1.5,0.87,20250109082329
阿森纳 vs 托特纳姆热刺,2-1,2-1,伟*,0.91,1.5,0.88,20250109081316
阿森纳 vs 托特纳姆热刺,2-1,2-1,伟*,0.92,1.5,0.87,20250109080941
阿森纳 vs 托特纳姆热刺,2-1,2-1,伟*,0.92,1.5,0.88,20250109080635
阿森纳 vs 托特纳姆热刺,2-1,2-1,伟*,0.92,1.5,0.87,20250109075809
阿森纳 vs 托特纳姆热刺,2-1,2-1,伟*,0.91,1.5,0.88,20250109075225
阿森纳 vs 托特纳姆热刺,2-1,2-1,伟*,0.92,1.5,0.88,20250109074952
阿森纳 vs 托特纳姆热刺,2-1,2-1,伟*,0.91,1.5,0.88,20250109072710
阿森纳 vs 托特纳姆热刺,2-1,2-1,伟*,0.92,1.5,0.87,20250109071428
阿森纳 vs 托特纳姆热刺,2-1,2-1,伟*,0.92,1.5,0.88,20250109071208
阿森纳 vs 托特纳姆热刺,2-1,2-1,伟*,0.91,1.5,0.88,20250109070743
阿森纳 vs 托特纳姆热刺,2-1,2-1,伟*,0.92,1.5,0.88,20250109070056
阿森纳 vs 托特纳姆热刺,2-1,2-1,伟*,0.92,1.5,0.87,20250109065830
阿森纳 vs 托特纳姆热刺,2-1,2-1,伟*,0.91,1.5,0.88,20250109065412
阿森纳 vs 托特纳姆热刺,2-1,2-1,伟*,0.92,1.5,0.88,20250109064916
阿森纳 vs 托特纳姆热刺,2-1,2-1,伟*,0.91,1.5,0.88,20250109062027
阿森纳 vs 托特纳姆热刺,2-1,2-1,伟*,0.91,1.5,0.89,20250109061805
阿森纳 vs 托特纳姆热刺,2-1,2-1,伟*,0.9,1.5,0.89,20250109060307
阿森纳 vs 托特纳姆热刺,2-1,2-1,伟*,0.88,1.5,0.91,20250109060055
阿森纳 vs 托特纳姆热刺,2-1,2-1,伟*,0.87,1.5,0.92,20250109040401
阿森纳 vs 托特纳姆热刺,2-1,2-1,伟*,0.86,1.5,0.93,20250109002300
阿森纳 vs 托特纳姆热刺,2-1,2-1,伟*,0.87,1.5,0.92,20250109002052
阿森纳 vs 托特纳姆热刺,2-1,2-1,伟*,0.86,1.5,0.93,20250108213609
阿森纳 vs 托特纳姆热刺,2-1,2-1,伟*,0.87,1.5,0.92,20250108213407
阿森纳 vs 托特纳姆热刺,2-1,2-1,伟*,0.86,1.5,0.93,20250108212752
阿森纳 vs 托特纳姆热刺,2-1,2-1,伟*,0.87,1.5,0.93,20250108212536
阿森纳 vs 托特纳姆热刺,2-1,2-1,伟*,0.86,1.5,0.93,20250108211853
阿森纳 vs 托特纳姆热刺,2-1,2-1,伟*,0.87,1.5,0.92,20250108211551
阿森纳 vs 托特纳姆热刺,2-1,2-1,伟*,0.85,1.5,0.94,20250108195442
阿森纳 vs 托特纳姆热刺,2-1,2-1,伟*,0.86,1.5,0.93,20250108194951
阿森纳 vs 托特纳姆热刺,2-1,2-1,伟*,0.85,1.5,0.94,20250108193602
阿森纳 vs 托特纳姆热刺,2-1,2-1,伟*,0.86,1.5,0.93,20250108191843
阿森纳 vs 托特纳姆热刺,2-1,2-1,伟*,0.85,1.5,0.94,20250108190942
阿森纳 vs 托特纳姆热刺,2-1,2-1,伟*,0.86,1.5,0.93,20250108190715
阿森纳 vs 托特纳姆热刺,2-1,2-1,伟*,0.85,1.5,0.94,20250108101729
阿森纳 vs 托特纳姆热刺,2-1,2-1,伟*,0.86,1.5,0.93,20250108101116
阿森纳 vs 托特纳姆热刺,2-1,2-1,伟*,0.85,1.5,0.94,20250108035714
阿森纳 vs 托特纳姆热刺,2-1,2-1,伟*,0.84,1.5,0.95,20250108031130
阿森纳 vs 托特纳姆热刺,2-1,2-1,伟*,0.85,1.5,0.94,20250108025919
阿森纳 vs 托特纳姆热刺,2-1,2-1,伟*,0.84,1.5,0.95,20250108023342
阿森纳 vs 托特纳姆热刺,2-1,2-1,伟*,0.85,1.5,0.94,20250108022122
阿森纳 vs 托特纳姆热刺,2-1,2-1,伟*,0.84,1.5,0.95,20250108021723
阿森纳 vs 托特纳姆热刺,2-1,2-1,伟*,0.85,1.5,0.94,20250108014718
阿森纳 vs 托特纳姆热刺,2-1,2-1,伟*,0.84,1.5,0.95,20250108004635
阿森纳 vs 托特纳姆热刺,2-1,2-1,伟*,0.85,1.5,0.94,20250108004027
阿森纳 vs 托特纳姆热刺,2-1,2-1,伟*,0.84,1.5,0.95,20250108003217
阿森纳 vs 托特纳姆热刺,2-1,2-1,伟*,0.85,1.5,0.94,20250108000547
阿森纳 vs 托特纳姆热刺,2-1,2-1,伟*,0.84,1.5,0.95,20250107215238
阿森纳 vs 托特纳姆热刺,2-1,2-1,伟*,0.85,1.5,0.94,20250107212633
阿森纳 vs 托特纳姆热刺,2-1,2-1,伟*,0.84,1.5,0.95,20250107201702
阿森纳 vs 托特纳姆热刺,2-1,2-1,伟*,0.85,1.5,0.94,20250107194006
阿森纳 vs 托特纳姆热刺,2-1,2-1,伟*,0.84,1.5,0.95,20250107193821
阿森纳 vs 托特纳姆热刺,2-1,2-1,伟*,0.85,1.5,0.94,20250107182541
阿森纳 vs 托特纳姆热刺,2-1,2-1,伟*,0.84,1.5,0.95,20250107180312
阿森纳 vs 托特纳姆热刺,2-1,2-1,伟*,0.85,1.5,0.94,20250107171019
阿森纳 vs 托特纳姆热刺,2-1,2-1,伟*,0.84,1.5,0.95,20250107165949
阿森纳 vs 托特纳姆热刺,2-1,2-1,伟*,0.85,1.5,0.94,20250107165209
阿森纳 vs 托特纳姆热刺,2-1,2-1,伟*,0.84,1.5,0.95,20250107164550
阿森纳 vs 托特纳姆热刺,2-1,2-1,伟*,0.85,1.5,0.94,20250107164209
阿森纳 vs 托特纳姆热刺,2-1,2-1,伟*,0.84,1.5,0.95,20250107162750
阿森纳 vs 托特纳姆热刺,2-1,2-1,伟*,0.85,1.5,0.94,20250107162627
阿森纳 vs 托特纳姆热刺,2-1,2-1,伟*,0.84,1.5,0.95,20250107161539
阿森纳 vs 托特纳姆热刺,2-1,2-1,伟*,0.85,1.5,0.94,20250107155429
阿森纳 vs 托特纳姆热刺,2-1,2-1,伟*,0.84,1.5,0.95,20250107155008
阿森纳 vs 托特纳姆热刺,2-1,2-1,伟*,0.85,1.5,0.94,20250107153737
阿森纳 vs 托特纳姆热刺,2-1,2-1,伟*,0.84,1.5,0.95,20250107152912
阿森纳 vs 托特纳姆热刺,2-1,2-1,伟*,0.85,1.5,0.94,20250107143807
阿森纳 vs 托特纳姆热刺,2-1,2-1,伟*,0.84,1.5,0.95,20250107143403
阿森纳 vs 托特纳姆热刺,2-1,2-1,伟*,0.85,1.5,0.94,20250107141656
阿森纳 vs 托特纳姆热刺,2-1,2-1,伟*,0.84,1.5,0.95,20250107110250
阿森纳 vs 托特纳姆热刺,2-1,2-1,伟*,0.85,1.5,0.94,20250107105932
阿森纳 vs 托特纳姆热刺,2-1,2-1,伟*,0.85,1.5,0.95,20250107102535
阿森纳 vs 托特纳姆热刺,2-1,2-1,伟*,0.84,1.5,0.95,20250107101356
阿森纳 vs 托特纳姆热刺,2-1,2-1,伟*,0.85,1.5,0.95,20250107100303
阿森纳 vs 托特纳姆热刺,2-1,2-1,伟*,0.84,1.5,0.95,20250107095134
阿森纳 vs 托特纳姆热刺,2-1,2-1,伟*,0.85,1.5,0.95,20250107094324
阿森纳 vs 托特纳姆热刺,2-1,2-1,伟*,0.84,1.5,0.95,20250107093802
阿森纳 vs 托特纳姆热刺,2-1,2-1,伟*,0.85,1.5,0.94,20250107093205
阿森纳 vs 托特纳姆热刺,2-1,2-1,伟*,0.84,1.5,0.95,20250107092759
阿森纳 vs 托特纳姆热刺,2-1,2-1,伟*,0.85,1.5,0.95,20250107092344
阿森纳 vs 托特纳姆热刺,2-1,2-1,伟*,0.84,1.5,0.95,20250107090323
阿森纳 vs 托特纳姆热刺,2-1,2-1,伟*,0.85,1.5,0.94,20250107085711
阿森纳 vs 托特纳姆热刺,2-1,2-1,伟*,0.84,1.5,0.95,20250107083640
阿森纳 vs 托特纳姆热刺,2-1,2-1,伟*,0.85,1.5,0.95,20250107082443
阿森纳 vs 托特纳姆热刺,2-1,2-1,伟*,0.84,1.5,0.95,20250107080305
阿森纳 vs 托特纳姆热刺,2-1,2-1,伟*,0.85,1.5,0.95,20250107075853
阿森纳 vs 托特纳姆热刺,2-1,2-1,伟*,0.84,1.5,0.95,20250107075221
阿森纳 vs 托特纳姆热刺,2-1,2-1,伟*,0.85,1.5,0.94,20250107074818
阿森纳 vs 托特纳姆热刺,2-1,2-1,伟*,0.84,1.5,0.95,20250107074403
阿森纳 vs 托特纳姆热刺,2-1,2-1,伟*,0.85,1.5,0.95,20250107074007
阿森纳 vs 托特纳姆热刺,2-1,2-1,伟*,0.84,1.5,0.95,20250107060921
阿森纳 vs 托特纳姆热刺,2-1,2-1,伟*,0.85,1.5,0.95,20250107055728
阿森纳 vs 托特纳姆热刺,2-1,2-1,伟*,0.84,1.5,0.95,20250107055332
阿森纳 vs 托特纳姆热刺,2-1,2-1,伟*,0.85,1.5,0.95,20250107051921
阿森纳 vs 托特纳姆热刺,2-1,2-1,伟*,0.84,1.5,0.95,20250107051118
阿森纳 vs 托特纳姆热刺,2-1,2-1,伟*,0.85,1.5,0.95,20250107050044
阿森纳 vs 托特纳姆热刺,2-1,2-1,伟*,0.84,1.5,0.95,20250107040912
阿森纳 vs 托特纳姆热刺,2-1,2-1,伟*,0.85,1.5,0.95,20250107023732
阿森纳 vs 托特纳姆热刺,2-1,2-1,伟*,0.84,1.5,0.95,20250107021221
阿森纳 vs 托特纳姆热刺,2-1,2-1,伟*,0.85,1.5,0.95,20250107020751
阿森纳 vs 托特纳姆热刺,2-1,2-1,伟*,0.85,1.5,0.94,20250107020547
阿森纳 vs 托特纳姆热刺,2-1,2-1,伟*,0.84,1.5,0.95,20250107013958
阿森纳 vs 托特纳姆热刺,2-1,2-1,伟*,0.85,1.5,0.95,20250107012706
阿森纳 vs 托特纳姆热刺,2-1,2-1,伟*,0.84,1.5,0.95,20250107012457
阿森纳 vs 托特纳姆热刺,2-1,2-1,伟*,0.85,1.5,0.95,20250107012255
阿森纳 vs 托特纳姆热刺,2-1,2-1,伟*,0.85,1.5,0.94,20250107012046
阿森纳 vs 托特纳姆热刺,2-1,2-1,伟*,0.85,1.5,0.95,20250107003021
阿森纳 vs 托特纳姆热刺,2-1,2-1,伟*,0.84,1.5,0.95,20250107002748
阿森纳 vs 托特纳姆热刺,2-1,2-1,伟*,0.85,1.5,0.95,20250107000447
阿森纳 vs 托特纳姆热刺,2-1,2-1,伟*,0.84,1.5,0.95,20250106233712
阿森纳 vs 托特纳姆热刺,2-1,2-1,伟*,0.85,1.5,0.95,20250106233405
阿森纳 vs 托特纳姆热刺,2-1,2-1,伟*,0.84,1.5,0.95,20250106205123
阿森纳 vs 托特纳姆热刺,2-1,2-1,伟*,0.85,1.5,0.94,20250106204513
阿森纳 vs 托特纳姆热刺,2-1,2-1,伟*,0.84,1.5,0.95,20250106204251
阿森纳 vs 托特纳姆热刺,2-1,2-1,伟*,0.86,1.5,0.93,20250106204048
阿森纳 vs 托特纳姆热刺,2-1,2-1,伟*,0.85,1.5,0.94,20250106202530
阿森纳 vs 托特纳姆热刺,2-1,2-1,伟*,0.84,1.5,0.95,20250106125133
阿森纳 vs 托特纳姆热刺,2-1,2-1,伟*,0.86,1.5,0.93,20250106123742
阿森纳 vs 托特纳姆热刺,2-1,2-1,伟*,0.85,1.5,0.95,20250106123414
阿森纳 vs 托特纳姆热刺,2-1,2-1,伟*,0.85,1.5,0.94,20250106122829
阿森纳 vs 托特纳姆热刺,2-1,2-1,伟*,0.84,1.5,0.95,20250106080251
阿森纳 vs 托特纳姆热刺,2-1,2-1,伟*,0.84,1.5,0.96,20250106074345
阿森纳 vs 托特纳姆热刺,2-1,2-1,伟*,0.84,1.5,0.95,20250106065953
阿森纳 vs 托特纳姆热刺,2-1,2-1,伟*,0.84,1.5,0.96,20250106065633
阿森纳 vs 托特纳姆热刺,2-1,2-1,伟*,0.84,1.5,0.95,20250106064858
阿森纳 vs 托特纳姆热刺,2-1,2-1,伟*,0.84,1.5,0.96,20250106064538
阿森纳 vs 托特纳姆热刺,2-1,2-1,伟*,0.84,1.5,0.95,20250106055742
阿森纳 vs 托特纳姆热刺,2-1,2-1,伟*,0.84,1.5,0.96,20250106055520
阿森纳 vs 托特纳姆热刺,2-1,2-1,伟*,0.83,1.5,0.97,20250106044518
阿森纳 vs 托特纳姆热刺,2-1,2-1,伟*,0.84,1.5,0.96,20250106033256
阿森纳 vs 托特纳姆热刺,2-1,2-1,伟*,0.83,1.5,0.97,20250106030522
阿森纳 vs 托特纳姆热刺,2-1,2-1,伟*,0.84,1.5,0.96,20250106025830
阿森纳 vs 托特纳姆热刺,2-1,2-1,伟*,0.83,1.5,0.97,20250106025530
阿森纳 vs 托特纳姆热刺,2-1,2-1,伟*,0.84,1.5,0.96,20250106024800
阿森纳 vs 托特纳姆热刺,2-1,2-1,伟*,0.83,1.5,0.97,20250106004654
阿森纳 vs 托特纳姆热刺,2-1,2-1,伟*,0.84,1.5,0.96,20250105232701
阿森纳 vs 托特纳姆热刺,2-1,2-1,伟*,0.83,1.5,0.97,20250105231659
阿森纳 vs 托特纳姆热刺,2-1,2-1,伟*,0.84,1.5,0.96,20250105231459
阿森纳 vs 托特纳姆热刺,2-1,2-1,伟*,0.84,1.5,0.95,20250105185756
阿森纳 vs 托特纳姆热刺,2-1,2-1,伟*,0.84,1.5,0.96,20250105185620
阿森纳 vs 托特纳姆热刺,2-1,2-1,伟*,0.84,1.5,0.95,20250105184658
阿森纳 vs 托特纳姆热刺,2-1,2-1,伟*,0.84,1.5,0.96,20250105163144
阿森纳 vs 托特纳姆热刺,2-1,2-1,伟*,0.83,1.5,0.97,20250105162957
阿森纳 vs 托特纳姆热刺,2-1,2-1,伟*,0.84,1.5,0.96,20250105062820
阿森纳 vs 托特纳姆热刺,2-1,2-1,伟*,0.83,1.5,0.97,20250105054620
阿森纳 vs 托特纳姆热刺,2-1,2-1,伟*,0.84,1.5,0.96,20250105050502
阿森纳 vs 托特纳姆热刺,2-1,2-1,伟*,0.83,1.5,0.97,20250105050307
阿森纳 vs 托特纳姆热刺,2-1,2-1,伟*,0.84,1.5,0.96,20250105041806
阿森纳 vs 托特纳姆热刺,2-1,2-1,伟*,0.84,1.5,0.95,20250105034745
阿森纳 vs 托特纳姆热刺,2-1,2-1,伟*,0.85,1.5,0.95,20250105021137
阿森纳 vs 托特纳姆热刺,2-1,2-1,伟*,0.84,1.5,0.95,20250105020233
阿森纳 vs 托特纳姆热刺,2-1,2-1,伟*,0.85,1.5,0.94,20250105015748
阿森纳 vs 托特纳姆热刺,2-1,2-1,伟*,0.86,1.5,0.93,20250105015223
阿森纳 vs 托特纳姆热刺,2-1,2-1,伟*,0.89,1.5,0.9,20250105015029
阿森纳 vs 托特纳姆热刺,2-1,2-1,伟*,0.91,1.5,0.88,20250104231746
阿森纳 vs 托特纳姆热刺,2-1,2-1,伟*,0.92,1.5,0.87,20250104205714
阿森纳 vs 托特纳姆热刺,2-1,2-1,伟*,0.91,1.5,0.88,20250104205513
阿森纳 vs 托特纳姆热刺,2-1,2-1,伟*,0.9,1.5,0.89,20250104070808
阿森纳 vs 托特纳姆热刺,2-1,2-1,伟*,0.91,1.5,0.89,20250103135236
阿森纳 vs 托特纳姆热刺,2-1,2-1,伟*,0.91,1.5,0.88,20250103100213
阿森纳 vs 托特纳姆热刺,2-1,2-1,伟*,0.9,1.5,0.89,20250103095952
阿森纳 vs 托特纳姆热刺,2-1,2-1,伟*,0.91,1.5,0.89,20250103095744
阿森纳 vs 托特纳姆热刺,2-1,2-1,伟*,0.91,1.5,0.88,20250102231107
阿森纳 vs 托特纳姆热刺,2-1,2-1,伟*,0.91,1.5,0.89,20250102230226
阿森纳 vs 托特纳姆热刺,2-1,2-1,伟*,0.9,1.5,0.89,20250102225637
阿森纳 vs 托特纳姆热刺,2-1,2-1,伟*,0.89,1.5,0.9,20250102174716
阿森纳 vs 托特纳姆热刺,2-1,2-1,伟*,0.88,1.5,0.91,20250102111230
阿森纳 vs 托特纳姆热刺,2-1,2-1,伟*,0.89,1.5,0.9,20250102105803
阿森纳 vs 托特纳姆热刺,2-1,2-1,明*,1.19,1.5,0.77,20250116035218
阿森纳 vs 托特纳姆热刺,2-1,2-1,明*,1.16,1.5,0.79,20250116035021
阿森纳 vs 托特纳姆热刺,2-1,2-1,明*,1.13,1.5,0.81,20250116033435
阿森纳 vs 托特纳姆热刺,2-1,2-1,明*,0.84,1.25,1.09,20250116030622
阿森纳 vs 托特纳姆热刺,2-1,2-1,明*,0.85,1.25,1.08,20250116030546
阿森纳 vs 托特纳姆热刺,2-1,2-1,明*,0.86,1.25,1.07,20250116030517
阿森纳 vs 托特纳姆热刺,2-1,2-1,明*,0.83,1.25,1.11,20250116025747
阿森纳 vs 托特纳姆热刺,2-1,2-1,明*,0.84,1.25,1.09,20250116025612
阿森纳 vs 托特纳姆热刺,2-1,2-1,明*,0.82,1.25,1.12,20250116025535
阿森纳 vs 托特纳姆热刺,2-1,2-1,明*,0.86,1.25,1.07,20250116025250
阿森纳 vs 托特纳姆热刺,2-1,2-1,明*,0.9,1.25,1.03,20250116025219
阿森纳 vs 托特纳姆热刺,2-1,2-1,明*,0.89,1.25,1.04,20250116025113
阿森纳 vs 托特纳姆热刺,2-1,2-1,明*,0.92,1.25,1.01,20250116024942
阿森纳 vs 托特纳姆热刺,2-1,2-1,明*,0.93,1.25,1.0,20250116024909
阿森纳 vs 托特纳姆热刺,2-1,2-1,明*,1.09,1.5,0.84,20250116021253
阿森纳 vs 托特纳姆热刺,2-1,2-1,明*,1.07,1.5,0.86,20250116013816
阿森纳 vs 托特纳姆热刺,2-1,2-1,明*,1.06,1.5,0.87,20250116013441
阿森纳 vs 托特纳姆热刺,2-1,2-1,明*,1.08,1.5,0.85,20250116012029
阿森纳 vs 托特纳姆热刺,2-1,2-1,明*,1.09,1.5,0.84,20250116011620
阿森纳 vs 托特纳姆热刺,2-1,2-1,明*,1.07,1.5,0.86,20250116005238
阿森纳 vs 托特纳姆热刺,2-1,2-1,明*,1.06,1.5,0.87,20250115234932
阿森纳 vs 托特纳姆热刺,2-1,2-1,明*,1.08,1.5,0.85,20250115234756
阿森纳 vs 托特纳姆热刺,2-1,2-1,明*,1.06,1.5,0.87,20250115234725
阿森纳 vs 托特纳姆热刺,2-1,2-1,明*,1.04,1.5,0.89,20250115233841
阿森纳 vs 托特纳姆热刺,2-1,2-1,明*,1.03,1.5,0.9,20250115233746
阿森纳 vs 托特纳姆热刺,2-1,2-1,明*,1.05,1.5,0.88,20250115233237
阿森纳 vs 托特纳姆热刺,2-1,2-1,明*,1.0,1.5,0.93,20250115224253
阿森纳 vs 托特纳姆热刺,2-1,2-1,明*,0.99,1.5,0.94,20250115223104
阿森纳 vs 托特纳姆热刺,2-1,2-1,明*,1.0,1.5,0.93,20250115221413
阿森纳 vs 托特纳姆热刺,2-1,2-1,明*,0.99,1.5,0.94,20250115220931
阿森纳 vs 托特纳姆热刺,2-1,2-1,明*,1.03,1.5,0.9,20250115220150
阿森纳 vs 托特纳姆热刺,2-1,2-1,明*,1.04,1.5,0.89,20250115215831
阿森纳 vs 托特纳姆热刺,2-1,2-1,明*,1.0,1.5,0.93,20250115215522
阿森纳 vs 托特纳姆热刺,2-1,2-1,明*,0.99,1.5,0.94,20250115215453
阿森纳 vs 托特纳姆热刺,2-1,2-1,明*,0.98,1.5,0.95,20250115215425
阿森纳 vs 托特纳姆热刺,2-1,2-1,明*,0.96,1.5,0.97,20250115215320
阿森纳 vs 托特纳姆热刺,2-1,2-1,明*,1.0,1.5,0.93,20250115215250
阿森纳 vs 托特纳姆热刺,2-1,2-1,明*,1.03,1.5,0.9,20250115215147
阿森纳 vs 托特纳姆热刺,2-1,2-1,明*,1.02,1.5,0.91,20250115214025
阿森纳 vs 托特纳姆热刺,2-1,2-1,明*,0.99,1.5,0.94,20250115213851
阿森纳 vs 托特纳姆热刺,2-1,2-1,明*,1.01,1.5,0.92,20250115213816
阿森纳 vs 托特纳姆热刺,2-1,2-1,明*,1.0,1.5,0.93,20250115213748
阿森纳 vs 托特纳姆热刺,2-1,2-1,明*,0.99,1.5,0.94,20250115213505
阿森纳 vs 托特纳姆热刺,2-1,2-1,明*,0.97,1.5,0.96,20250115212850
阿森纳 vs 托特纳姆热刺,2-1,2-1,明*,0.98,1.5,0.95,20250115212815
阿森纳 vs 托特纳姆热刺,2-1,2-1,明*,0.99,1.5,0.95,20250115212042
阿森纳 vs 托特纳姆热刺,2-1,2-1,明*,0.97,1.5,0.96,20250115210524
阿森纳 vs 托特纳姆热刺,2-1,2-1,明*,0.98,1.5,0.96,20250115210454
阿森纳 vs 托特纳姆热刺,2-1,2-1,明*,0.96,1.5,0.97,20250115205101
阿森纳 vs 托特纳姆热刺,2-1,2-1,明*,0.98,1.5,0.95,20250115204541
阿森纳 vs 托特纳姆热刺,2-1,2-1,明*,0.97,1.5,0.96,20250115203652
阿森纳 vs 托特纳姆热刺,2-1,2-1,明*,0.98,1.5,0.95,20250115203552
阿森纳 vs 托特纳姆热刺,2-1,2-1,明*,0.99,1.5,0.94,20250115200458
阿森纳 vs 托特纳姆热刺,2-1,2-1,明*,0.98,1.5,0.95,20250115195525
阿森纳 vs 托特纳姆热刺,2-1,2-1,明*,0.97,1.5,0.96,20250115193147
阿森纳 vs 托特纳姆热刺,2-1,2-1,明*,0.99,1.5,0.94,20250115193120
阿森纳 vs 托特纳姆热刺,2-1,2-1,明*,1.01,1.5,0.92,20250115191015
阿森纳 vs 托特纳姆热刺,2-1,2-1,明*,0.99,1.5,0.94,20250115185100
阿森纳 vs 托特纳姆热刺,2-1,2-1,明*,1.0,1.5,0.93,20250115184821
阿森纳 vs 托特纳姆热刺,2-1,2-1,明*,0.99,1.5,0.94,20250115184751
阿森纳 vs 托特纳姆热刺,2-1,2-1,明*,0.98,1.5,0.95,20250115184515
阿森纳 vs 托特纳姆热刺,2-1,2-1,明*,0.97,1.5,0.96,20250115184404
阿森纳 vs 托特纳姆热刺,2-1,2-1,明*,0.95,1.5,0.98,20250115184013
阿森纳 vs 托特纳姆热刺,2-1,2-1,明*,0.94,1.5,0.99,20250115183108
阿森纳 vs 托特纳姆热刺,2-1,2-1,明*,0.95,1.5,0.98,20250115182822
阿森纳 vs 托特纳姆热刺,2-1,2-1,明*,0.96,1.5,0.97,20250115182750
阿森纳 vs 托特纳姆热刺,2-1,2-1,明*,0.97,1.5,0.96,20250115182605
阿森纳 vs 托特纳姆热刺,2-1,2-1,明*,0.99,1.5,0.94,20250115182431
阿森纳 vs 托特纳姆热刺,2-1,2-1,明*,1.03,1.5,0.9,20250115182357
阿森纳 vs 托特纳姆热刺,2-1,2-1,明*,1.04,1.5,0.89,20250115182326
阿森纳 vs 托特纳姆热刺,2-1,2-1,明*,1.12,1.5,0.82,20250115181236
阿森纳 vs 托特纳姆热刺,2-1,2-1,明*,1.11,1.5,0.83,20250115181137
阿森纳 vs 托特纳姆热刺,2-1,2-1,明*,1.08,1.5,0.85,20250115181105
阿森纳 vs 托特纳姆热刺,2-1,2-1,明*,1.09,1.5,0.84,20250115181029
阿森纳 vs 托特纳姆热刺,2-1,2-1,明*,1.07,1.5,0.86,20250115180954
阿森纳 vs 托特纳姆热刺,2-1,2-1,明*,1.08,1.5,0.85,20250115180918
阿森纳 vs 托特纳姆热刺,2-1,2-1,明*,1.05,1.5,0.88,20250115180844
阿森纳 vs 托特纳姆热刺,2-1,2-1,明*,0.98,1.5,0.96,20250115180037
阿森纳 vs 托特纳姆热刺,2-1,2-1,明*,0.98,1.5,0.95,20250115180002
阿森纳 vs 托特纳姆热刺,2-1,2-1,明*,1.0,1.5,0.93,20250115175929
阿森纳 vs 托特纳姆热刺,2-1,2-1,明*,0.99,1.5,0.94,20250115175614
阿森纳 vs 托特纳姆热刺,2-1,2-1,明*,1.0,1.5,0.93,20250115175203
阿森纳 vs 托特纳姆热刺,2-1,2-1,明*,1.01,1.5,0.92,20250115174924
阿森纳 vs 托特纳姆热刺,2-1,2-1,明*,1.0,1.5,0.93,20250115174849
阿森纳 vs 托特纳姆热刺,2-1,2-1,明*,0.99,1.5,0.94,20250115174453
阿森纳 vs 托特纳姆热刺,2-1,2-1,明*,1.01,1.5,0.92,20250115172328
阿森纳 vs 托特纳姆热刺,2-1,2-1,明*,1.02,1.5,0.91,20250115171249
阿森纳 vs 托特纳姆热刺,2-1,2-1,明*,1.01,1.5,0.92,20250115160402
阿森纳 vs 托特纳姆热刺,2-1,2-1,明*,1.02,1.5,0.91,20250115155324
阿森纳 vs 托特纳姆热刺,2-1,2-1,明*,1.06,1.5,0.87,20250115155254
阿森纳 vs 托特纳姆热刺,2-1,2-1,明*,1.02,1.5,0.91,20250115154108
阿森纳 vs 托特纳姆热刺,2-1,2-1,明*,1.01,1.5,0.92,20250115152743
阿森纳 vs 托特纳姆热刺,2-1,2-1,明*,1.02,1.5,0.91,20250115152221
阿森纳 vs 托特纳姆热刺,2-1,2-1,明*,1.03,1.5,0.9,20250115151422
阿森纳 vs 托特纳姆热刺,2-1,2-1,明*,1.02,1.5,0.9,20250115150056
阿森纳 vs 托特纳姆热刺,2-1,2-1,明*,1.01,1.5,0.91,20250115143140
阿森纳 vs 托特纳姆热刺,2-1,2-1,明*,1.03,1.5,0.89,20250115143108
阿森纳 vs 托特纳姆热刺,2-1,2-1,明*,1.06,1.5,0.86,20250115142903
阿森纳 vs 托特纳姆热刺,2-1,2-1,明*,1.07,1.5,0.85,20250115142658
阿森纳 vs 托特纳姆热刺,2-1,2-1,明*,1.08,1.5,0.84,20250115135608
阿森纳 vs 托特纳姆热刺,2-1,2-1,明*,1.09,1.5,0.83,20250115135501
阿森纳 vs 托特纳姆热刺,2-1,2-1,明*,0.82,1.25,1.11,20250115135328
阿森纳 vs 托特纳姆热刺,2-1,2-1,明*,0.84,1.25,1.08,20250115135224
阿森纳 vs 托特纳姆热刺,2-1,2-1,明*,0.83,1.25,1.09,20250115135149
阿森纳 vs 托特纳姆热刺,2-1,2-1,明*,0.84,1.25,1.08,20250115135121
阿森纳 vs 托特纳姆热刺,2-1,2-1,明*,0.85,1.25,1.07,20250115134849
阿森纳 vs 托特纳姆热刺,2-1,2-1,明*,0.86,1.25,1.06,20250115134816
阿森纳 vs 托特纳姆热刺,2-1,2-1,明*,0.84,1.25,1.08,20250115134204
阿森纳 vs 托特纳姆热刺,2-1,2-1,明*,0.85,1.25,1.07,20250115132621
阿森纳 vs 托特纳姆热刺,2-1,2-1,明*,0.83,1.25,1.09,20250115131802
阿森纳 vs 托特纳姆热刺,2-1,2-1,明*,0.84,1.25,1.08,20250115131728
阿森纳 vs 托特纳姆热刺,2-1,2-1,明*,0.9,1.25,1.02,20250115131317
阿森纳 vs 托特纳姆热刺,2-1,2-1,明*,0.88,1.25,1.04,20250115130838
阿森纳 vs 托特纳姆热刺,2-1,2-1,明*,0.87,1.25,1.05,20250115121537
阿森纳 vs 托特纳姆热刺,2-1,2-1,明*,0.86,1.25,1.06,20250115121234
阿森纳 vs 托特纳姆热刺,2-1,2-1,明*,0.84,1.25,1.06,20250115120250
阿森纳 vs 托特纳姆热刺,2-1,2-1,明*,0.86,1.25,1.04,20250115115050
阿森纳 vs 托特纳姆热刺,2-1,2-1,明*,0.84,1.25,1.06,20250115113917
阿森纳 vs 托特纳姆热刺,2-1,2-1,明*,0.86,1.25,1.04,20250115100202
阿森纳 vs 托特纳姆热刺,2-1,2-1,明*,0.87,1.25,1.03,20250115095110
阿森纳 vs 托特纳姆热刺,2-1,2-1,明*,0.89,1.25,1.01,20250115091435
阿森纳 vs 托特纳姆热刺,2-1,2-1,明*,0.88,1.25,1.02,20250115085343
阿森纳 vs 托特纳姆热刺,2-1,2-1,明*,0.89,1.25,1.01,20250115074448
阿森纳 vs 托特纳姆热刺,2-1,2-1,明*,0.91,1.25,0.99,20250115064727
阿森纳 vs 托特纳姆热刺,2-1,2-1,明*,0.9,1.25,1.0,20250115055147
阿森纳 vs 托特纳姆热刺,2-1,2-1,明*,0.89,1.25,1.01,20250115054858
阿森纳 vs 托特纳姆热刺,2-1,2-1,明*,0.87,1.25,1.03,20250115054802
阿森纳 vs 托特纳姆热刺,2-1,2-1,明*,0.84,1.25,1.06,20250115043058
阿森纳 vs 托特纳姆热刺,2-1,2-1,明*,0.86,1.25,1.04,20250115042210
阿森纳 vs 托特纳姆热刺,2-1,2-1,明*,0.88,1.25,1.02,20250115042017
阿森纳 vs 托特纳姆热刺,2-1,2-1,明*,0.9,1.25,1.0,20250115041833
阿森纳 vs 托特纳姆热刺,2-1,2-1,明*,0.93,1.25,0.97,20250115022205
阿森纳 vs 托特纳姆热刺,2-1,2-1,明*,0.95,1.25,0.95,20250115022115
阿森纳 vs 托特纳姆热刺,2-1,2-1,明*,0.94,1.25,0.96,20250115014251
阿森纳 vs 托特纳姆热刺,2-1,2-1,明*,0.93,1.25,0.97,20250114234906
阿森纳 vs 托特纳姆热刺,2-1,2-1,明*,0.92,1.25,0.98,20250114220220
阿森纳 vs 托特纳姆热刺,2-1,2-1,明*,0.91,1.25,0.99,20250114220117
阿森纳 vs 托特纳姆热刺,2-1,2-1,明*,0.93,1.25,0.97,20250114212245
阿森纳 vs 托特纳姆热刺,2-1,2-1,明*,0.92,1.25,0.98,20250114212203
阿森纳 vs 托特纳姆热刺,2-1,2-1,明*,0.91,1.25,0.99,20250114210342
阿森纳 vs 托特纳姆热刺,2-1,2-1,明*,0.89,1.25,1.01,20250114210153
阿森纳 vs 托特纳姆热刺,2-1,2-1,明*,0.87,1.25,1.03,20250114190946
阿森纳 vs 托特纳姆热刺,2-1,2-1,明*,0.86,1.25,1.04,20250114184615
阿森纳 vs 托特纳姆热刺,2-1,2-1,明*,0.84,1.25,1.06,20250114135126
阿森纳 vs 托特纳姆热刺,2-1,2-1,明*,0.83,1.25,1.07,20250114130719
阿森纳 vs 托特纳姆热刺,2-1,2-1,明*,0.81,1.25,1.07,20250114075936
阿森纳 vs 托特纳姆热刺,2-1,2-1,明*,0.82,1.25,1.06,20250114033706
阿森纳 vs 托特纳姆热刺,2-1,2-1,明*,0.84,1.25,1.04,20250114010430
阿森纳 vs 托特纳姆热刺,2-1,2-1,明*,0.8,1.25,1.08,20250113232701
阿森纳 vs 托特纳姆热刺,2-1,2-1,明*,0.82,1.25,1.06,20250113182151
阿森纳 vs 托特纳姆热刺,2-1,2-1,明*,0.84,1.25,1.04,20250113141539
阿森纳 vs 托特纳姆热刺,2-1,2-1,明*,0.83,1.25,1.05,20250113111834
阿森纳 vs 托特纳姆热刺,2-1,2-1,明*,0.82,1.25,1.06,20250113051122
阿森纳 vs 托特纳姆热刺,2-1,2-1,明*,0.83,1.25,1.05,20250113023020
阿森纳 vs 托特纳姆热刺,2-1,2-1,明*,0.84,1.25,1.04,20250113021943
阿森纳 vs 托特纳姆热刺,2-1,2-1,明*,1.02,1.5,0.86,20250111222150
阿森纳 vs 托特纳姆热刺,2-1,2-1,明*,1.03,1.5,0.85,20250111221954
阿森纳 vs 托特纳姆热刺,2-1,2-1,明*,1.01,1.5,0.87,20250111205906
阿森纳 vs 托特纳姆热刺,2-1,2-1,明*,1.0,1.5,0.88,20250111015908
阿森纳 vs 托特纳姆热刺,2-1,2-1,明*,1.01,1.5,0.87,20250110182456
阿森纳 vs 托特纳姆热刺,2-1,2-1,明*,1.0,1.5,0.88,20250110174738
阿森纳 vs 托特纳姆热刺,2-1,2-1,明*,0.98,1.5,0.92,20250110083337
阿森纳 vs 托特纳姆热刺,2-1,2-1,明*,0.98,1.5,0.9,20250110020049
阿森纳 vs 托特纳姆热刺,2-1,2-1,明*,0.96,1.5,0.92,20250110002505
阿森纳 vs 托特纳姆热刺,2-1,2-1,明*,0.95,1.5,0.93,20250109132151
阿森纳 vs 托特纳姆热刺,2-1,2-1,明*,0.94,1.5,0.94,20250109062035
阿森纳 vs 托特纳姆热刺,2-1,2-1,明*,0.91,1.5,0.97,20250108205840
阿森纳 vs 托特纳姆热刺,2-1,2-1,明*,0.9,1.5,0.98,20250108062140
阿森纳 vs 托特纳姆热刺,2-1,2-1,明*,0.88,1.5,1.0,20250107104335
阿森纳 vs 托特纳姆热刺,2-1,2-1,明*,0.87,1.5,1.01,20250106231339
阿森纳 vs 托特纳姆热刺,2-1,2-1,明*,0.86,1.5,1.02,20250106064302
阿森纳 vs 托特纳姆热刺,2-1,2-1,明*,0.87,1.5,1.01,20250106055500
阿森纳 vs 托特纳姆热刺,2-1,2-1,明*,0.9,1.5,0.98,20250105230101
阿森纳 vs 托特纳姆热刺,2-1,2-1,明*,0.93,1.5,0.95,20250105194601
阿森纳 vs 托特纳姆热刺,2-1,2-1,明*,0.7,1.25,1.22,20250105043211
阿森纳 vs 托特纳姆热刺,2-1,2-1,明*,0.75,1.25,1.14,20250104070106
阿森纳 vs 托特纳姆热刺,2-1,2-1,明*,0.76,1.25,1.13,20250102180900
阿森纳 vs 托特纳姆热刺,2-1,2-1,明*,0.74,1.25,1.16,20250101042432
阿森纳 vs 托特纳姆热刺,2-1,2-1,明*,0.73,1.25,1.17,20241231190128
阿森纳 vs 托特纳姆热刺,2-1,2-1,明*,0.71,1.25,1.2,20241231065745
阿森纳 vs 托特纳姆热刺,2-1,2-1,明*,0.73,1.25,1.17,20241231065602
阿森纳 vs 托特纳姆热刺,2-1,2-1,明*,0.75,1.25,1.14,20241231055820
阿森纳 vs 托特纳姆热刺,2-1,2-1,明*,0.76,1.25,1.13,20241231054443
阿森纳 vs 托特纳姆热刺,2-1,2-1,明*,0.72,1.25,1.19,20241231054348
阿森纳 vs 托特纳姆热刺,2-1,2-1,明*,0.47,1.0,1.69,20241231054123
阿森纳 vs 托特纳姆热刺,2-1,2-1,明*,0.44,1.0,1.78,20241231053527
阿森纳 vs 托特纳姆热刺,2-1,2-1,明*,0.82,1.0,1.06,20241231005521
阿森纳 vs 托特纳姆热刺,2-1,2-1,明*,0.86,1.0,1.02,20241230233544
阿森纳 vs 托特纳姆热刺,2-1,2-1,明*,1.07,1.25,0.81,20241230225514
阿森纳 vs 托特纳姆热刺,2-1,2-1,明*,0.98,1.25,0.9,20241230185329
阿森纳 vs 托特纳姆热刺,2-1,2-1,金宝*,1.11,1.5,0.82,20250116035200
阿森纳 vs 托特纳姆热刺,2-1,2-1,金宝*,1.09,1.5,0.83,20250116035130
阿森纳 vs 托特纳姆热刺,2-1,2-1,金宝*,1.08,1.5,0.84,20250116034958
阿森纳 vs 托特纳姆热刺,2-1,2-1,金宝*,1.07,1.5,0.85,20250116032805
阿森纳 vs 托特纳姆热刺,2-1,2-1,金宝*,1.06,1.5,0.86,20250116031921
阿森纳 vs 托特纳姆热刺,2-1,2-1,金宝*,1.07,1.5,0.85,20250116031851
阿森纳 vs 托特纳姆热刺,2-1,2-1,金宝*,1.08,1.5,0.84,20250116031212
阿森纳 vs 托特纳姆热刺,2-1,2-1,金宝*,1.07,1.5,0.85,20250116031110
阿森纳 vs 托特纳姆热刺,2-1,2-1,金宝*,1.06,1.5,0.86,20250116030534
阿森纳 vs 托特纳姆热刺,2-1,2-1,金宝*,1.05,1.5,0.87,20250116025652
阿森纳 vs 托特纳姆热刺,2-1,2-1,金宝*,1.04,1.5,0.88,20250116025518
阿森纳 vs 托特纳姆热刺,2-1,2-1,金宝*,1.03,1.5,0.89,20250116025447
阿森纳 vs 托特纳姆热刺,2-1,2-1,金宝*,1.01,1.5,0.91,20250116025345
阿森纳 vs 托特纳姆热刺,2-1,2-1,金宝*,1.02,1.5,0.9,20250116025243
阿森纳 vs 托特纳姆热刺,2-1,2-1,金宝*,0.83,1.25,1.09,20250116025142
阿森纳 vs 托特纳姆热刺,2-1,2-1,金宝*,0.85,1.25,1.07,20250116024939
阿森纳 vs 托特纳姆热刺,2-1,2-1,金宝*,0.86,1.25,1.06,20250116024908
阿森纳 vs 托特纳姆热刺,2-1,2-1,金宝*,0.88,1.25,1.04,20250116024837
阿森纳 vs 托特纳姆热刺,2-1,2-1,金宝*,0.89,1.25,1.03,20250116024806
阿森纳 vs 托特纳姆热刺,2-1,2-1,金宝*,0.88,1.25,1.04,20250116024704
阿森纳 vs 托特纳姆热刺,2-1,2-1,金宝*,0.87,1.25,1.05,20250116024531
阿森纳 vs 托特纳姆热刺,2-1,2-1,金宝*,0.86,1.25,1.06,20250116024500
阿森纳 vs 托特纳姆热刺,2-1,2-1,金宝*,1.12,1.5,0.81,20250116024429
阿森纳 vs 托特纳姆热刺,2-1,2-1,金宝*,1.11,1.5,0.82,20250116024358
阿森纳 vs 托特纳姆热刺,2-1,2-1,金宝*,1.09,1.5,0.83,20250116024256
阿森纳 vs 托特纳姆热刺,2-1,2-1,金宝*,1.08,1.5,0.84,20250116024123
阿森纳 vs 托特纳姆热刺,2-1,2-1,金宝*,1.06,1.5,0.86,20250116024052
阿森纳 vs 托特纳姆热刺,2-1,2-1,金宝*,1.02,1.5,0.9,20250116021342
阿森纳 vs 托特纳姆热刺,2-1,2-1,金宝*,1.01,1.5,0.91,20250116021036
阿森纳 vs 托特纳姆热刺,2-1,2-1,金宝*,1.02,1.5,0.9,20250116014430
阿森纳 vs 托特纳姆热刺,2-1,2-1,金宝*,1.01,1.5,0.91,20250116014359
阿森纳 vs 托特纳姆热刺,2-1,2-1,金宝*,1.02,1.5,0.9,20250116013718
阿森纳 vs 托特纳姆热刺,2-1,2-1,金宝*,1.03,1.5,0.89,20250116013616
阿森纳 vs 托特纳姆热刺,2-1,2-1,金宝*,1.02,1.5,0.9,20250116013515
阿森纳 vs 托特纳姆热刺,2-1,2-1,金宝*,1.03,1.5,0.89,20250116004557
阿森纳 vs 托特纳姆热刺,2-1,2-1,金宝*,1.02,1.5,0.9,20250116000717
阿森纳 vs 托特纳姆热刺,2-1,2-1,金宝*,1.01,1.5,0.91,20250115235455
阿森纳 vs 托特纳姆热刺,2-1,2-1,金宝*,1.0,1.5,0.92,20250115234815
阿森纳 vs 托特纳姆热刺,2-1,2-1,金宝*,1.01,1.5,0.91,20250115233013
阿森纳 vs 托特纳姆热刺,2-1,2-1,金宝*,1.0,1.5,0.92,20250115232607
阿森纳 vs 托特纳姆热刺,2-1,2-1,金宝*,0.99,1.5,0.93,20250115231347
阿森纳 vs 托特纳姆热刺,2-1,2-1,金宝*,1.0,1.5,0.92,20250115222902
阿森纳 vs 托特纳姆热刺,2-1,2-1,金宝*,1.01,1.5,0.91,20250115220541
阿森纳 vs 托特纳姆热刺,2-1,2-1,金宝*,1.0,1.5,0.92,20250115215830
阿森纳 vs 托特纳姆热刺,2-1,2-1,金宝*,0.99,1.5,0.93,20250115215454
阿森纳 vs 托特纳姆热刺,2-1,2-1,金宝*,1.0,1.5,0.92,20250115215250
阿森纳 vs 托特纳姆热刺,2-1,2-1,金宝*,1.02,1.5,0.9,20250115215117
阿森纳 vs 托特纳姆热刺,2-1,2-1,金宝*,1.03,1.5,0.89,20250115214304
阿森纳 vs 托特纳姆热刺,2-1,2-1,金宝*,1.02,1.5,0.9,20250115214059
阿森纳 vs 托特纳姆热刺,2-1,2-1,金宝*,1.0,1.5,0.92,20250115213825
阿森纳 vs 托特纳姆热刺,2-1,2-1,金宝*,0.98,1.5,0.94,20250115213347
阿森纳 vs 托特纳姆热刺,2-1,2-1,金宝*,0.99,1.5,0.93,20250115213317
阿森纳 vs 托特纳姆热刺,2-1,2-1,金宝*,0.97,1.5,0.95,20250115210802
阿森纳 vs 托特纳姆热刺,2-1,2-1,金宝*,0.96,1.5,0.96,20250115203650
阿森纳 vs 托特纳姆热刺,2-1,2-1,金宝*,0.97,1.5,0.95,20250115202706
阿森纳 vs 托特纳姆热刺,2-1,2-1,金宝*,0.96,1.5,0.96,20250115201241
阿森纳 vs 托特纳姆热刺,2-1,2-1,金宝*,0.97,1.5,0.95,20250115200222
阿森纳 vs 托特纳姆热刺,2-1,2-1,金宝*,0.98,1.5,0.94,20250115193435
阿森纳 vs 托特纳姆热刺,2-1,2-1,金宝*,0.97,1.5,0.95,20250115193201
阿森纳 vs 托特纳姆热刺,2-1,2-1,金宝*,1.0,1.5,0.92,20250115192956
阿森纳 vs 托特纳姆热刺,2-1,2-1,金宝*,1.01,1.5,0.91,20250115192039
阿森纳 vs 托特纳姆热刺,2-1,2-1,金宝*,1.0,1.5,0.92,20250115191633
阿森纳 vs 托特纳姆热刺,2-1,2-1,金宝*,0.99,1.5,0.93,20250115190648
阿森纳 vs 托特纳姆热刺,2-1,2-1,金宝*,0.98,1.5,0.94,20250115190443
阿森纳 vs 托特纳姆热刺,2-1,2-1,金宝*,0.97,1.5,0.95,20250115184407
阿森纳 vs 托特纳姆热刺,2-1,2-1,金宝*,0.96,1.5,0.96,20250115182809
阿森纳 vs 托特纳姆热刺,2-1,2-1,金宝*,0.97,1.5,0.95,20250115182707
阿森纳 vs 托特纳姆热刺,2-1,2-1,金宝*,0.99,1.5,0.93,20250115182535
阿森纳 vs 托特纳姆热刺,2-1,2-1,金宝*,1.01,1.5,0.91,20250115182504
阿森纳 vs 托特纳姆热刺,2-1,2-1,金宝*,1.0,1.5,0.92,20250115182402
阿森纳 vs 托特纳姆热刺,2-1,2-1,金宝*,0.81,1.25,1.12,20250115182331
阿森纳 vs 托特纳姆热刺,2-1,2-1,金宝*,0.86,1.25,1.06,20250115181854
阿森纳 vs 托特纳姆热刺,2-1,2-1,金宝*,0.87,1.25,1.05,20250115181205
阿森纳 vs 托特纳姆热刺,2-1,2-1,金宝*,1.07,1.5,0.85,20250115181032
阿森纳 vs 托特纳姆热刺,2-1,2-1,金宝*,1.05,1.5,0.87,20250115181001
阿森纳 vs 托特纳姆热刺,2-1,2-1,金宝*,0.97,1.5,0.95,20250115175703
阿森纳 vs 托特纳姆热刺,2-1,2-1,金宝*,0.98,1.5,0.94,20250115175124
阿森纳 vs 托特纳姆热刺,2-1,2-1,金宝*,0.99,1.5,0.93,20250115171311
阿森纳 vs 托特纳姆热刺,2-1,2-1,金宝*,1.0,1.5,0.92,20250115171139
阿森纳 vs 托特纳姆热刺,2-1,2-1,金宝*,1.01,1.5,0.91,20250115165000
阿森纳 vs 托特纳姆热刺,2-1,2-1,金宝*,1.0,1.5,0.92,20250115164011
阿森纳 vs 托特纳姆热刺,2-1,2-1,金宝*,1.01,1.5,0.91,20250115160028
阿森纳 vs 托特纳姆热刺,2-1,2-1,金宝*,1.02,1.5,0.9,20250115155957
阿森纳 vs 托特纳姆热刺,2-1,2-1,金宝*,1.01,1.5,0.91,20250115155722
阿森纳 vs 托特纳姆热刺,2-1,2-1,金宝*,1.02,1.5,0.9,20250115155651
阿森纳 vs 托特纳姆热刺,2-1,2-1,金宝*,1.01,1.5,0.91,20250115150902
阿森纳 vs 托特纳姆热刺,2-1,2-1,金宝*,1.02,1.5,0.9,20250115150221
阿森纳 vs 托特纳姆热刺,2-1,2-1,金宝*,1.01,1.5,0.91,20250115143155
阿森纳 vs 托特纳姆热刺,2-1,2-1,金宝*,1.02,1.5,0.9,20250115143124
阿森纳 vs 托特纳姆热刺,2-1,2-1,金宝*,1.05,1.5,0.87,20250115142951
阿森纳 vs 托特纳姆热刺,2-1,2-1,金宝*,1.06,1.5,0.86,20250115141149
阿森纳 vs 托特纳姆热刺,2-1,2-1,金宝*,0.82,1.25,1.11,20250115140914
阿森纳 vs 托特纳姆热刺,2-1,2-1,金宝*,0.83,1.25,1.09,20250115135242
阿森纳 vs 托特纳姆热刺,2-1,2-1,金宝*,0.85,1.25,1.07,20250115134904
阿森纳 vs 托特纳姆热刺,2-1,2-1,金宝*,0.83,1.25,1.09,20250115134630
阿森纳 vs 托特纳姆热刺,2-1,2-1,金宝*,0.84,1.25,1.08,20250115132042
阿森纳 vs 托特纳姆热刺,2-1,2-1,金宝*,0.85,1.25,1.07,20250115131744
阿森纳 vs 托特纳姆热刺,2-1,2-1,金宝*,0.87,1.25,1.05,20250115131713
阿森纳 vs 托特纳姆热刺,2-1,2-1,金宝*,0.88,1.25,1.04,20250115131407
阿森纳 vs 托特纳姆热刺,2-1,2-1,金宝*,0.86,1.25,1.06,20250115130318
阿森纳 vs 托特纳姆热刺,2-1,2-1,金宝*,0.87,1.25,1.05,20250115125259
阿森纳 vs 托特纳姆热刺,2-1,2-1,金宝*,0.86,1.25,1.06,20250115124750
阿森纳 vs 托特纳姆热刺,2-1,2-1,金宝*,0.85,1.25,1.07,20250115124617
阿森纳 vs 托特纳姆热刺,2-1,2-1,金宝*,0.84,1.25,1.08,20250115124312
阿森纳 vs 托特纳姆热刺,2-1,2-1,金宝*,0.86,1.25,1.06,20250115123600
阿森纳 vs 托特纳姆热刺,2-1,2-1,金宝*,0.85,1.25,1.07,20250115123458
阿森纳 vs 托特纳姆热刺,2-1,2-1,金宝*,0.86,1.25,1.06,20250115123356
阿森纳 vs 托特纳姆热刺,2-1,2-1,金宝*,0.87,1.25,1.05,20250115121452
阿森纳 vs 托特纳姆热刺,2-1,2-1,金宝*,0.86,1.25,1.06,20250115093759
阿森纳 vs 托特纳姆热刺,2-1,2-1,金宝*,0.87,1.25,1.05,20250115091932
阿森纳 vs 托特纳姆热刺,2-1,2-1,金宝*,0.88,1.25,1.04,20250115085502
阿森纳 vs 托特纳姆热刺,2-1,2-1,金宝*,0.89,1.25,1.03,20250115074737
阿森纳 vs 托特纳姆热刺,2-1,2-1,金宝*,0.9,1.25,1.02,20250115063710
阿森纳 vs 托特纳姆热刺,2-1,2-1,金宝*,0.92,1.25,1.0,20250115051306
阿森纳 vs 托特纳姆热刺,2-1,2-1,金宝*,0.91,1.25,0.99,20250115042121
阿森纳 vs 托特纳姆热刺,2-1,2-1,金宝*,0.97,1.25,0.93,20250115041510
阿森纳 vs 托特纳姆热刺,2-1,2-1,金宝*,0.93,1.25,0.97,20250114210616
阿森纳 vs 托特纳姆热刺,2-1,2-1,金宝*,0.88,1.25,1.02,20250114210417
阿森纳 vs 托特纳姆热刺,2-1,2-1,金宝*,0.86,1.25,1.04,20250113232903
阿森纳 vs 托特纳姆热刺,2-1,2-1,金宝*,0.87,1.25,1.03,20250113205746
阿森纳 vs 托特纳姆热刺,2-1,2-1,金宝*,0.84,1.25,1.06,20250113015739
阿森纳 vs 托特纳姆热刺,2-1,2-1,金宝*,1.02,1.5,0.88,20250110004421
阿森纳 vs 托特纳姆热刺,2-1,2-1,金宝*,0.99,1.5,0.91,20250109191221
阿森纳 vs 托特纳姆热刺,2-1,2-1,金宝*,0.96,1.5,0.94,20250109064359
阿森纳 vs 托特纳姆热刺,2-1,2-1,金宝*,0.89,1.5,1.01,20250108063933
阿森纳 vs 托特纳姆热刺,2-1,2-1,金宝*,0.88,1.5,1.02,20250105033918
阿森纳 vs 托特纳姆热刺,2-1,2-1,金宝*,0.95,1.5,0.95,20250104230544
阿森纳 vs 托特纳姆热刺,2-1,2-1,金宝*,0.98,1.5,0.92,20250103134829
阿森纳 vs 托特纳姆热刺,2-1,2-1,金宝*,1.0,1.5,0.9,20250102225342
阿森纳 vs 托特纳姆热刺,2-1,2-1,12*,1.13,1.5,0.82,20250116035305
阿森纳 vs 托特纳姆热刺,2-1,2-1,12*,1.16,1.5,0.8,20250116035215
阿森纳 vs 托特纳姆热刺,2-1,2-1,12*,1.11,1.5,0.84,20250116035125
阿森纳 vs 托特纳姆热刺,2-1,2-1,12*,1.08,1.5,0.86,20250116033243
阿森纳 vs 托特纳姆热刺,2-1,2-1,12*,1.07,1.5,0.87,20250116031956
阿森纳 vs 托特纳姆热刺,2-1,2-1,12*,1.06,1.5,0.88,20250116031906
阿森纳 vs 托特纳姆热刺,2-1,2-1,12*,1.08,1.5,0.86,20250116031301
阿森纳 vs 托特纳姆热刺,2-1,2-1,12*,1.11,1.5,0.84,20250116031210
阿森纳 vs 托特纳姆热刺,2-1,2-1,12*,1.08,1.5,0.86,20250116030709
阿森纳 vs 托特纳姆热刺,2-1,2-1,12*,1.09,1.5,0.85,20250116030614
阿森纳 vs 托特纳姆热刺,2-1,2-1,12*,1.07,1.5,0.87,20250116025647
阿森纳 vs 托特纳姆热刺,2-1,2-1,12*,1.05,1.5,0.89,20250116025557
阿森纳 vs 托特纳姆热刺,2-1,2-1,12*,1.03,1.5,0.91,20250116025503
阿森纳 vs 托特纳姆热刺,2-1,2-1,12*,0.86,1.25,1.08,20250116025258
阿森纳 vs 托特纳姆热刺,2-1,2-1,12*,0.85,1.25,1.09,20250116025208
阿森纳 vs 托特纳姆热刺,2-1,2-1,12*,0.88,1.25,1.06,20250116025117
阿森纳 vs 托特纳姆热刺,2-1,2-1,12*,0.89,1.25,1.05,20250116024846
阿森纳 vs 托特纳姆热刺,2-1,2-1,12*,0.88,1.25,1.06,20250116024756
阿森纳 vs 托特纳姆热刺,2-1,2-1,12*,0.87,1.25,1.07,20250116024706
阿森纳 vs 托特纳姆热刺,2-1,2-1,12*,1.16,1.5,0.8,20250116024616
阿森纳 vs 托特纳姆热刺,2-1,2-1,12*,1.13,1.5,0.82,20250116024435
阿森纳 vs 托特纳姆热刺,2-1,2-1,12*,1.14,1.5,0.81,20250116024341
阿森纳 vs 托特纳姆热刺,2-1,2-1,12*,1.05,1.5,0.89,20250116021346
阿森纳 vs 托特纳姆热刺,2-1,2-1,12*,1.03,1.5,0.91,20250116013912
阿森纳 vs 托特纳姆热刺,2-1,2-1,12*,1.02,1.5,0.92,20250116013551
阿森纳 vs 托特纳姆热刺,2-1,2-1,12*,1.04,1.5,0.9,20250116012109
阿森纳 vs 托特纳姆热刺,2-1,2-1,12*,1.05,1.5,0.89,20250116011815
阿森纳 vs 托特纳姆热刺,2-1,2-1,12*,1.03,1.5,0.91,20250116005344
阿森纳 vs 托特纳姆热刺,2-1,2-1,12*,1.02,1.5,0.92,20250115235001
阿森纳 vs 托特纳姆热刺,2-1,2-1,12*,1.04,1.5,0.9,20250115234911
阿森纳 vs 托特纳姆热刺,2-1,2-1,12*,1.02,1.5,0.92,20250115234018
阿森纳 vs 托特纳姆热刺,2-1,2-1,12*,1.01,1.5,0.93,20250115224608
阿森纳 vs 托特纳姆热刺,2-1,2-1,12*,1.0,1.5,0.94,20250115223312
阿森纳 vs 托特纳姆热刺,2-1,2-1,12*,1.01,1.5,0.93,20250115221654
阿森纳 vs 托特纳姆热刺,2-1,2-1,12*,1.0,1.5,0.94,20250115221042
阿森纳 vs 托特纳姆热刺,2-1,2-1,12*,1.04,1.5,0.9,20250115220450
阿森纳 vs 托特纳姆热刺,2-1,2-1,12*,1.01,1.5,0.93,20250115215649
阿森纳 vs 托特纳姆热刺,2-1,2-1,12*,1.04,1.5,0.9,20250115215549
阿森纳 vs 托特纳姆热刺,2-1,2-1,12*,0.99,1.5,0.95,20250115215457
阿森纳 vs 托特纳姆热刺,2-1,2-1,12*,1.01,1.5,0.93,20250115215407
阿森纳 vs 托特纳姆热刺,2-1,2-1,12*,1.04,1.5,0.9,20250115215144
阿森纳 vs 托特纳姆热刺,2-1,2-1,12*,1.03,1.5,0.91,20250115214108
阿森纳 vs 托特纳姆热刺,2-1,2-1,12*,1.0,1.5,0.94,20250115214018
阿森纳 vs 托特纳姆热刺,2-1,2-1,12*,1.02,1.5,0.92,20250115213927
阿森纳 vs 托特纳姆热刺,2-1,2-1,12*,1.01,1.5,0.93,20250115213837
阿森纳 vs 托特纳姆热刺,2-1,2-1,12*,1.0,1.5,0.94,20250115213518
阿森纳 vs 托特纳姆热刺,2-1,2-1,12*,0.99,1.5,0.95,20250115212054
阿森纳 vs 托特纳姆热刺,2-1,2-1,12*,0.98,1.5,0.96,20250115210604
阿森纳 vs 托特纳姆热刺,2-1,2-1,12*,0.97,1.5,0.97,20250115205909
阿森纳 vs 托特纳姆热刺,2-1,2-1,12*,0.96,1.5,0.97,20250115205236
阿森纳 vs 托特纳姆热刺,2-1,2-1,12*,0.97,1.5,0.96,20250115205145
阿森纳 vs 托特纳姆热刺,2-1,2-1,12*,0.98,1.5,0.95,20250115204643
阿森纳 vs 托特纳姆热刺,2-1,2-1,12*,0.97,1.5,0.96,20250115203800
阿森纳 vs 托特纳姆热刺,2-1,2-1,12*,0.99,1.5,0.94,20250115200623
阿森纳 vs 托特纳姆热刺,2-1,2-1,12*,0.98,1.5,0.95,20250115195609
阿森纳 vs 托特纳姆热刺,2-1,2-1,12*,0.97,1.5,0.96,20250115193301
阿森纳 vs 托特纳姆热刺,2-1,2-1,12*,0.99,1.5,0.94,20250115193206
阿森纳 vs 托特纳姆热刺,2-1,2-1,12*,1.01,1.5,0.92,20250115190846
阿森纳 vs 托特纳姆热刺,2-1,2-1,12*,1.0,1.5,0.93,20250115190611
阿森纳 vs 托特纳姆热刺,2-1,2-1,12*,1.01,1.5,0.92,20250115190410
阿森纳 vs 托特纳姆热刺,2-1,2-1,12*,0.99,1.5,0.94,20250115185213
阿森纳 vs 托特纳姆热刺,2-1,2-1,12*,1.0,1.5,0.93,20250115184943
阿森纳 vs 托特纳姆热刺,2-1,2-1,12*,0.99,1.5,0.94,20250115184851
阿森纳 vs 托特纳姆热刺,2-1,2-1,12*,0.98,1.5,0.95,20250115184620
阿森纳 vs 托特纳姆热刺,2-1,2-1,12*,0.97,1.5,0.96,20250115184438
阿森纳 vs 托特纳姆热刺,2-1,2-1,12*,0.94,1.5,0.99,20250115183204
阿森纳 vs 托特纳姆热刺,2-1,2-1,12*,0.95,1.5,0.98,20250115182958
阿森纳 vs 托特纳姆热刺,2-1,2-1,12*,0.97,1.5,0.96,20250115182816
阿森纳 vs 托特纳姆热刺,2-1,2-1,12*,0.96,1.5,0.97,20250115182725
阿森纳 vs 托特纳姆热刺,2-1,2-1,12*,0.97,1.5,0.96,20250115182635
阿森纳 vs 托特纳姆热刺,2-1,2-1,12*,0.99,1.5,0.94,20250115182545
阿森纳 vs 托特纳姆热刺,2-1,2-1,12*,1.03,1.5,0.9,20250115182455
阿森纳 vs 托特纳姆热刺,2-1,2-1,12*,0.8,1.25,1.14,20250115182404
阿森纳 vs 托特纳姆热刺,2-1,2-1,12*,0.83,1.25,1.11,20250115182039
阿森纳 vs 托特纳姆热刺,2-1,2-1,12*,0.85,1.25,1.08,20250115181915
阿森纳 vs 托特纳姆热刺,2-1,2-1,12*,0.87,1.25,1.06,20250115181641
阿森纳 vs 托特纳姆热刺,2-1,2-1,12*,1.12,1.5,0.82,20250115181350
阿森纳 vs 托特纳姆热刺,2-1,2-1,12*,1.11,1.5,0.83,20250115181300
阿森纳 vs 托特纳姆热刺,2-1,2-1,12*,1.09,1.5,0.84,20250115181119
阿森纳 vs 托特纳姆热刺,2-1,2-1,12*,1.07,1.5,0.86,20250115181029
阿森纳 vs 托特纳姆热刺,2-1,2-1,12*,1.05,1.5,0.88,20250115180938
阿森纳 vs 托特纳姆热刺,2-1,2-1,12*,0.98,1.5,0.95,20250115180108
阿森纳 vs 托特纳姆热刺,2-1,2-1,12*,1.0,1.5,0.93,20250115180017
阿森纳 vs 托特纳姆热刺,2-1,2-1,12*,1.01,1.5,0.92,20250115175927
阿森纳 vs 托特纳姆热刺,2-1,2-1,12*,0.99,1.5,0.94,20250115175656
阿森纳 vs 托特纳姆热刺,2-1,2-1,12*,1.0,1.5,0.93,20250115175137
阿森纳 vs 托特纳姆热刺,2-1,2-1,12*,1.01,1.5,0.92,20250115175047
阿森纳 vs 托特纳姆热刺,2-1,2-1,12*,1.02,1.5,0.91,20250115174957
阿森纳 vs 托特纳姆热刺,2-1,2-1,12*,0.98,1.5,0.95,20250115174906
阿森纳 vs 托特纳姆热刺,2-1,2-1,12*,0.99,1.5,0.94,20250115174545
阿森纳 vs 托特纳姆热刺,2-1,2-1,12*,1.01,1.5,0.92,20250115172547
阿森纳 vs 托特纳姆热刺,2-1,2-1,12*,1.02,1.5,0.91,20250115171638
阿森纳 vs 托特纳姆热刺,2-1,2-1,12*,1.01,1.5,0.92,20250115160951
阿森纳 vs 托特纳姆热刺,2-1,2-1,12*,1.02,1.5,0.91,20250115154912
阿森纳 vs 托特纳姆热刺,2-1,2-1,12*,1.01,1.5,0.92,20250115152847
阿森纳 vs 托特纳姆热刺,2-1,2-1,12*,1.02,1.5,0.91,20250115152344
阿森纳 vs 托特纳姆热刺,2-1,2-1,12*,1.03,1.5,0.9,20250115150324
阿森纳 vs 托特纳姆热刺,2-1,2-1,12*,1.02,1.5,0.9,20250115150143
阿森纳 vs 托特纳姆热刺,2-1,2-1,12*,1.03,1.5,0.89,20250115150002
阿森纳 vs 托特纳姆热刺,2-1,2-1,12*,1.01,1.5,0.91,20250115143228
阿森纳 vs 托特纳姆热刺,2-1,2-1,12*,1.04,1.5,0.88,20250115143134
阿森纳 vs 托特纳姆热刺,2-1,2-1,12*,1.06,1.5,0.86,20250115142936
阿森纳 vs 托特纳姆热刺,2-1,2-1,12*,1.07,1.5,0.85,20250115142756
阿森纳 vs 托特纳姆热刺,2-1,2-1,12*,1.08,1.5,0.84,20250115135730
阿森纳 vs 托特纳姆热刺,2-1,2-1,12*,1.09,1.5,0.83,20250115135549
阿森纳 vs 托特纳姆热刺,2-1,2-1,12*,0.82,1.25,1.11,20250115135405
阿森纳 vs 托特纳姆热刺,2-1,2-1,12*,0.84,1.25,1.08,20250115134253
阿森纳 vs 托特纳姆热刺,2-1,2-1,12*,0.85,1.25,1.07,20250115132613
阿森纳 vs 托特纳姆热刺,2-1,2-1,12*,0.83,1.25,1.09,20250115132017
阿森纳 vs 托特纳姆热刺,2-1,2-1,12*,0.84,1.25,1.08,20250115131812
阿森纳 vs 托特纳姆热刺,2-1,2-1,12*,0.9,1.25,1.02,20250115131422
阿森纳 vs 托特纳姆热刺,2-1,2-1,12*,0.89,1.25,1.03,20250115131331
阿森纳 vs 托特纳姆热刺,2-1,2-1,12*,0.88,1.25,1.04,20250115130920
阿森纳 vs 托特纳姆热刺,2-1,2-1,12*,0.87,1.25,1.05,20250115121640
阿森纳 vs 托特纳姆热刺,2-1,2-1,12*,0.86,1.25,1.06,20250115120323
阿森纳 vs 托特纳姆热刺,2-1,2-1,12*,0.86,1.25,1.04,20250115115459
阿森纳 vs 托特纳姆热刺,2-1,2-1,12*,0.84,1.25,1.06,20250115113956
阿森纳 vs 托特纳姆热刺,2-1,2-1,12*,0.86,1.25,1.04,20250115100236
阿森纳 vs 托特纳姆热刺,2-1,2-1,12*,0.87,1.25,1.03,20250115095319
阿森纳 vs 托特纳姆热刺,2-1,2-1,12*,0.89,1.25,1.01,20250115091954
阿森纳 vs 托特纳姆热刺,2-1,2-1,12*,0.88,1.25,1.02,20250115085454
阿森纳 vs 托特纳姆热刺,2-1,2-1,12*,0.89,1.25,1.01,20250115074701
阿森纳 vs 托特纳姆热刺,2-1,2-1,12*,0.91,1.25,0.99,20250115064843
阿森纳 vs 托特纳姆热刺,2-1,2-1,12*,0.9,1.25,1.0,20250115055311
阿森纳 vs 托特纳姆热刺,2-1,2-1,12*,0.89,1.25,1.01,20250115055019
阿森纳 vs 托特纳姆热刺,2-1,2-1,12*,0.87,1.25,1.03,20250115054839
阿森纳 vs 托特纳姆热刺,2-1,2-1,12*,0.84,1.25,1.06,20250115043112
阿森纳 vs 托特纳姆热刺,2-1,2-1,12*,0.86,1.25,1.04,20250115042323
阿森纳 vs 托特纳姆热刺,2-1,2-1,12*,0.88,1.25,1.02,20250115042143
阿森纳 vs 托特纳姆热刺,2-1,2-1,12*,0.9,1.25,1.0,20250115041959
阿森纳 vs 托特纳姆热刺,2-1,2-1,12*,0.93,1.25,0.97,20250115024856
阿森纳 vs 托特纳姆热刺,2-1,2-1,12*,0.94,1.25,0.96,20250115014356
阿森纳 vs 托特纳姆热刺,2-1,2-1,12*,0.93,1.25,0.97,20250114235019
阿森纳 vs 托特纳姆热刺,2-1,2-1,12*,0.92,1.25,0.98,20250114222352
阿森纳 vs 托特纳姆热刺,2-1,2-1,12*,0.91,1.25,0.99,20250114220913
阿森纳 vs 托特纳姆热刺,2-1,2-1,12*,0.92,1.25,0.98,20250114220409
阿森纳 vs 托特纳姆热刺,2-1,2-1,12*,0.93,1.25,0.97,20250114212409
阿森纳 vs 托特纳姆热刺,2-1,2-1,12*,0.91,1.25,0.99,20250114210423
阿森纳 vs 托特纳姆热刺,2-1,2-1,12*,0.87,1.25,1.03,20250114191022
阿森纳 vs 托特纳姆热刺,2-1,2-1,12*,0.86,1.25,1.04,20250114184758
阿森纳 vs 托特纳姆热刺,2-1,2-1,12*,0.84,1.25,1.06,20250114135317
阿森纳 vs 托特纳姆热刺,2-1,2-1,12*,0.83,1.25,1.07,20250114130449
阿森纳 vs 托特纳姆热刺,2-1,2-1,12*,0.81,1.25,1.07,20250114080202
阿森纳 vs 托特纳姆热刺,2-1,2-1,12*,0.82,1.25,1.06,20250114033932
阿森纳 vs 托特纳姆热刺,2-1,2-1,12*,0.84,1.25,1.04,20250114010605
阿森纳 vs 托特纳姆热刺,2-1,2-1,12*,0.8,1.25,1.08,20250113232820
阿森纳 vs 托特纳姆热刺,2-1,2-1,12*,0.82,1.25,1.06,20250113182322
阿森纳 vs 托特纳姆热刺,2-1,2-1,12*,0.84,1.25,1.04,20250113141605
阿森纳 vs 托特纳姆热刺,2-1,2-1,12*,0.83,1.25,1.05,20250113051516
阿森纳 vs 托特纳姆热刺,2-1,2-1,12*,0.82,1.25,1.06,20250113051300
阿森纳 vs 托特纳姆热刺,2-1,2-1,12*,0.83,1.25,1.05,20250113024410
阿森纳 vs 托特纳姆热刺,2-1,2-1,12*,0.84,1.25,1.04,20250113021650
阿森纳 vs 托特纳姆热刺,2-1,2-1,12*,0.83,1.25,1.05,20250113020827
阿森纳 vs 托特纳姆热刺,2-1,2-1,12*,1.02,1.5,0.86,20250111222346
阿森纳 vs 托特纳姆热刺,2-1,2-1,12*,1.03,1.5,0.85,20250111222110
阿森纳 vs 托特纳姆热刺,2-1,2-1,12*,1.01,1.5,0.87,20250111220754
阿森纳 vs 托特纳姆热刺,2-1,2-1,12*,1.0,1.5,0.88,20250111211256
阿森纳 vs 托特纳姆热刺,2-1,2-1,12*,1.01,1.5,0.87,20250111205919
阿森纳 vs 托特纳姆热刺,2-1,2-1,12*,1.0,1.5,0.88,20250111020016
阿森纳 vs 托特纳姆热刺,2-1,2-1,12*,1.01,1.5,0.87,20250110182639
阿森纳 vs 托特纳姆热刺,2-1,2-1,12*,1.0,1.5,0.88,20250110174839
阿森纳 vs 托特纳姆热刺,2-1,2-1,12*,0.98,1.5,0.9,20250110020224
阿森纳 vs 托特纳姆热刺,2-1,2-1,12*,0.96,1.5,0.92,20250110002607
阿森纳 vs 托特纳姆热刺,2-1,2-1,12*,0.95,1.5,0.93,20250109132224
阿森纳 vs 托特纳姆热刺,2-1,2-1,12*,0.94,1.5,0.94,20250109061205
阿森纳 vs 托特纳姆热刺,2-1,2-1,12*,0.91,1.5,0.97,20250108210021
阿森纳 vs 托特纳姆热刺,2-1,2-1,12*,0.9,1.5,0.98,20250108060252
阿森纳 vs 托特纳姆热刺,2-1,2-1,12*,0.88,1.5,1.0,20250107104349
阿森纳 vs 托特纳姆热刺,2-1,2-1,12*,0.87,1.5,1.01,20250106231527
阿森纳 vs 托特纳姆热刺,2-1,2-1,12*,0.86,1.5,1.02,20250106064511
阿森纳 vs 托特纳姆热刺,2-1,2-1,12*,0.87,1.5,1.01,20250106055718
阿森纳 vs 托特纳姆热刺,2-1,2-1,12*,0.9,1.5,0.98,20250105230137
阿森纳 vs 托特纳姆热刺,2-1,2-1,12*,0.93,1.5,0.95,20250105184624
阿森纳 vs 托特纳姆热刺,2-1,2-1,12*,0.7,1.25,1.21,20250105041447
阿森纳 vs 托特纳姆热刺,2-1,2-1,12*,0.75,1.25,1.14,20250104070319
阿森纳 vs 托特纳姆热刺,2-1,2-1,12*,0.76,1.25,1.13,20250102181037
阿森纳 vs 托特纳姆热刺,2-1,2-1,12*,0.74,1.25,1.16,20250101042621
阿森纳 vs 托特纳姆热刺,2-1,2-1,12*,0.73,1.25,1.17,20241231190243
阿森纳 vs 托特纳姆热刺,2-1,2-1,12*,0.71,1.25,1.2,20241231065826
阿森纳 vs 托特纳姆热刺,2-1,2-1,12*,0.73,1.25,1.17,20241231065646
阿森纳 vs 托特纳姆热刺,2-1,2-1,12*,0.76,1.25,1.13,20241231062546
阿森纳 vs 托特纳姆热刺,2-1,2-1,12*,0.75,1.25,1.14,20241231055950
阿森纳 vs 托特纳姆热刺,2-1,2-1,12*,0.76,1.25,1.13,20241231054655
阿森纳 vs 托特纳姆热刺,2-1,2-1,12*,0.47,1.0,1.69,20241231054226
阿森纳 vs 托特纳姆热刺,2-1,2-1,12*,0.44,1.0,1.78,20241231053724
阿森纳 vs 托特纳姆热刺,2-1,2-1,12*,0.5,1.0,1.61,20241231053545
阿森纳 vs 托特纳姆热刺,2-1,2-1,12*,0.82,1.0,1.06,20241231005728
阿森纳 vs 托特纳姆热刺,2-1,2-1,12*,0.86,1.0,1.02,20241230233730
阿森纳 vs 托特纳姆热刺,2-1,2-1,12*,1.07,1.25,0.81,20241230225553
阿森纳 vs 托特纳姆热刺,2-1,2-1,12*,0.98,1.25,0.9,20241230185010
阿森纳 vs 托特纳姆热刺,2-1,2-1,利*,0.86,1.25,1.08,20250116035938
阿森纳 vs 托特纳姆热刺,2-1,2-1,利*,0.87,1.25,1.07,20250116035157
阿森纳 vs 托特纳姆热刺,2-1,2-1,利*,0.88,1.25,1.06,20250116035040
阿森纳 vs 托特纳姆热刺,2-1,2-1,利*,0.87,1.25,1.07,20250116034929
阿森纳 vs 托特纳姆热刺,2-1,2-1,利*,0.86,1.25,1.08,20250116034806
阿森纳 vs 托特纳姆热刺,2-1,2-1,利*,1.09,1.5,0.85,20250116034002
阿森纳 vs 托特纳姆热刺,2-1,2-1,利*,1.08,1.5,0.86,20250116033021
阿森纳 vs 托特纳姆热刺,2-1,2-1,利*,1.07,1.5,0.87,20250116032306
阿森纳 vs 托特纳姆热刺,2-1,2-1,利*,1.06,1.5,0.88,20250116030524
阿森纳 vs 托特纳姆热刺,2-1,2-1,利*,1.07,1.5,0.87,20250116030345
阿森纳 vs 托特纳姆热刺,2-1,2-1,利*,1.06,1.5,0.88,20250116025742
阿森纳 vs 托特纳姆热刺,2-1,2-1,利*,1.04,1.5,0.9,20250116025427
阿森纳 vs 托特纳姆热刺,2-1,2-1,利*,1.07,1.5,0.87,20250116025244
阿森纳 vs 托特纳姆热刺,2-1,2-1,利*,0.88,1.25,1.06,20250116025117
阿森纳 vs 托特纳姆热刺,2-1,2-1,利*,0.89,1.25,1.05,20250116024942
阿森纳 vs 托特纳姆热刺,2-1,2-1,利*,0.88,1.25,1.06,20250116024810
阿森纳 vs 托特纳姆热刺,2-1,2-1,利*,0.86,1.25,1.08,20250116024508
阿森纳 vs 托特纳姆热刺,2-1,2-1,利*,0.84,1.25,1.11,20250116024333
阿森纳 vs 托特纳姆热刺,2-1,2-1,利*,1.08,1.5,0.86,20250116024159
阿森纳 vs 托特纳姆热刺,2-1,2-1,利*,1.07,1.5,0.87,20250116023111
阿森纳 vs 托特纳姆热刺,2-1,2-1,利*,1.06,1.5,0.88,20250116021759
阿森纳 vs 托特纳姆热刺,2-1,2-1,利*,1.04,1.5,0.9,20250116021331
阿森纳 vs 托特纳姆热刺,2-1,2-1,利*,1.05,1.5,0.89,20250116021203
阿森纳 vs 托特纳姆热刺,2-1,2-1,利*,1.03,1.5,0.91,20250116020727
阿森纳 vs 托特纳姆热刺,2-1,2-1,利*,1.04,1.5,0.9,20250116020307
阿森纳 vs 托特纳姆热刺,2-1,2-1,利*,1.03,1.5,0.91,20250116020140
阿森纳 vs 托特纳姆热刺,2-1,2-1,利*,1.06,1.5,0.88,20250116020011
阿森纳 vs 托特纳姆热刺,2-1,2-1,利*,1.03,1.5,0.91,20250116014151
阿森纳 vs 托特纳姆热刺,2-1,2-1,利*,1.04,1.5,0.9,20250116012923
阿森纳 vs 托特纳姆热刺,2-1,2-1,利*,1.03,1.5,0.91,20250116001749
阿森纳 vs 托特纳姆热刺,2-1,2-1,利*,1.04,1.5,0.9,20250116001621
阿森纳 vs 托特纳姆热刺,2-1,2-1,利*,1.03,1.5,0.91,20250115234922
阿森纳 vs 托特纳姆热刺,2-1,2-1,利*,1.02,1.5,0.92,20250115224435
阿森纳 vs 托特纳姆热刺,2-1,2-1,利*,1.01,1.5,0.93,20250115223230
阿森纳 vs 托特纳姆热刺,2-1,2-1,利*,1.02,1.5,0.92,20250115222028
阿森纳 vs 托特纳姆热刺,2-1,2-1,利*,1.01,1.5,0.93,20250115221143
阿森纳 vs 托特纳姆热刺,2-1,2-1,利*,1.03,1.5,0.91,20250115220543
阿森纳 vs 托特纳姆热刺,2-1,2-1,利*,1.02,1.5,0.92,20250115215631
阿森纳 vs 托特纳姆热刺,2-1,2-1,利*,1.0,1.5,0.94,20250115215457
阿森纳 vs 托特纳姆热刺,2-1,2-1,利*,1.02,1.5,0.92,20250115215153
阿森纳 vs 托特纳姆热刺,2-1,2-1,利*,1.03,1.5,0.91,20250115214135
阿森纳 vs 托特纳姆热刺,2-1,2-1,利*,1.0,1.5,0.94,20250115212346
阿森纳 vs 托特纳姆热刺,2-1,2-1,利*,0.99,1.5,0.95,20250115212212
阿森纳 vs 托特纳姆热刺,2-1,2-1,利*,0.98,1.5,0.96,20250115210450
阿森纳 vs 托特纳姆热刺,2-1,2-1,利*,0.99,1.5,0.95,20250115210312
阿森纳 vs 托特纳姆热刺,2-1,2-1,利*,0.98,1.5,0.95,20250115205428
阿森纳 vs 托特纳姆热刺,2-1,2-1,利*,0.97,1.5,0.96,20250115205304
阿森纳 vs 托特纳姆热刺,2-1,2-1,利*,0.99,1.5,0.94,20250115203850
阿森纳 vs 托特纳姆热刺,2-1,2-1,利*,1.0,1.5,0.93,20250115203720
阿森纳 vs 托特纳姆热刺,2-1,2-1,利*,1.01,1.5,0.92,20250115203555
阿森纳 vs 托特纳姆热刺,2-1,2-1,利*,1.02,1.5,0.91,20250115203427
阿森纳 vs 托特纳姆热刺,2-1,2-1,利*,1.01,1.5,0.92,20250115203147
阿森纳 vs 托特纳姆热刺,2-1,2-1,利*,0.98,1.5,0.95,20250115202558
阿森纳 vs 托特纳姆热刺,2-1,2-1,利*,0.99,1.5,0.94,20250115200022
阿森纳 vs 托特纳姆热刺,2-1,2-1,利*,0.98,1.5,0.95,20250115195042
阿森纳 vs 托特纳姆热刺,2-1,2-1,利*,0.96,1.5,0.97,20250115194917
阿森纳 vs 托特纳姆热刺,2-1,2-1,利*,0.98,1.5,0.95,20250115193625
阿森纳 vs 托特纳姆热刺,2-1,2-1,利*,0.97,1.5,0.96,20250115193211
阿森纳 vs 托特纳姆热刺,2-1,2-1,利*,1.0,1.5,0.93,20250115191640
阿森纳 vs 托特纳姆热刺,2-1,2-1,利*,0.99,1.5,0.94,20250115184858
阿森纳 vs 托特纳姆热刺,2-1,2-1,利*,0.96,1.5,0.97,20250115184019
阿森纳 vs 托特纳姆热刺,2-1,2-1,利*,0.97,1.5,0.96,20250115183014
阿森纳 vs 托特纳姆热刺,2-1,2-1,利*,0.98,1.5,0.95,20250115182853
阿森纳 vs 托特纳姆热刺,2-1,2-1,利*,0.99,1.5,0.94,20250115182728
阿森纳 vs 托特纳姆热刺,2-1,2-1,利*,1.0,1.5,0.93,20250115182604
阿森纳 vs 托特纳姆热刺,2-1,2-1,利*,1.01,1.5,0.92,20250115182434
阿森纳 vs 托特纳姆热刺,2-1,2-1,利*,0.85,1.25,1.08,20250115182141
阿森纳 vs 托特纳姆热刺,2-1,2-1,利*,0.84,1.25,1.09,20250115182018
阿森纳 vs 托特纳姆热刺,2-1,2-1,利*,0.87,1.25,1.06,20250115181300
阿森纳 vs 托特纳姆热刺,2-1,2-1,利*,1.11,1.5,0.83,20250115181136
阿森纳 vs 托特纳姆热刺,2-1,2-1,利*,1.06,1.5,0.87,20250115181009
阿森纳 vs 托特纳姆热刺,2-1,2-1,利*,1.01,1.5,0.92,20250115180024
阿森纳 vs 托特纳姆热刺,2-1,2-1,利*,1.02,1.5,0.91,20250115165142
阿森纳 vs 托特纳姆热刺,2-1,2-1,利*,1.0,1.5,0.93,20250115163022
阿森纳 vs 托特纳姆热刺,2-1,2-1,利*,1.01,1.5,0.92,20250115160118
阿森纳 vs 托特纳姆热刺,2-1,2-1,利*,1.04,1.5,0.89,20250115152839
阿森纳 vs 托特纳姆热刺,2-1,2-1,利*,1.05,1.5,0.88,20250115150050
阿森纳 vs 托特纳姆热刺,2-1,2-1,利*,1.04,1.5,0.88,20250115143220
阿森纳 vs 托特纳姆热刺,2-1,2-1,利*,1.09,1.5,0.83,20250115135448
阿森纳 vs 托特纳姆热刺,2-1,2-1,利*,0.84,1.25,1.08,20250115133123
阿森纳 vs 托特纳姆热刺,2-1,2-1,利*,0.87,1.25,1.05,20250115130909
阿森纳 vs 托特纳姆热刺,2-1,2-1,利*,0.89,1.25,1.03,20250115120729
阿森纳 vs 托特纳姆热刺,2-1,2-1,利*,0.87,1.25,1.03,20250115100621
阿森纳 vs 托特纳姆热刺,2-1,2-1,利*,0.88,1.25,1.02,20250115074744
阿森纳 vs 托特纳姆热刺,2-1,2-1,利*,0.91,1.25,0.99,20250115074632
阿森纳 vs 托特纳姆热刺,2-1,2-1,利*,0.88,1.25,1.02,20250115074522
阿森纳 vs 托特纳姆热刺,2-1,2-1,利*,0.9,1.25,1.0,20250115062951
阿森纳 vs 托特纳姆热刺,2-1,2-1,利*,0.92,1.25,0.98,20250115062731
阿森纳 vs 托特纳姆热刺,2-1,2-1,利*,0.94,1.25,0.96,20250114212254
阿森纳 vs 托特纳姆热刺,2-1,2-1,利*,0.9,1.25,1.0,20250114210440
阿森纳 vs 托特纳姆热刺,2-1,2-1,利*,0.87,1.25,1.03,20250114210309
阿森纳 vs 托特纳姆热刺,2-1,2-1,利*,0.85,1.25,1.05,20250113020827
阿森纳 vs 托特纳姆热刺,2-1,2-1,利*,1.09,1.5,0.81,20250112235351
阿森纳 vs 托特纳姆热刺,2-1,2-1,利*,1.06,1.5,0.84,20250112234433
阿森纳 vs 托特纳姆热刺,2-1,2-1,利*,1.04,1.5,0.86,20250112220750
阿森纳 vs 托特纳姆热刺,2-1,2-1,利*,0.99,1.5,0.91,20250112063849
阿森纳 vs 托特纳姆热刺,2-1,2-1,利*,0.98,1.5,0.92,20250111210658
阿森纳 vs 托特纳姆热刺,2-1,2-1,利*,1.0,1.5,0.9,20250110182539
阿森纳 vs 托特纳姆热刺,2-1,2-1,利*,0.98,1.5,0.92,20250110175004
阿森纳 vs 托特纳姆热刺,2-1,2-1,利*,0.94,1.5,0.96,20250110002633
阿森纳 vs 托特纳姆热刺,2-1,2-1,利*,0.92,1.5,0.98,20250106064558
阿森纳 vs 托特纳姆热刺,2-1,2-1,利*,0.95,1.5,0.95,20250106060009
阿森纳 vs 托特纳姆热刺,2-1,2-1,利*,0.7,1.25,1.25,20250104223027
阿森纳 vs 托特纳姆热刺,2-1,2-1,利*,0.73,1.25,1.2,20241231065713
阿森纳 vs 托特纳姆热刺,2-1,2-1,利*,0.76,1.25,1.16,20241231055338
阿森纳 vs 托特纳姆热刺,2-1,2-1,利*,0.5,1.0,1.66,20241231053820
阿森纳 vs 托特纳姆热刺,2-1,2-1,利*,0.52,1.0,1.61,20241231053606
阿森纳 vs 托特纳姆热刺,2-1,2-1,利*,0.88,1.0,1.02,20241230225926
阿森纳 vs 托特纳姆热刺,2-1,2-1,盈*,1.05,1.5,0.87,20250116035547
阿森纳 vs 托特纳姆热刺,2-1,2-1,盈*,1.06,1.5,0.86,20250116033508
阿森纳 vs 托特纳姆热刺,2-1,2-1,盈*,1.05,1.5,0.87,20250116032730
阿森纳 vs 托特纳姆热刺,2-1,2-1,盈*,1.02,1.5,0.9,20250116031840
阿森纳 vs 托特纳姆热刺,2-1,2-1,盈*,1.06,1.5,0.86,20250116031358
阿森纳 vs 托特纳姆热刺,2-1,2-1,盈*,1.08,1.5,0.84,20250116031108
阿森纳 vs 托特纳姆热刺,2-1,2-1,盈*,1.06,1.5,0.86,20250116031011
阿森纳 vs 托特纳姆热刺,2-1,2-1,盈*,1.07,1.5,0.85,20250116030528
阿森纳 vs 托特纳姆热刺,2-1,2-1,盈*,1.04,1.5,0.88,20250116030432
阿森纳 vs 托特纳姆热刺,2-1,2-1,盈*,1.05,1.5,0.87,20250116025600
阿森纳 vs 托特纳姆热刺,2-1,2-1,盈*,1.0,1.5,0.92,20250116025406
阿森纳 vs 托特纳姆热刺,2-1,2-1,盈*,1.02,1.5,0.9,20250116025308
阿森纳 vs 托特纳姆热刺,2-1,2-1,盈*,1.08,1.5,0.84,20250116025211
阿森纳 vs 托特纳姆热刺,2-1,2-1,盈*,0.84,1.25,1.08,20250116025113
阿森纳 vs 托特纳姆热刺,2-1,2-1,盈*,0.85,1.25,1.07,20250116024919
阿森纳 vs 托特纳姆热刺,2-1,2-1,盈*,0.86,1.25,1.06,20250116024727
阿森纳 vs 托特纳姆热刺,2-1,2-1,盈*,1.07,1.5,0.85,20250116024629
阿森纳 vs 托特纳姆热刺,2-1,2-1,盈*,1.05,1.5,0.87,20250116024144
阿森纳 vs 托特纳姆热刺,2-1,2-1,盈*,1.03,1.5,0.89,20250116021327
阿森纳 vs 托特纳姆热刺,2-1,2-1,盈*,1.01,1.5,0.91,20250116014235
阿森纳 vs 托特纳姆热刺,2-1,2-1,盈*,1.0,1.5,0.92,20250116013553
阿森纳 vs 托特纳姆热刺,2-1,2-1,盈*,1.03,1.5,0.89,20250116011646
阿森纳 vs 托特纳姆热刺,2-1,2-1,盈*,1.01,1.5,0.91,20250116010854
阿森纳 vs 托特纳姆热刺,2-1,2-1,盈*,1.0,1.5,0.92,20250116005056
阿森纳 vs 托特纳姆热刺,2-1,2-1,盈*,0.98,1.5,0.94,20250116001816
阿森纳 vs 托特纳姆热刺,2-1,2-1,盈*,1.01,1.5,0.91,20250115213952
阿森纳 vs 托特纳姆热刺,2-1,2-1,盈*,1.0,1.5,0.92,20250115212650
阿森纳 vs 托特纳姆热刺,2-1,2-1,盈*,0.99,1.5,0.93,20250115205654
阿森纳 vs 托特纳姆热刺,2-1,2-1,盈*,1.01,1.5,0.91,20250115200107
阿森纳 vs 托特纳姆热刺,2-1,2-1,盈*,1.0,1.5,0.9,20250115183133
阿森纳 vs 托特纳姆热刺,2-1,2-1,盈*,1.01,1.5,0.89,20250115182836
阿森纳 vs 托特纳姆热刺,2-1,2-1,盈*,1.03,1.5,0.87,20250115182540
阿森纳 vs 托特纳姆热刺,2-1,2-1,盈*,0.85,1.25,1.05,20250115181357
阿森纳 vs 托特纳姆热刺,2-1,2-1,盈*,1.04,1.5,0.86,20250115181058
阿森纳 vs 托特纳姆热刺,2-1,2-1,盈*,1.03,1.5,0.87,20250115143407
阿森纳 vs 托特纳姆热刺,2-1,2-1,盈*,1.06,1.5,0.84,20250115140449
阿森纳 vs 托特纳姆热刺,2-1,2-1,盈*,1.04,1.5,0.86,20250115140320
阿森纳 vs 托特纳姆热刺,2-1,2-1,盈*,1.05,1.5,0.85,20250115134840
阿森纳 vs 托特纳姆热刺,2-1,2-1,盈*,1.06,1.5,0.84,20250115133823
阿森纳 vs 托特纳姆热刺,2-1,2-1,盈*,0.85,1.25,1.05,20250115120009
阿森纳 vs 托特纳姆热刺,2-1,2-1,盈*,0.88,1.25,1.02,20250115082855
阿森纳 vs 托特纳姆热刺,2-1,2-1,盈*,0.89,1.25,1.01,20250115082526
阿森纳 vs 托特纳姆热刺,2-1,2-1,盈*,0.92,1.25,0.98,20250115042242
阿森纳 vs 托特纳姆热刺,2-1,2-1,盈*,0.97,1.25,0.93,20250115041925
阿森纳 vs 托特纳姆热刺,2-1,2-1,盈*,0.94,1.25,0.96,20250115040259
阿森纳 vs 托特纳姆热刺,2-1,2-1,盈*,0.92,1.25,0.96,20250114210930
阿森纳 vs 托特纳姆热刺,2-1,2-1,盈*,0.88,1.25,1.0,20250114210622
阿森纳 vs 托特纳姆热刺,2-1,2-1,盈*,0.85,1.25,1.03,20250113233017
阿森纳 vs 托特纳姆热刺,2-1,2-1,盈*,0.86,1.25,1.02,20250113210228
阿森纳 vs 托特纳姆热刺,2-1,2-1,盈*,0.88,1.25,1.0,20250113175837
阿森纳 vs 托特纳姆热刺,2-1,2-1,盈*,1.05,1.5,0.83,20250113111025
阿森纳 vs 托特纳姆热刺,2-1,2-1,盈*,0.84,1.25,1.04,20250113110408
阿森纳 vs 托特纳姆热刺,2-1,2-1,盈*,1.05,1.5,0.83,20250113105138
阿森纳 vs 托特纳姆热刺,2-1,2-1,盈*,0.85,1.25,1.03,20250113104831
阿森纳 vs 托特纳姆热刺,2-1,2-1,盈*,0.84,1.25,1.04,20250113083846
阿森纳 vs 托特纳姆热刺,2-1,2-1,盈*,1.05,1.5,0.83,20250113041725
阿森纳 vs 托特纳姆热刺,2-1,2-1,盈*,0.85,1.25,1.03,20250113040955
阿森纳 vs 托特纳姆热刺,2-1,2-1,盈*,1.05,1.5,0.83,20250113021311
阿森纳 vs 托特纳姆热刺,2-1,2-1,盈*,0.84,1.25,1.04,20250113021057
阿森纳 vs 托特纳姆热刺,2-1,2-1,盈*,1.05,1.5,0.83,20250113020009
阿森纳 vs 托特纳姆热刺,2-1,2-1,盈*,1.04,1.5,0.84,20250113010717
阿森纳 vs 托特纳姆热刺,2-1,2-1,盈*,0.85,1.25,1.03,20250113010247
阿森纳 vs 托特纳姆热刺,2-1,2-1,盈*,1.04,1.5,0.84,20250113005604
阿森纳 vs 托特纳姆热刺,2-1,2-1,盈*,0.85,1.25,1.03,20250113004235
阿森纳 vs 托特纳姆热刺,2-1,2-1,盈*,1.03,1.5,0.85,20250113002806
阿森纳 vs 托特纳姆热刺,2-1,2-1,盈*,0.85,1.25,1.03,20250113000015
阿森纳 vs 托特纳姆热刺,2-1,2-1,盈*,0.86,1.25,1.02,20250112235535
阿森纳 vs 托特纳姆热刺,2-1,2-1,盈*,1.05,1.5,0.83,20250112235048
阿森纳 vs 托特纳姆热刺,2-1,2-1,盈*,1.03,1.5,0.85,20250112220816
阿森纳 vs 托特纳姆热刺,2-1,2-1,盈*,0.99,1.5,0.89,20250112203121
阿森纳 vs 托特纳姆热刺,2-1,2-1,盈*,1.0,1.5,0.88,20250112150601
阿森纳 vs 托特纳姆热刺,2-1,2-1,盈*,0.99,1.5,0.89,20250112150300
阿森纳 vs 托特纳姆热刺,2-1,2-1,盈*,1.0,1.5,0.88,20250111205103
阿森纳 vs 托特纳姆热刺,2-1,2-1,盈*,0.99,1.5,0.89,20250111204800
阿森纳 vs 托特纳姆热刺,2-1,2-1,盈*,1.0,1.5,0.88,20250111150603
阿森纳 vs 托特纳姆热刺,2-1,2-1,盈*,0.97,1.5,0.91,20250110160019
阿森纳 vs 托特纳姆热刺,2-1,2-1,盈*,0.94,1.5,0.94,20250110155645
阿森纳 vs 托特纳姆热刺,2-1,2-1,盈*,0.97,1.5,0.91,20250110025321
阿森纳 vs 托特纳姆热刺,2-1,2-1,盈*,0.94,1.5,0.94,20250110024941
阿森纳 vs 托特纳姆热刺,2-1,2-1,盈*,0.97,1.5,0.91,20250110021917
阿森纳 vs 托特纳姆热刺,2-1,2-1,盈*,0.95,1.5,0.93,20250109191330
阿森纳 vs 托特纳姆热刺,2-1,2-1,盈*,0.93,1.5,0.95,20250109174608
阿森纳 vs 托特纳姆热刺,2-1,2-1,盈*,0.92,1.5,0.96,20250109174239
阿森纳 vs 托特纳姆热刺,2-1,2-1,盈*,0.93,1.5,0.95,20250109114642
阿森纳 vs 托特纳姆热刺,2-1,2-1,盈*,0.92,1.5,0.96,20250109114312
阿森纳 vs 托特纳姆热刺,2-1,2-1,盈*,0.93,1.5,0.95,20250109064656
阿森纳 vs 托特纳姆热刺,2-1,2-1,盈*,0.92,1.5,0.96,20250109062906
阿森纳 vs 托特纳姆热刺,2-1,2-1,盈*,0.91,1.5,0.97,20250109022231
阿森纳 vs 托特纳姆热刺,2-1,2-1,盈*,0.89,1.5,0.99,20250108185449
阿森纳 vs 托特纳姆热刺,2-1,2-1,盈*,0.91,1.5,0.97,20250108185113
阿森纳 vs 托特纳姆热刺,2-1,2-1,盈*,0.89,1.5,0.99,20250108160554
阿森纳 vs 托特纳姆热刺,2-1,2-1,盈*,0.91,1.5,0.97,20250108144657
阿森纳 vs 托特纳姆热刺,2-1,2-1,盈*,0.89,1.5,0.99,20250108125011
阿森纳 vs 托特纳姆热刺,2-1,2-1,盈*,0.91,1.5,0.97,20250108035028
阿森纳 vs 托特纳姆热刺,2-1,2-1,盈*,0.89,1.5,0.99,20250107172059
阿森纳 vs 托特纳姆热刺,2-1,2-1,盈*,0.91,1.5,0.97,20250107170547
阿森纳 vs 托特纳姆热刺,2-1,2-1,盈*,0.89,1.5,0.99,20250107002507
阿森纳 vs 托特纳姆热刺,2-1,2-1,盈*,0.91,1.5,0.97,20250107002153
阿森纳 vs 托特纳姆热刺,2-1,2-1,盈*,0.89,1.5,0.99,20250106224847
阿森纳 vs 托特纳姆热刺,2-1,2-1,盈*,0.9,1.5,0.98,20250106224018
阿森纳 vs 托特纳姆热刺,2-1,2-1,盈*,0.89,1.5,0.99,20250106192654
阿森纳 vs 托特纳姆热刺,2-1,2-1,盈*,0.91,1.5,0.97,20250106192424
阿森纳 vs 托特纳姆热刺,2-1,2-1,盈*,0.89,1.5,0.99,20250106090657
阿森纳 vs 托特纳姆热刺,2-1,2-1,盈*,0.9,1.5,0.98,20250106055713
阿森纳 vs 托特纳姆热刺,2-1,2-1,盈*,0.87,1.5,1.01,20250105034113
阿森纳 vs 托特纳姆热刺,2-1,2-1,盈*,0.89,1.5,0.99,20250105021837
阿森纳 vs 托特纳姆热刺,2-1,2-1,盈*,0.88,1.5,1.0,20250105021530
阿森纳 vs 托特纳姆热刺,2-1,2-1,盈*,0.89,1.5,0.99,20250105020301
阿森纳 vs 托特纳姆热刺,2-1,2-1,盈*,0.92,1.5,0.96,20250105015644
阿森纳 vs 托特纳姆热刺,2-1,2-1,盈*,0.95,1.5,0.93,20250104230723
阿森纳 vs 托特纳姆热刺,2-1,2-1,盈*,0.97,1.5,0.91,20250104213259
阿森纳 vs 托特纳姆热刺,2-1,2-1,盈*,0.96,1.5,0.92,20250104212409
阿森纳 vs 托特纳姆热刺,2-1,2-1,盈*,0.97,1.5,0.91,20250104211811
阿森纳 vs 托特纳姆热刺,2-1,2-1,盈*,0.93,1.5,0.95,20250104202132
阿森纳 vs 托特纳姆热刺,2-1,2-1,盈*,0.96,1.5,0.92,20250104111549
阿森纳 vs 托特纳姆热刺,2-1,2-1,盈*,0.97,1.5,0.91,20250103134929
阿森纳 vs 托特纳姆热刺,2-1,2-1,盈*,0.99,1.5,0.89,20250103100158
阿森纳 vs 托特纳姆热刺,2-1,2-1,盈*,0.95,1.5,0.93,20250103095756
阿森纳 vs 托特纳姆热刺,2-1,2-1,盈*,0.99,1.5,0.89,20250102235650
阿森纳 vs 托特纳姆热刺,2-1,2-1,盈*,0.98,1.5,0.9,20250102225407
阿森纳 vs 托特纳姆热刺,2-1,2-1,盈*,0.93,1.5,0.95,20250102181105
阿森纳 vs 托特纳姆热刺,2-1,2-1,盈*,0.92,1.5,0.96,20250102055031
阿森纳 vs 托特纳姆热刺,2-1,2-1,盈*,0.91,1.5,0.97,20250101060833
阿森纳 vs 托特纳姆热刺,2-1,2-1,盈*,0.92,1.5,0.96,20250101043413
阿森纳 vs 托特纳姆热刺,2-1,2-1,盈*,0.9,1.5,0.98,20250101042811
阿森纳 vs 托特纳姆热刺,2-1,2-1,盈*,0.88,1.5,1.0,20241231191502
阿森纳 vs 托特纳姆热刺,2-1,2-1,盈*,0.85,1.5,1.03,20241231132741
阿森纳 vs 托特纳姆热刺,2-1,2-1,盈*,0.87,1.5,1.01,20241231132203
阿森纳 vs 托特纳姆热刺,2-1,2-1,盈*,0.91,1.5,0.97,20241231131334
阿森纳 vs 托特纳姆热刺,2-1,2-1,盈*,0.93,1.5,0.95,20241231131043
阿森纳 vs 托特纳姆热刺,2-1,2-1,盈*,0.91,1.5,0.97,20241231065825
阿森纳 vs 托特纳姆热刺,2-1,2-1,盈*,0.94,1.5,0.94,20241231061929
阿森纳 vs 托特纳姆热刺,2-1,2-1,盈*,0.93,1.5,0.95,20241231061329
阿森纳 vs 托特纳姆热刺,2-1,2-1,盈*,1.03,1.5,0.85,20241231060428
阿森纳 vs 托特纳姆热刺,2-1,2-1,盈*,1.05,1.5,0.83,20241231054930
阿森纳 vs 托特纳姆热刺,2-1,2-1,盈*,1.01,1.5,0.87,20241231054032
阿森纳 vs 托特纳姆热刺,2-1,2-1,盈*,1.02,1.5,0.86,20241231053732
阿森纳 vs 托特纳姆热刺,2-1,2-1,盈*,0.99,1.25,0.89,20241230062313
阿森纳 vs 托特纳姆热刺,2-1,2-1,18*,0.81,1.25,0.99,20250116035947
阿森纳 vs 托特纳姆热刺,2-1,2-1,18*,0.83,1.25,1.01,20250116035932
阿森纳 vs 托特纳姆热刺,2-1,2-1,18*,0.84,1.25,1.01,20250116035526
阿森纳 vs 托特纳姆热刺,2-1,2-1,18*,0.82,1.25,1.03,20250116035201
阿森纳 vs 托特纳姆热刺,2-1,2-1,18*,1.04,1.5,0.81,20250116033305
阿森纳 vs 托特纳姆热刺,2-1,2-1,18*,1.02,1.5,0.83,20250116033028
阿森纳 vs 托特纳姆热刺,2-1,2-1,18*,1.01,1.5,0.84,20250116030611
阿森纳 vs 托特纳姆热刺,2-1,2-1,18*,1.0,1.5,0.84,20250116025801
阿森纳 vs 托特纳姆热刺,2-1,2-1,18*,1.04,1.5,0.82,20250116025711
阿森纳 vs 托特纳姆热刺,2-1,2-1,18*,1.02,1.5,0.83,20250116025439
阿森纳 vs 托特纳姆热刺,2-1,2-1,18*,1.03,1.5,0.83,20250116025345
阿森纳 vs 托特纳姆热刺,2-1,2-1,18*,1.05,1.5,0.81,20250116025257
阿森纳 vs 托特纳姆热刺,2-1,2-1,18*,0.83,1.25,1.02,20250116025112
阿森纳 vs 托特纳姆热刺,2-1,2-1,18*,0.84,1.25,1.01,20250116025020
阿森纳 vs 托特纳姆热刺,2-1,2-1,18*,0.84,1.25,1.0,20250116024857
阿森纳 vs 托特纳姆热刺,2-1,2-1,18*,0.84,1.25,1.01,20250116024716
阿森纳 vs 托特纳姆热刺,2-1,2-1,18*,0.83,1.25,1.02,20250116024626
阿森纳 vs 托特纳姆热刺,2-1,2-1,18*,0.8,1.25,1.05,20250116024532
阿森纳 vs 托特纳姆热刺,2-1,2-1,18*,1.06,1.5,0.8,20250116024210
阿森纳 vs 托特纳姆热刺,2-1,2-1,18*,1.04,1.5,0.82,20250116024117
阿森纳 vs 托特纳姆热刺,2-1,2-1,18*,1.01,1.5,0.84,20250116021326
阿森纳 vs 托特纳姆热刺,2-1,2-1,18*,0.97,1.5,0.87,20250116021141
阿森纳 vs 托特纳姆热刺,2-1,2-1,18*,0.98,1.5,0.86,20250116020006
阿森纳 vs 托特纳姆热刺,2-1,2-1,18*,0.99,1.5,0.86,20250116015913
阿森纳 vs 托特纳姆热刺,2-1,2-1,18*,0.98,1.5,0.86,20250116014617
阿森纳 vs 托特纳姆热刺,2-1,2-1,18*,0.98,1.5,0.87,20250116014527
阿森纳 vs 托特纳姆热刺,2-1,2-1,18*,0.98,1.5,0.86,20250116011010
阿森纳 vs 托特纳姆热刺,2-1,2-1,18*,0.99,1.5,0.86,20250116004734
阿森纳 vs 托特纳姆热刺,2-1,2-1,18*,0.98,1.5,0.86,20250116000836
阿森纳 vs 托特纳姆热刺,2-1,2-1,18*,0.98,1.5,0.87,20250115235615
阿森纳 vs 托特纳姆热刺,2-1,2-1,18*,0.97,1.5,0.87,20250115232735
阿森纳 vs 托特纳姆热刺,2-1,2-1,18*,0.96,1.5,0.88,20250115231505
阿森纳 vs 托特纳姆热刺,2-1,2-1,18*,0.97,1.5,0.88,20250115224252
阿森纳 vs 托特纳姆热刺,2-1,2-1,18*,0.96,1.5,0.88,20250115223026
阿森纳 vs 托特纳姆热刺,2-1,2-1,18*,0.97,1.5,0.87,20250115220802
阿森纳 vs 托特纳姆热刺,2-1,2-1,18*,0.96,1.5,0.88,20250115215806
阿森纳 vs 托特纳姆热刺,2-1,2-1,18*,0.97,1.5,0.88,20250115215621
阿森纳 vs 托特纳姆热刺,2-1,2-1,18*,0.96,1.5,0.88,20250115215438
阿森纳 vs 托特纳姆热刺,2-1,2-1,18*,0.97,1.5,0.87,20250115215208
阿森纳 vs 托特纳姆热刺,2-1,2-1,18*,0.96,1.5,0.88,20250115215119
阿森纳 vs 托特纳姆热刺,2-1,2-1,18*,0.97,1.5,0.88,20250115214938
阿森纳 vs 托特纳姆热刺,2-1,2-1,18*,0.96,1.5,0.88,20250115214453
阿森纳 vs 托特纳姆热刺,2-1,2-1,18*,0.95,1.5,0.89,20250115213859
阿森纳 vs 托特纳姆热刺,2-1,2-1,18*,0.94,1.5,0.9,20250115213808
阿森纳 vs 托特纳姆热刺,2-1,2-1,18*,0.94,1.5,0.91,20250115213500
阿森纳 vs 托特纳姆热刺,2-1,2-1,18*,0.93,1.5,0.91,20250115211517
阿森纳 vs 托特纳姆热刺,2-1,2-1,18*,0.93,1.5,0.92,20250115205344
阿森纳 vs 托特纳姆热刺,2-1,2-1,18*,0.93,1.5,0.91,20250115205017
阿森纳 vs 托特纳姆热刺,2-1,2-1,18*,0.93,1.5,0.92,20250115204251
阿森纳 vs 托特纳姆热刺,2-1,2-1,18*,0.93,1.5,0.91,20250115203303
阿森纳 vs 托特纳姆热刺,2-1,2-1,18*,0.93,1.5,0.92,20250115201417
阿森纳 vs 托特纳姆热刺,2-1,2-1,18*,0.93,1.5,0.91,20250115193317
阿森纳 vs 托特纳姆热刺,2-1,2-1,18*,0.94,1.5,0.9,20250115193228
阿森纳 vs 托特纳姆热刺,2-1,2-1,18*,0.94,1.5,0.91,20250115193133
阿森纳 vs 托特纳姆热刺,2-1,2-1,18*,0.95,1.5,0.89,20250115191746
阿森纳 vs 托特纳姆热刺,2-1,2-1,18*,0.94,1.5,0.9,20250115184814
阿森纳 vs 托特纳姆热刺,2-1,2-1,18*,0.93,1.5,0.92,20250115184541
阿森纳 vs 托特纳姆热刺,2-1,2-1,18*,0.92,1.5,0.92,20250115183231
阿森纳 vs 托特纳姆热刺,2-1,2-1,18*,0.94,1.5,0.9,20250115182837
阿森纳 vs 托特纳姆热刺,2-1,2-1,18*,0.96,1.5,0.89,20250115182717
阿森纳 vs 托特纳姆热刺,2-1,2-1,18*,0.98,1.5,0.86,20250115182627
阿森纳 vs 托特纳姆热刺,2-1,2-1,18*,0.98,1.5,0.87,20250115182534
阿森纳 vs 托特纳姆热刺,2-1,2-1,18*,0.99,1.5,0.85,20250115182443
阿森纳 vs 托特纳姆热刺,2-1,2-1,18*,1.01,1.5,0.84,20250115182354
阿森纳 vs 托特纳姆热刺,2-1,2-1,18*,0.83,1.25,1.02,20250115182002
阿森纳 vs 托特纳姆热刺,2-1,2-1,18*,0.84,1.25,1.01,20250115181729
阿森纳 vs 托特纳姆热刺,2-1,2-1,18*,1.01,1.5,0.84,20250115181312
阿森纳 vs 托特纳姆热刺,2-1,2-1,18*,1.03,1.5,0.82,20250115181227
阿森纳 vs 托特纳姆热刺,2-1,2-1,18*,1.01,1.5,0.84,20250115181104
阿森纳 vs 托特纳姆热刺,2-1,2-1,18*,0.98,1.5,0.86,20250115180922
阿森纳 vs 托特纳姆热刺,2-1,2-1,18*,0.95,1.5,0.89,20250115175835
阿森纳 vs 托特纳姆热刺,2-1,2-1,18*,0.96,1.5,0.88,20250115175227
阿森纳 vs 托特纳姆热刺,2-1,2-1,18*,0.97,1.5,0.87,20250115173823
阿森纳 vs 托特纳姆热刺,2-1,2-1,18*,0.97,1.5,0.88,20250115171748
阿森纳 vs 托特纳姆热刺,2-1,2-1,18*,0.98,1.5,0.87,20250115165106
阿森纳 vs 托特纳姆热刺,2-1,2-1,18*,0.97,1.5,0.88,20250115164209
阿森纳 vs 托特纳姆热刺,2-1,2-1,18*,0.98,1.5,0.87,20250115155048
阿森纳 vs 托特纳姆热刺,2-1,2-1,18*,0.97,1.5,0.87,20250115152206
阿森纳 vs 托特纳姆热刺,2-1,2-1,18*,0.98,1.5,0.87,20250115150202
阿森纳 vs 托特纳姆热刺,2-1,2-1,18*,0.98,1.5,0.86,20250115145953
阿森纳 vs 托特纳姆热刺,2-1,2-1,18*,0.97,1.5,0.87,20250115143733
阿森纳 vs 托特纳姆热刺,2-1,2-1,18*,0.99,1.5,0.86,20250115143315
阿森纳 vs 托特纳姆热刺,2-1,2-1,18*,1.0,1.5,0.84,20250115143136
阿森纳 vs 托特纳姆热刺,2-1,2-1,18*,1.03,1.5,0.82,20250115142724
阿森纳 vs 托特纳姆热刺,2-1,2-1,18*,0.82,1.25,1.04,20250115141913
阿森纳 vs 托特纳姆热刺,2-1,2-1,18*,1.04,1.5,0.81,20250115141012
阿森纳 vs 托特纳姆热刺,2-1,2-1,18*,0.81,1.25,1.04,20250115140650
阿森纳 vs 托特纳姆热刺,2-1,2-1,18*,1.04,1.5,0.82,20250115135924
阿森纳 vs 托特纳姆热刺,2-1,2-1,18*,0.81,1.25,1.04,20250115135413
阿森纳 vs 托特纳姆热刺,2-1,2-1,18*,0.82,1.25,1.04,20250115135324
阿森纳 vs 托特纳姆热刺,2-1,2-1,18*,0.82,1.25,1.03,20250115135115
阿森纳 vs 托特纳姆热刺,2-1,2-1,18*,0.83,1.25,1.02,20250115135025
阿森纳 vs 托特纳姆热刺,2-1,2-1,18*,0.82,1.25,1.04,20250115134209
阿森纳 vs 托特纳姆热刺,2-1,2-1,18*,0.82,1.25,1.03,20250115132504
阿森纳 vs 托特纳姆热刺,2-1,2-1,18*,0.84,1.25,1.01,20250115131958
阿森纳 vs 托特纳姆热刺,2-1,2-1,18*,0.85,1.25,0.99,20250115131903
阿森纳 vs 托特纳姆热刺,2-1,2-1,18*,0.86,1.25,0.99,20250115131814
阿森纳 vs 托特纳姆热刺,2-1,2-1,18*,0.86,1.25,0.98,20250115131720
阿森纳 vs 托特纳姆热刺,2-1,2-1,18*,0.88,1.25,0.97,20250115131329
阿森纳 vs 托特纳姆热刺,2-1,2-1,18*,0.87,1.25,0.98,20250115130844
阿森纳 vs 托特纳姆热刺,2-1,2-1,18*,0.86,1.25,0.98,20250115130520
阿森纳 vs 托特纳姆热刺,2-1,2-1,18*,0.86,1.25,0.99,20250115130428
阿森纳 vs 托特纳姆热刺,2-1,2-1,18*,0.86,1.25,0.98,20250115130337
阿森纳 vs 托特纳姆热刺,2-1,2-1,18*,0.86,1.25,0.97,20250115125526
阿森纳 vs 托特纳姆热刺,2-1,2-1,18*,0.85,1.25,0.97,20250115125016
阿森纳 vs 托特纳姆热刺,2-1,2-1,18*,0.85,1.25,0.98,20250115124850
阿森纳 vs 托特纳姆热刺,2-1,2-1,18*,0.85,1.25,0.97,20250115123702
阿森纳 vs 托特纳姆热刺,2-1,2-1,18*,0.85,1.25,0.98,20250115123611
阿森纳 vs 托特纳姆热刺,2-1,2-1,18*,0.86,1.25,0.97,20250115122028
阿森纳 vs 托特纳姆热刺,2-1,2-1,18*,0.85,1.25,0.97,20250115094153
阿森纳 vs 托特纳姆热刺,2-1,2-1,18*,0.86,1.25,0.97,20250115090031
阿森纳 vs 托特纳姆热刺,2-1,2-1,18*,0.87,1.25,0.96,20250115085848
阿森纳 vs 托特纳姆热刺,2-1,2-1,18*,0.86,1.25,0.96,20250115085757
阿森纳 vs 托特纳姆热刺,2-1,2-1,18*,0.87,1.25,0.96,20250115085523
阿森纳 vs 托特纳姆热刺,2-1,2-1,18*,0.86,1.25,0.97,20250115084248
阿森纳 vs 托特纳姆热刺,2-1,2-1,18*,0.87,1.25,0.96,20250115084012
阿森纳 vs 托特纳姆热刺,2-1,2-1,18*,0.86,1.25,0.97,20250115061919
阿森纳 vs 托特纳姆热刺,2-1,2-1,18*,0.88,1.25,0.95,20250115061316
阿森纳 vs 托特纳姆热刺,2-1,2-1,18*,0.87,1.25,0.95,20250115055137
阿森纳 vs 托特纳姆热刺,2-1,2-1,18*,0.86,1.25,0.97,20250115042651
阿森纳 vs 托特纳姆热刺,2-1,2-1,18*,0.89,1.25,0.94,20250115042310
阿森纳 vs 托特纳姆热刺,2-1,2-1,18*,0.9,1.25,0.93,20250115041934
阿森纳 vs 托特纳姆热刺,2-1,2-1,18*,0.91,1.25,0.91,20250115030335
阿森纳 vs 托特纳姆热刺,2-1,2-1,18*,0.9,1.25,0.9,20250115014349
阿森纳 vs 托特纳姆热刺,2-1,2-1,18*,0.89,1.25,0.91,20250115001930
阿森纳 vs 托特纳姆热刺,2-1,2-1,18*,0.9,1.25,0.91,20250114233012
阿森纳 vs 托特纳姆热刺,2-1,2-1,18*,0.87,1.25,0.94,20250114221729
阿森纳 vs 托特纳姆热刺,2-1,2-1,18*,0.88,1.25,0.93,20250114220900
阿森纳 vs 托特纳姆热刺,2-1,2-1,18*,0.89,1.25,0.92,20250114220219
阿森纳 vs 托特纳姆热刺,2-1,2-1,18*,0.9,1.25,0.91,20250114215939
阿森纳 vs 托特纳姆热刺,2-1,2-1,18*,0.88,1.25,0.93,20250114211113
阿森纳 vs 托特纳姆热刺,2-1,2-1,18*,0.86,1.25,0.94,20250114210747
阿森纳 vs 托特纳姆热刺,2-1,2-1,18*,0.86,1.25,0.95,20250114210512
阿森纳 vs 托特纳姆热刺,2-1,2-1,18*,0.85,1.25,0.96,20250114191334
阿森纳 vs 托特纳姆热刺,2-1,2-1,18*,0.84,1.25,0.97,20250114190611
阿森纳 vs 托特纳姆热刺,2-1,2-1,18*,0.82,1.25,0.99,20250114184910
阿森纳 vs 托特纳姆热刺,2-1,2-1,18*,0.81,1.25,1.0,20250114081044
阿森纳 vs 托特纳姆热刺,2-1,2-1,18*,0.82,1.25,0.99,20250114042152
阿森纳 vs 托特纳姆热刺,2-1,2-1,18*,0.84,1.25,0.97,20250114015438
阿森纳 vs 托特纳姆热刺,2-1,2-1,18*,0.82,1.25,0.99,20250114010508
阿森纳 vs 托特纳姆热刺,2-1,2-1,18*,1.0,1.5,0.81,20250113233239
阿森纳 vs 托特纳姆热刺,2-1,2-1,18*,0.83,1.25,0.98,20250113212015
阿森纳 vs 托特纳姆热刺,2-1,2-1,18*,0.82,1.25,0.99,20250113185030
阿森纳 vs 托特纳姆热刺,2-1,2-1,18*,0.84,1.25,0.97,20250113154411
阿森纳 vs 托特纳姆热刺,2-1,2-1,18*,0.83,1.25,0.98,20250113143211
阿森纳 vs 托特纳姆热刺,2-1,2-1,18*,0.82,1.25,0.99,20250113141557
阿森纳 vs 托特纳姆热刺,2-1,2-1,18*,0.81,1.25,1.0,20250113040652
阿森纳 vs 托特纳姆热刺,2-1,2-1,18*,0.8,1.25,1.01,20250113032516
阿森纳 vs 托特纳姆热刺,2-1,2-1,18*,0.78,1.25,0.99,20250113022733
阿森纳 vs 托特纳姆热刺,2-1,2-1,18*,0.97,1.5,0.8,20250113002543
阿森纳 vs 托特纳姆热刺,2-1,2-1,18*,0.95,1.5,0.81,20250113002222
阿森纳 vs 托特纳姆热刺,2-1,2-1,18*,0.97,1.5,0.8,20250113001551
阿森纳 vs 托特纳姆热刺,2-1,2-1,18*,0.96,1.5,0.81,20250111215955
阿森纳 vs 托特纳姆热刺,2-1,2-1,18*,0.95,1.5,0.81,20250111215519
阿森纳 vs 托特纳姆热刺,2-1,2-1,18*,0.94,1.5,0.83,20250111015833
阿森纳 vs 托特纳姆热刺,2-1,2-1,18*,0.95,1.5,0.82,20250110021010
阿森纳 vs 托特纳姆热刺,2-1,2-1,18*,0.94,1.5,0.83,20250110020239
阿森纳 vs 托特纳姆热刺,2-1,2-1,18*,0.93,1.5,0.84,20250110005808
阿森纳 vs 托特纳姆热刺,2-1,2-1,18*,0.92,1.5,0.85,20250109182023
阿森纳 vs 托特纳姆热刺,2-1,2-1,18*,0.9,1.5,0.87,20250109180633
阿森纳 vs 托特纳姆热刺,2-1,2-1,18*,0.92,1.5,0.85,20250109141801
阿森纳 vs 托特纳姆热刺,2-1,2-1,18*,0.9,1.5,0.87,20250109062152
阿森纳 vs 托特纳姆热刺,2-1,2-1,18*,0.89,1.5,0.88,20250109061846
阿森纳 vs 托特纳姆热刺,2-1,2-1,18*,0.87,1.5,0.9,20250109060143
阿森纳 vs 托特纳姆热刺,2-1,2-1,18*,0.84,1.5,0.93,20250108211815
阿森纳 vs 托特纳姆热刺,2-1,2-1,18*,0.83,1.5,0.93,20250108190155
阿森纳 vs 托特纳姆热刺,2-1,2-1,18*,0.83,1.5,0.94,20250107105802
阿森纳 vs 托特纳姆热刺,2-1,2-1,18*,0.82,1.5,0.95,20250106231724
阿森纳 vs 托特纳姆热刺,2-1,2-1,18*,0.81,1.5,0.95,20250106074644
阿森纳 vs 托特纳姆热刺,2-1,2-1,18*,0.82,1.5,0.95,20250105042036
阿森纳 vs 托特纳姆热刺,2-1,2-1,18*,0.82,1.5,0.94,20250105035115
阿森纳 vs 托特纳姆热刺,2-1,2-1,18*,0.83,1.5,0.94,20250105020840
阿森纳 vs 托特纳姆热刺,2-1,2-1,18*,0.85,1.5,0.92,20250105020204
阿森纳 vs 托特纳姆热刺,2-1,2-1,18*,0.88,1.5,0.89,20250105015113
阿森纳 vs 托特纳姆热刺,2-1,2-1,18*,0.89,1.5,0.88,20250105000129
阿森纳 vs 托特纳姆热刺,2-1,2-1,18*,0.9,1.5,0.87,20250104210141
阿森纳 vs 托特纳姆热刺,2-1,2-1,18*,0.89,1.5,0.88,20250104205116
阿森纳 vs 托特纳姆热刺,2-1,2-1,18*,0.88,1.5,0.89,20250104071543
阿森纳 vs 托特纳姆热刺,2-1,2-1,18*,0.89,1.5,0.88,20250102231629
阿森纳 vs 托特纳姆热刺,2-1,2-1,18*,0.88,1.5,0.89,20250102230046
阿森纳 vs 托特纳姆热刺,2-1,2-1,18*,0.87,1.5,0.9,20250102181128
阿森纳 vs 托特纳姆热刺,2-1,2-1,18*,0.86,1.5,0.91,20250102054043
阿森纳 vs 托特纳姆热刺,2-1,2-1,18*,0.85,1.5,0.92,20250101045633
阿森纳 vs 托特纳姆热刺,2-1,2-1,18*,0.83,1.5,0.94,20241231191706
阿森纳 vs 托特纳姆热刺,2-1,2-1,18*,0.81,1.5,0.96,20241231132912
阿森纳 vs 托特纳姆热刺,2-1,2-1,18*,0.86,1.5,0.9,20241231072849
阿森纳 vs 托特纳姆热刺,2-1,2-1,18*,0.88,1.5,0.88,20241231062416
阿森纳 vs 托特纳姆热刺,2-1,2-1,18*,0.8,1.25,0.97,20241231054556
阿森纳 vs 托特纳姆热刺,2-1,2-1,18*,0.93,1.25,0.83,20241229235105
阿森纳 vs 托特纳姆热刺,2-1,2-1,平*,0.85,1.25,1.09,20250116034316
阿森纳 vs 托特纳姆热刺,2-1,2-1,平*,1.08,1.5,0.85,20250116032743
阿森纳 vs 托特纳姆热刺,2-1,2-1,平*,1.07,1.5,0.86,20250116031245
阿森纳 vs 托特纳姆热刺,2-1,2-1,平*,1.06,1.5,0.87,20250116025732
阿森纳 vs 托特纳姆热刺,2-1,2-1,平*,1.08,1.5,0.85,20250116024238
阿森纳 vs 托特纳姆热刺,2-1,2-1,平*,1.02,1.5,0.91,20250116021237
阿森纳 vs 托特纳姆热刺,2-1,2-1,平*,1.03,1.5,0.9,20250116015800
阿森纳 vs 托特纳姆热刺,2-1,2-1,平*,1.02,1.5,0.9,20250116011515
阿森纳 vs 托特纳姆热刺,2-1,2-1,平*,1.03,1.5,0.89,20250116004154
阿森纳 vs 托特纳姆热刺,2-1,2-1,平*,1.02,1.5,0.9,20250115235652
阿森纳 vs 托特纳姆热刺,2-1,2-1,平*,1.01,1.5,0.92,20250115232632
阿森纳 vs 托特纳姆热刺,2-1,2-1,平*,1.0,1.5,0.92,20250115225939
阿森纳 vs 托特纳姆热刺,2-1,2-1,平*,1.0,1.5,0.93,20250115221131
阿森纳 vs 托特纳姆热刺,2-1,2-1,平*,1.0,1.5,0.92,20250115215623
阿森纳 vs 托特纳姆热刺,2-1,2-1,平*,1.02,1.5,0.91,20250115214119
阿森纳 vs 托特纳姆热刺,2-1,2-1,平*,0.98,1.5,0.94,20250115212608
阿森纳 vs 托特纳姆热刺,2-1,2-1,平*,0.97,1.5,0.95,20250115194136
阿森纳 vs 托特纳姆热刺,2-1,2-1,平*,1.0,1.5,0.93,20250115185603
阿森纳 vs 托特纳姆热刺,2-1,2-1,平*,0.96,1.5,0.96,20250115184046
阿森纳 vs 托特纳姆热刺,2-1,2-1,平*,0.98,1.5,0.94,20250115182548
阿森纳 vs 托特纳姆热刺,2-1,2-1,平*,1.08,1.5,0.85,20250115181039
阿森纳 vs 托特纳姆热刺,2-1,2-1,平*,1.02,1.5,0.91,20250115174046
阿森纳 vs 托特纳姆热刺,2-1,2-1,平*,1.01,1.5,0.91,20250115172530
阿森纳 vs 托特纳姆热刺,2-1,2-1,平*,1.0,1.5,0.9,20250115155515
阿森纳 vs 托特纳姆热刺,2-1,2-1,平*,1.0,1.5,0.91,20250115152852
阿森纳 vs 托特纳姆热刺,2-1,2-1,平*,1.01,1.5,0.89,20250115151011
阿森纳 vs 托特纳姆热刺,2-1,2-1,平*,1.0,1.5,0.91,20250115143956
阿森纳 vs 托特纳姆热刺,2-1,2-1,平*,0.85,1.25,1.07,20250115142508
阿森纳 vs 托特纳姆热刺,2-1,2-1,平*,0.84,1.25,1.08,20250115135456
阿森纳 vs 托特纳姆热刺,2-1,2-1,平*,0.85,1.25,1.06,20250115132455
阿森纳 vs 托特纳姆热刺,2-1,2-1,平*,0.88,1.25,1.03,20250115131558
阿森纳 vs 托特纳姆热刺,2-1,2-1,平*,0.87,1.25,1.04,20250115090951
阿森纳 vs 托特纳姆热刺,2-1,2-1,平*,0.88,1.25,1.03,20250115085419
阿森纳 vs 托特纳姆热刺,2-1,2-1,平*,0.9,1.25,1.01,20250115065417
阿森纳 vs 托特纳姆热刺,2-1,2-1,平*,0.89,1.25,1.01,20250115062426
阿森纳 vs 托特纳姆热刺,2-1,2-1,平*,0.93,1.25,0.98,20250115055403
阿森纳 vs 托特纳姆热刺,2-1,2-1,平*,0.88,1.25,1.03,20250115042413
阿森纳 vs 托特纳姆热刺,2-1,2-1,平*,0.97,1.25,0.93,20250115015318
阿森纳 vs 托特纳姆热刺,2-1,2-1,平*,0.94,1.25,0.96,20250115002233
阿森纳 vs 托特纳姆热刺,2-1,2-1,平*,0.95,1.25,0.95,20250114233453
阿森纳 vs 托特纳姆热刺,2-1,2-1,平*,0.92,1.25,0.98,20250114220723
阿森纳 vs 托特纳姆热刺,2-1,2-1,平*,0.95,1.25,0.95,20250114210651
阿森纳 vs 托特纳姆热刺,2-1,2-1,平*,0.91,1.25,1.0,20250114203742
阿森纳 vs 托特纳姆热刺,2-1,2-1,平*,0.92,1.25,0.99,20250114192129
阿森纳 vs 托特纳姆热刺,2-1,2-1,平*,0.89,1.25,1.01,20250114185155
阿森纳 vs 托特纳姆热刺,2-1,2-1,平*,0.85,1.25,1.06,20250114140559
阿森纳 vs 托特纳姆热刺,2-1,2-1,平*,0.85,1.25,1.07,20250114080427
阿森纳 vs 托特纳姆热刺,2-1,2-1,平*,0.85,1.25,1.06,20250114034942
阿森纳 vs 托特纳姆热刺,2-1,2-1,平*,0.9,1.25,1.01,20250114011924
阿森纳 vs 托特纳姆热刺,2-1,2-1,平*,1.04,1.5,0.87,20250113233336
阿森纳 vs 托特纳姆热刺,2-1,2-1,平*,0.85,1.25,1.06,20250113204812
阿森纳 vs 托特纳姆热刺,2-1,2-1,平*,0.86,1.25,1.05,20250113183302
阿森纳 vs 托特纳姆热刺,2-1,2-1,平*,0.89,1.25,1.01,20250113180337
阿森纳 vs 托特纳姆热刺,2-1,2-1,平*,0.9,1.25,1.01,20250113141741
阿森纳 vs 托特纳姆热刺,2-1,2-1,平*,0.87,1.25,1.04,20250113051637
阿森纳 vs 托特纳姆热刺,2-1,2-1,平*,0.83,1.25,1.03,20250113023101
阿森纳 vs 托特纳姆热刺,2-1,2-1,平*,0.82,1.25,1.04,20250113021538
阿森纳 vs 托特纳姆热刺,2-1,2-1,平*,0.82,1.25,1.05,20250113003019
阿森纳 vs 托特纳姆热刺,2-1,2-1,平*,0.83,1.25,1.04,20250113001510
阿森纳 vs 托特纳姆热刺,2-1,2-1,平*,1.04,1.5,0.83,20250111222140
阿森纳 vs 托特纳姆热刺,2-1,2-1,平*,1.03,1.5,0.83,20250111220612
阿森纳 vs 托特纳姆热刺,2-1,2-1,平*,0.99,1.5,0.86,20250111210624
阿森纳 vs 托特纳姆热刺,2-1,2-1,平*,0.97,1.5,0.88,20250111020052
阿森纳 vs 托特纳姆热刺,2-1,2-1,平*,1.0,1.5,0.85,20250110021107
阿森纳 vs 托特纳姆热刺,2-1,2-1,平*,0.96,1.5,0.89,20250109055601
阿森纳 vs 托特纳姆热刺,2-1,2-1,平*,0.89,1.5,0.96,20250108205841
阿森纳 vs 托特纳姆热刺,2-1,2-1,平*,0.88,1.5,0.98,20250108190131
阿森纳 vs 托特纳姆热刺,2-1,2-1,平*,0.86,1.5,0.99,20250106231311
阿森纳 vs 托特纳姆热刺,2-1,2-1,平*,0.85,1.5,1.01,20250105020102
阿森纳 vs 托特纳姆热刺,2-1,2-1,平*,0.83,1.5,1.02,20250105020003
阿森纳 vs 托特纳姆热刺,2-1,2-1,平*,0.9,1.5,0.94,20250105014843
阿森纳 vs 托特纳姆热刺,2-1,2-1,平*,0.94,1.5,0.91,20250104204830
阿森纳 vs 托特纳姆热刺,2-1,2-1,平*,0.92,1.5,0.93,20250102180902
阿森纳 vs 托特纳姆热刺,2-1,2-1,平*,0.9,1.5,0.95,20250102173731
阿森纳 vs 托特纳姆热刺,2-1,2-1,平*,0.89,1.5,0.96,20250102052730
阿森纳 vs 托特纳姆热刺,2-1,2-1,平*,0.88,1.5,0.97,20250101042327
阿森纳 vs 托特纳姆热刺,2-1,2-1,平*,0.85,1.5,1.0,20241231190130
阿森纳 vs 托特纳姆热刺,2-1,2-1,平*,0.83,1.5,1.04,20241231065333
阿森纳 vs 托特纳姆热刺,2-1,2-1,平*,0.88,1.5,0.96,20241231063457
阿森纳 vs 托特纳姆热刺,2-1,2-1,平*,0.87,1.5,0.94,20241231061246
阿森纳 vs 托特纳姆热刺,2-1,2-1,平*,0.85,1.5,0.97,20241231061006
阿森纳 vs 托特纳姆热刺,2-1,2-1,平*,0.9,1.5,0.92,20241231054325
阿森纳 vs 托特纳姆热刺,2-1,2-1,平*,0.85,1.5,0.97,20241231053715
阿森纳 vs 托特纳姆热刺,2-1,2-1,平*,0.83,1.5,1.0,20241231053527
阿森纳 vs 托特纳姆热刺,2-1,2-1,平*,0.99,1.75,0.83,20241231053434
阿森纳 vs 托特纳姆热刺,2-1,2-1,香港马*,0.85,1.25,0.97,20250116035339
阿森纳 vs 托特纳姆热刺,2-1,2-1,香港马*,0.82,1.25,1.01,20250116034714
阿森纳 vs 托特纳姆热刺,2-1,2-1,香港马*,0.8,1.25,1.03,20250116030244
阿森纳 vs 托特纳姆热刺,2-1,2-1,香港马*,0.77,1.25,1.07,20250116002011
阿森纳 vs 托特纳姆热刺,2-1,2-1,香港马*,0.75,1.25,1.09,20250115230654
阿森纳 vs 托特纳姆热刺,2-1,2-1,香港马*,0.73,1.25,1.12,20250115183627
阿森纳 vs 托特纳姆热刺,2-1,2-1,香港马*,0.76,1.25,1.08,20250115143306
阿森纳 vs 托特纳姆热刺,2-1,2-1,香港马*,0.87,1.25,0.95,20250115124405
阿森纳 vs 托特纳姆热刺,2-1,2-1,香港马*,0.84,1.25,0.92,20250113193152
阿森纳 vs 托特纳姆热刺,2-1,2-1,威*,0.82,1.25,1.0,20250116035238
阿森纳 vs 托特纳姆热刺,2-1,2-1,威*,0.83,1.25,1.01,20250116031953
阿森纳 vs 托特纳姆热刺,2-1,2-1,威*,0.84,1.25,1.0,20250116024937
阿森纳 vs 托特纳姆热刺,2-1,2-1,威*,1.02,1.5,0.83,20250116021806
阿森纳 vs 托特纳姆热刺,2-1,2-1,威*,1.03,1.5,0.82,20250116011024
阿森纳 vs 托特纳姆热刺,2-1,2-1,威*,1.02,1.5,0.82,20250115222553
阿森纳 vs 托特纳姆热刺,2-1,2-1,威*,1.0,1.5,0.85,20250115213948
阿森纳 vs 托特纳姆热刺,2-1,2-1,威*,1.0,1.5,0.84,20250115194827
阿森纳 vs 托特纳姆热刺,2-1,2-1,威*,0.98,1.5,0.86,20250115194222
阿森纳 vs 托特纳姆热刺,2-1,2-1,威*,0.98,1.5,0.85,20250115185941
阿森纳 vs 托特纳姆热刺,2-1,2-1,威*,1.01,1.5,0.83,20250115175856
阿森纳 vs 托特纳姆热刺,2-1,2-1,威*,1.02,1.5,0.83,20250115172210
阿森纳 vs 托特纳姆热刺,2-1,2-1,威*,1.01,1.5,0.83,20250115152548
阿森纳 vs 托特纳姆热刺,2-1,2-1,威*,0.81,1.25,1.03,20250115143650
阿森纳 vs 托特纳姆热刺,2-1,2-1,威*,1.1,1.5,0.75,20250115141823
阿森纳 vs 托特纳姆热刺,2-1,2-1,威*,0.85,1.25,0.96,20250115140604
阿森纳 vs 托特纳姆热刺,2-1,2-1,威*,0.86,1.25,0.96,20250115135337
阿森纳 vs 托特纳姆热刺,2-1,2-1,威*,0.86,1.25,0.95,20250115133453
阿森纳 vs 托特纳姆热刺,2-1,2-1,威*,0.87,1.25,0.95,20250115130947
阿森纳 vs 托特纳姆热刺,2-1,2-1,威*,0.86,1.25,0.95,20250115130329
阿森纳 vs 托特纳姆热刺,2-1,2-1,威*,0.86,1.25,0.96,20250115121318
阿森纳 vs 托特纳姆热刺,2-1,2-1,威*,0.86,1.25,0.95,20250115101432
阿森纳 vs 托特纳姆热刺,2-1,2-1,威*,0.87,1.25,0.95,20250115100151
阿森纳 vs 托特纳姆热刺,2-1,2-1,威*,0.88,1.25,0.93,20250115075409
阿森纳 vs 托特纳姆热刺,2-1,2-1,威*,0.89,1.25,0.93,20250115064511
阿森纳 vs 托特纳姆热刺,2-1,2-1,威*,0.92,1.25,0.9,20250115063248
阿森纳 vs 托特纳姆热刺,2-1,2-1,威*,0.91,1.25,0.9,20250115055508
阿森纳 vs 托特纳姆热刺,2-1,2-1,威*,0.87,1.25,0.93,20250115044001
阿森纳 vs 托特纳姆热刺,2-1,2-1,威*,0.94,1.25,0.88,20250115042732
阿森纳 vs 托特纳姆热刺,2-1,2-1,威*,0.95,1.25,0.87,20250115041454
阿森纳 vs 托特纳姆热刺,2-1,2-1,威*,0.94,1.25,0.88,20250114221716
阿森纳 vs 托特纳姆热刺,2-1,2-1,威*,0.92,1.25,0.9,20250114213011
阿森纳 vs 托特纳姆热刺,2-1,2-1,威*,0.89,1.25,0.93,20250114212047
阿森纳 vs 托特纳姆热刺,2-1,2-1,威*,0.87,1.25,0.93,20250114192106
阿森纳 vs 托特纳姆热刺,2-1,2-1,威*,0.86,1.25,0.93,20250114191156
阿森纳 vs 托特纳姆热刺,2-1,2-1,威*,0.83,1.25,0.97,20250114082326
阿森纳 vs 托特纳姆热刺,2-1,2-1,威*,0.85,1.25,0.94,20250114081525
阿森纳 vs 托特纳姆热刺,2-1,2-1,威*,0.86,1.25,0.94,20250114034634
阿森纳 vs 托特纳姆热刺,2-1,2-1,威*,0.86,1.25,0.93,20250114011227
阿森纳 vs 托特纳姆热刺,2-1,2-1,威*,0.84,1.25,0.96,20250113235116
阿森纳 vs 托特纳姆热刺,2-1,2-1,威*,0.85,1.25,0.95,20250113233635
阿森纳 vs 托特纳姆热刺,2-1,2-1,威*,0.86,1.25,0.94,20250113211538
阿森纳 vs 托特纳姆热刺,2-1,2-1,威*,0.85,1.25,0.94,20250113183012
阿森纳 vs 托特纳姆热刺,2-1,2-1,威*,0.86,1.25,0.94,20250113141707
阿森纳 vs 托特纳姆热刺,2-1,2-1,威*,0.85,1.25,0.94,20250113063547
阿森纳 vs 托特纳姆热刺,2-1,2-1,威*,0.84,1.25,0.96,20250113032105
阿森纳 vs 托特纳姆热刺,2-1,2-1,威*,0.82,1.25,0.98,20250113013835
阿森纳 vs 托特纳姆热刺,2-1,2-1,威*,0.81,1.25,0.99,20250113004908
阿森纳 vs 托特纳姆热刺,2-1,2-1,威*,0.8,1.25,1.01,20250112231208
阿森纳 vs 托特纳姆热刺,2-1,2-1,威*,1.0,1.5,0.85,20250112080903
阿森纳 vs 托特纳姆热刺,2-1,2-1,威*,0.8,1.25,1.0,20250111224524
阿森纳 vs 托特纳姆热刺,2-1,2-1,威*,0.98,1.5,0.82,20250111170723
阿森纳 vs 托特纳姆热刺,2-1,2-1,威*,1.0,1.5,0.8,20250110181526
阿森纳 vs 托特纳姆热刺,2-1,2-1,威*,0.98,1.5,0.82,20250110045648
阿森纳 vs 托特纳姆热刺,2-1,2-1,威*,0.96,1.5,0.84,20250109072505
阿森纳 vs 托特纳姆热刺,2-1,2-1,威*,0.92,1.5,0.88,20250108224922
阿森纳 vs 托特纳姆热刺,2-1,2-1,威*,1.0,1.5,0.85,20250108215733
阿森纳 vs 托特纳姆热刺,2-1,2-1,威*,0.9,1.5,0.89,20250108043408
阿森纳 vs 托特纳姆热刺,2-1,2-1,威*,0.89,1.5,0.91,20250106141139
阿森纳 vs 托特纳姆热刺,2-1,2-1,威*,0.91,1.5,0.88,20250105233421
阿森纳 vs 托特纳姆热刺,2-1,2-1,威*,0.9,1.5,0.87,20250105041642
阿森纳 vs 托特纳姆热刺,2-1,2-1,威*,0.92,1.5,0.86,20250105024218
阿森纳 vs 托特纳姆热刺,2-1,2-1,威*,0.95,1.5,0.83,20250104214021
阿森纳 vs 托特纳姆热刺,2-1,2-1,威*,0.93,1.5,0.85,20250102112342
阿森纳 vs 托特纳姆热刺,2-1,2-1,威*,0.92,1.5,0.86,20250101055054
阿森纳 vs 托特纳姆热刺,2-1,2-1,威*,0.91,1.5,0.87,20241231072803
阿森纳 vs 托特纳姆热刺,2-1,2-1,威*,0.94,1.5,0.84,20241231063424
阿森纳 vs 托特纳姆热刺,2-1,2-1,威*,1.03,1.25,0.78,20241231001609
阿森纳 vs 托特纳姆热刺,2-1,2-1,威*,1.03,1.25,0.77,20241230232230
阿森纳 vs 托特纳姆热刺,2-1,2-1,威*,0.98,1.25,0.83,20241230194008
阿森纳 vs 托特纳姆热刺,2-1,2-1,Interwet*,1.1,1.5,0.7,20250116030058
阿森纳 vs 托特纳姆热刺,2-1,2-1,Interwet*,1.0,1.5,0.75,20250116025615
阿森纳 vs 托特纳姆热刺,2-1,2-1,Interwet*,1.05,1.5,0.73,20250116025138
阿森纳 vs 托特纳姆热刺,2-1,2-1,Interwet*,1.0,1.5,0.75,20250115233801
阿森纳 vs 托特纳姆热刺,2-1,2-1,Interwet*,0.97,1.5,0.75,20250115230230
阿森纳 vs 托特纳姆热刺,2-1,2-1,Interwet*,0.97,1.5,0.77,20250115221720
阿森纳 vs 托特纳姆热刺,2-1,2-1,Interwet*,1.0,1.5,0.75,20250115215930
阿森纳 vs 托特纳姆热刺,2-1,2-1,Interwet*,0.95,1.5,0.8,20250115215037
阿森纳 vs 托特纳姆热刺,2-1,2-1,Interwet*,0.95,1.5,0.77,20250115214612
阿森纳 vs 托特纳姆热刺,2-1,2-1,Interwet*,0.9,1.5,0.83,20250115212712
阿森纳 vs 托特纳姆热刺,2-1,2-1,Interwet*,0.95,1.5,0.8,20250115211826
阿森纳 vs 托特纳姆热刺,2-1,2-1,Interwet*,0.9,1.5,0.83,20250115210538
阿森纳 vs 托特纳姆热刺,2-1,2-1,Interwet*,0.95,1.5,0.83,20250115210105
阿森纳 vs 托特纳姆热刺,2-1,2-1,Interwet*,0.95,1.5,0.8,20250115203041
阿森纳 vs 托特纳姆热刺,2-1,2-1,Interwet*,0.9,1.5,0.83,20250115194629
阿森纳 vs 托特纳姆热刺,2-1,2-1,Interwet*,0.95,1.5,0.8,20250115190724
阿森纳 vs 托特纳姆热刺,2-1,2-1,Interwet*,0.95,1.5,0.77,20250115185857
阿森纳 vs 托特纳姆热刺,2-1,2-1,Interwet*,0.9,1.5,0.83,20250115183435
阿森纳 vs 托特纳姆热刺,2-1,2-1,Interwet*,0.95,1.5,0.8,20250115183038
阿森纳 vs 托特纳姆热刺,2-1,2-1,Interwet*,1.05,1.5,0.73,20250115182226
阿森纳 vs 托特纳姆热刺,2-1,2-1,Interwet*,1.05,1.5,0.7,20250115181818
阿森纳 vs 托特纳姆热刺,2-1,2-1,Interwet*,1.05,1.5,0.73,20250115181408
阿森纳 vs 托特纳姆热刺,2-1,2-1,Interwet*,0.95,1.5,0.8,20250115174134
阿森纳 vs 托特纳姆热刺,2-1,2-1,Interwet*,0.95,1.5,0.77,20250115161756
阿森纳 vs 托特纳姆热刺,2-1,2-1,Interwet*,0.95,1.5,0.8,20250115160957
阿森纳 vs 托特纳姆热刺,2-1,2-1,Interwet*,0.97,1.5,0.77,20250115155836
阿森纳 vs 托特纳姆热刺,2-1,2-1,Interwet*,0.95,1.5,0.77,20250115150641
阿森纳 vs 托特纳姆热刺,2-1,2-1,Interwet*,0.97,1.5,0.77,20250115143625
阿森纳 vs 托特纳姆热刺,2-1,2-1,Interwet*,1.0,1.5,0.73,20250115143211
阿森纳 vs 托特纳姆热刺,2-1,2-1,Interwet*,1.05,1.5,0.73,20250115133323
阿森纳 vs 托特纳姆热刺,2-1,2-1,Interwet*,1.05,1.5,0.7,20250115132922
阿森纳 vs 托特纳姆热刺,2-1,2-1,Interwet*,1.05,1.5,0.73,20250115132149
阿森纳 vs 托特纳姆热刺,2-1,2-1,Interwet*,1.1,1.5,0.65,20250115131755
阿森纳 vs 托特纳姆热刺,2-1,2-1,Interwet*,1.05,1.5,0.7,20250115130227
阿森纳 vs 托特纳姆热刺,2-1,2-1,Interwet*,1.1,1.5,0.7,20250115124007
阿森纳 vs 托特纳姆热刺,2-1,2-1,Interwet*,1.1,1.5,0.67,20250115122052
阿森纳 vs 托特纳姆热刺,2-1,2-1,Interwet*,1.05,1.5,0.7,20250115100756
阿森纳 vs 托特纳姆热刺,2-1,2-1,Interwet*,1.1,1.5,0.7,20250115080912
阿森纳 vs 托特纳姆热刺,2-1,2-1,Interwet*,1.1,1.5,0.67,20250115055414
阿森纳 vs 托特纳姆热刺,2-1,2-1,Interwet*,1.1,1.5,0.7,20250115055048
阿森纳 vs 托特纳姆热刺,2-1,2-1,Interwet*,1.1,1.5,0.67,20250115045821
阿森纳 vs 托特纳姆热刺,2-1,2-1,Interwet*,1.05,1.5,0.73,20250115043621
阿森纳 vs 托特纳姆热刺,2-1,2-1,Interwet*,1.1,1.5,0.7,20250115042441
阿森纳 vs 托特纳姆热刺,2-1,2-1,Interwet*,1.1,1.5,0.67,20250115023843
阿森纳 vs 托特纳姆热刺,2-1,2-1,Interwet*,0.65,1.0,1.1,20250115015219
阿森纳 vs 托特纳姆热刺,2-1,2-1,Interwet*,1.1,1.5,0.67,20250115014754
阿森纳 vs 托特纳姆热刺,2-1,2-1,Interwet*,1.1,1.5,0.7,20250115002209
阿森纳 vs 托特纳姆热刺,2-1,2-1,Interwet*,1.1,1.5,0.67,20250114232659
阿森纳 vs 托特纳姆热刺,2-1,2-1,Interwet*,1.1,1.5,0.7,20250114222422
阿森纳 vs 托特纳姆热刺,2-1,2-1,Interwet*,1.05,1.5,0.7,20250114221424
阿森纳 vs 托特纳姆热刺,2-1,2-1,Interwet*,1.1,1.5,0.67,20250114212558
阿森纳 vs 托特纳姆热刺,2-1,2-1,Interwet*,1.1,1.5,0.7,20250114211153
阿森纳 vs 托特纳姆热刺,2-1,2-1,Interwet*,1.05,1.5,0.7,20250114194849
阿森纳 vs 托特纳姆热刺,2-1,2-1,Interwet*,1.0,1.5,0.75,20250114191836
阿森纳 vs 托特纳姆热刺,2-1,2-1,Interwet*,1.05,1.5,0.73,20250114131219
阿森纳 vs 托特纳姆热刺,2-1,2-1,Interwet*,0.97,1.5,0.77,20250114080649
阿森纳 vs 托特纳姆热刺,2-1,2-1,Interwet*,1.0,1.5,0.75,20250114035714
阿森纳 vs 托特纳姆热刺,2-1,2-1,Interwet*,1.05,1.5,0.73,20250114014725
阿森纳 vs 托特纳姆热刺,2-1,2-1,Interwet*,1.0,1.5,0.75,20250114013854
阿森纳 vs 托特纳姆热刺,2-1,2-1,Interwet*,1.0,1.5,0.73,20250114011045
阿森纳 vs 托特纳姆热刺,2-1,2-1,Interwet*,0.97,1.5,0.75,20250114004947
阿森纳 vs 托特纳姆热刺,2-1,2-1,Interwet*,1.0,1.5,0.75,20250113233707
阿森纳 vs 托特纳姆热刺,2-1,2-1,Interwet*,1.05,1.5,0.73,20250113233347
阿森纳 vs 托特纳姆热刺,2-1,2-1,Interwet*,1.0,1.5,0.73,20250113232953
阿森纳 vs 托特纳姆热刺,2-1,2-1,Interwet*,1.05,1.5,0.73,20250113210404
阿森纳 vs 托特纳姆热刺,2-1,2-1,Interwet*,1.0,1.5,0.75,20250113182750
阿森纳 vs 托特纳姆热刺,2-1,2-1,Interwet*,1.0,1.5,0.73,20250113175800
阿森纳 vs 托特纳姆热刺,2-1,2-1,Interwet*,1.05,1.5,0.73,20250113141956
阿森纳 vs 托特纳姆热刺,2-1,2-1,Interwet*,0.97,1.5,0.77,20250113111209
阿森纳 vs 托特纳姆热刺,2-1,2-1,Interwet*,1.05,1.5,0.73,20250113071356
阿森纳 vs 托特纳姆热刺,2-1,2-1,Interwet*,1.0,1.5,0.73,20250113062836
阿森纳 vs 托特纳姆热刺,2-1,2-1,Interwet*,1.0,1.5,0.75,20250113025758
阿森纳 vs 托特纳姆热刺,2-1,2-1,Interwet*,1.05,1.5,0.73,20250113021452
阿森纳 vs 托特纳姆热刺,2-1,2-1,Interwet*,1.0,1.5,0.75,20250113021114
阿森纳 vs 托特纳姆热刺,2-1,2-1,Interwet*,0.97,1.5,0.75,20250113020346
阿森纳 vs 托特纳姆热刺,2-1,2-1,Interwet*,0.97,1.5,0.77,20250113012635
阿森纳 vs 托特纳姆热刺,2-1,2-1,Interwet*,0.95,1.5,0.77,20250113003234
阿森纳 vs 托特纳姆热刺,2-1,2-1,Interwet*,0.95,1.5,0.8,20250113000813
阿森纳 vs 托特纳姆热刺,2-1,2-1,Interwet*,0.95,1.5,0.77,20250112231450
阿森纳 vs 托特纳姆热刺,2-1,2-1,Interwet*,0.95,1.5,0.8,20250112010331
阿森纳 vs 托特纳姆热刺,2-1,2-1,Interwet*,0.95,1.5,0.77,20250111223106
阿森纳 vs 托特纳姆热刺,2-1,2-1,Interwet*,0.97,1.5,0.77,20250111220542
阿森纳 vs 托特纳姆热刺,2-1,2-1,Interwet*,0.95,1.5,0.83,20250111211032
阿森纳 vs 托特纳姆热刺,2-1,2-1,Interwet*,0.95,1.5,0.8,20250111210504
阿森纳 vs 托特纳姆热刺,2-1,2-1,Interwet*,0.95,1.5,0.83,20250111021759
阿森纳 vs 托特纳姆热刺,2-1,2-1,Interwet*,0.95,1.5,0.8,20250110020751
阿森纳 vs 托特纳姆热刺,2-1,2-1,Interwet*,0.95,1.5,0.83,20250110005239
阿森纳 vs 托特纳姆热刺,2-1,2-1,Interwet*,0.9,1.5,0.83,20250109065250
阿森纳 vs 托特纳姆热刺,2-1,2-1,Interwet*,0.9,1.5,0.85,20250109062248
阿森纳 vs 托特纳姆热刺,2-1,2-1,Interwet*,0.85,1.5,0.9,20250109060216
阿森纳 vs 托特纳姆热刺,2-1,2-1,Interwet*,0.9,1.5,0.85,20250108210158
阿森纳 vs 托特纳姆热刺,2-1,2-1,Interwet*,0.83,1.5,0.9,20250107104845
阿森纳 vs 托特纳姆热刺,2-1,2-1,Interwet*,0.8,1.5,0.95,20250106231721
阿森纳 vs 托特纳姆热刺,2-1,2-1,Interwet*,0.83,1.5,0.9,20250106071759
阿森纳 vs 托特纳姆热刺,2-1,2-1,Interwet*,0.8,1.5,0.95,20250105230319
阿森纳 vs 托特纳姆热刺,2-1,2-1,Interwet*,0.83,1.5,0.9,20250105224557
阿森纳 vs 托特纳姆热刺,2-1,2-1,Interwet*,0.85,1.5,0.9,20250105185720
阿森纳 vs 托特纳姆热刺,2-1,2-1,Interwet*,0.83,1.5,0.9,20250105185210
阿森纳 vs 托特纳姆热刺,2-1,2-1,Interwet*,0.8,1.5,0.95,20250105041807
阿森纳 vs 托特纳姆热刺,2-1,2-1,Interwet*,0.83,1.5,0.9,20250105034357
阿森纳 vs 托特纳姆热刺,2-1,2-1,Interwet*,0.85,1.5,0.9,20250105015940
阿森纳 vs 托特纳姆热刺,2-1,2-1,Interwet*,0.9,1.5,0.85,20250104233826
阿森纳 vs 托特纳姆热刺,2-1,2-1,Interwet*,0.9,1.5,0.83,20250104205502
阿森纳 vs 托特纳姆热刺,2-1,2-1,Interwet*,0.9,1.5,0.85,20250104070520
阿森纳 vs 托特纳姆热刺,2-1,2-1,Interwet*,0.9,1.5,0.83,20250102230028
阿森纳 vs 托特纳姆热刺,2-1,2-1,Interwet*,0.9,1.5,0.85,20250102053302
阿森纳 vs 托特纳姆热刺,2-1,2-1,Interwet*,0.85,1.5,0.9,20250101042859
阿森纳 vs 托特纳姆热刺,2-1,2-1,Interwet*,0.83,1.5,0.9,20241231190538
阿森纳 vs 托特纳姆热刺,2-1,2-1,Interwet*,0.8,1.5,0.95,20241231132117
阿森纳 vs 托特纳姆热刺,2-1,2-1,Interwet*,0.9,1.5,0.83,20241231061230
阿森纳 vs 托特纳姆热刺,2-1,2-1,Interwet*,0.67,1.0,1.1,20241231055354
阿森纳 vs 托特纳姆热刺,2-1,2-1,Interwet*,1.1,1.5,0.67,20241231054313
阿森纳 vs 托特纳姆热刺,2-1,2-1,Interwet*,1.0,1.5,0.73,20241231053946
阿森纳 vs 托特纳姆热刺,2-1,2-1,Interwet*,1.05,1.5,0.7,20241231053657
阿森纳 vs 托特纳姆热刺,2-1,2-1,Interwet*,0.7,1.0,1.05,20241231001539
阿森纳 vs 托特纳姆热刺,2-1,2-1,Interwet*,0.73,1.0,1.05,20241230234536
阿森纳 vs 托特纳姆热刺,2-1,2-1,Interwet*,0.7,1.0,1.05,20241230230019
阿森纳 vs 托特纳姆热刺,2-1,2-1,Interwet*,0.65,1.0,1.15,20241230185756
阿森纳 vs 托特纳姆热刺,2-1,2-1,Interwet*,0.65,1.0,1.1,20241230183610
阿森纳 vs 托特纳姆热刺,2-1,2-1,Interwet*,0.67,1.0,1.1,20241229234305
